date,etf_isin,ticker,description,weight,market_value
2026-05-28,IE000EGGFVG6,AAON,AAON INC,0.0001382203,203147.28
2026-05-28,IE000EGGFVG6,AIR,AAR CORP,7.79121e-05,114510.12
2026-05-28,IE000EGGFVG6,ACCO,ACCO BRANDS CORP,3.7889e-06,5568.75
2026-05-28,IE000EGGFVG6,ACNB,ACNB CORP,1.96568e-05,28890.3
2026-05-28,IE000EGGFVG6,ADMA,ADMA BIOLOGICS INC,4.37254e-05,64264.72
2026-05-28,IE000EGGFVG6,ADT,ADT INC,0.0001804234,265174.59
2026-05-28,IE000EGGFVG6,ABSI,ABSCI CORP,8.4391e-06,12403.2
2026-05-28,IE000EGGFVG6,ACVA,ACV AUCTIONS INC A,1.00291e-05,14740.16
2026-05-28,IE000EGGFVG6,ABM,ABM INDUSTRIES INC,7.42272e-05,109094.37
2026-05-28,IE000EGGFVG6,AFL,AFLAC INC,0.0004834766,710582.67
2026-05-28,IE000EGGFVG6,AGCO,AGCO CORP,0.0001362037,200183.46
2026-05-28,IE000EGGFVG6,ACMR,ACM RESEARCH INC CLASS A,0.0001439273,211535.08
2026-05-28,IE000EGGFVG6,AES,AES CORP,0.0001127635,165732.58
2026-05-28,IE000EGGFVG6,AMCX,AMC GLOBALMEDIA INC,2.9027e-06,4266.22
2026-05-28,IE000EGGFVG6,AMN,AMN HEALTHCARE SERVICES INC,2.68898e-05,39520.95
2026-05-28,IE000EGGFVG6,GOLD,GOLD.COM INC,9.7623e-06,14348.05
2026-05-28,IE000EGGFVG6,ANIP,ANI PHARMACEUTICALS INC,4.54187e-05,66753.53
2026-05-28,IE000EGGFVG6,ANGI,ANGI INC,2.2449e-06,3299.4
2026-05-28,IE000EGGFVG6,APG,API GROUPCORP,0.0003531824,519084.72
2026-05-28,IE000EGGFVG6,EFOR,EVERFORTHINC,8.2335e-06,12101.1
2026-05-28,IE000EGGFVG6,T,AT+T INC,0.0012253659,1800963.68
2026-05-28,IE000EGGFVG6,ATEN,A10 NETWORKS INC,2.7594e-05,40555.88
2026-05-28,IE000EGGFVG6,ATNI,ATN INTERNATIONAL INC,4.0062e-06,5888.12
2026-05-28,IE000EGGFVG6,ASTS,AST SPACEMOBILE INC,0.0002618813,384896.28
2026-05-28,IE000EGGFVG6,ATS,ATS CORP,4.01873e-05,59064.63
2026-05-28,IE000EGGFVG6,AXTI,AXT INC,4.97521e-05,73122.4
2026-05-28,IE000EGGFVG6,AZZ,AZZ INC,7.77162e-05,114222.25
2026-05-28,IE000EGGFVG6,ABT,ABBOTT LABORATORIES,0.0009882835,1452515.3
2026-05-28,IE000EGGFVG6,ABBV,ABBVIE INC,0.0018109393,2661601.62
2026-05-28,IE000EGGFVG6,ANF,ABERCROMBIE + FITCH CO CL A,0.0001331332,195670.58
2026-05-28,IE000EGGFVG6,ACTG,ACACIA RESEARCH CORP,1.42209e-05,20900.9
2026-05-28,IE000EGGFVG6,ASO,ACADEMY SPORTS + OUTDOORS IN,7.87945e-05,115807.12
2026-05-28,IE000EGGFVG6,ACHC,ACADIA HEALTHCARE CO INC,4.81914e-05,70828.56
2026-05-28,IE000EGGFVG6,ACAD,ACADIA PHARMACEUTICALS INC,8.94348e-05,131445.51
2026-05-28,IE000EGGFVG6,AKR,ACADIA REALTY TRUST,1.18022e-05,17346.12
2026-05-28,IE000EGGFVG6,ACIW,ACI WORLDWIDE INC,8.58538e-05,126182.4
2026-05-28,IE000EGGFVG6,ACRS,ACLARIS THERAPEUTICS INC,4.5677e-06,6713.33
2026-05-28,IE000EGGFVG6,ACU,ACME UNITED CORP,1.5008e-06,2205.84
2026-05-28,IE000EGGFVG6,ADTN,ADTRAN HOLDINGS INC,2.94714e-05,43315.2
2026-05-28,IE000EGGFVG6,ACRV,ACRIVON THERAPEUTICS INC,4.736e-07,696.01
2026-05-28,IE000EGGFVG6,AYI,ACUITY INC,0.0001599898,235142.73
2026-05-28,IE000EGGFVG6,GOLF,ACUSHNET HOLDINGS CORP,0.000125149,183935.98
2026-05-28,IE000EGGFVG6,AHCO,ADAPTHEALTH CORP,2.86824e-05,42155.55
2026-05-28,IE000EGGFVG6,ADUS,ADDUS HOMECARE CORP,2.97823e-05,43772.04
2026-05-28,IE000EGGFVG6,ADEA,ADEIA INC,7.72286e-05,113505.6
2026-05-28,IE000EGGFVG6,ADBE,ADOBE INC,0.0011417075,1678008.0
2026-05-28,IE000EGGFVG6,CVSA,COVISTA INC,0.0001143113,168007.31
2026-05-28,IE000EGGFVG6,AAP,ADVANCE AUTO PARTS INC,0.0001728921,254105.7
2026-05-28,IE000EGGFVG6,ACM,AECOM,0.0002109124,309985.38
2026-05-28,IE000EGGFVG6,AEG,AEGON LTDNY REG SHR,0.0002456153,360989.46
2026-05-28,IE000EGGFVG6,ARQ,ARQ INC,1.0834e-06,1592.25
2026-05-28,IE000EGGFVG6,ASIX,ADVANSIX INC,2.10245e-05,30900.4
2026-05-28,IE000EGGFVG6,AMD,ADVANCED MICRO DEVICES,0.0032395267,4761247.1
2026-05-28,IE000EGGFVG6,WMS,ADVANCED DRAINAGE SYSTEMS IN,0.0002624266,385697.7
2026-05-28,IE000EGGFVG6,AEIS,ADVANCED ENERGY INDUSTRIES,0.0001779851,261591.0
2026-05-28,IE000EGGFVG6,ASLE,AERSALE CORP,2.8872e-06,4243.42
2026-05-28,IE000EGGFVG6,AMG,AFFILIATEDMANAGERS GROUP,0.0001424374,209345.36
2026-05-28,IE000EGGFVG6,AFRM,AFFIRM HOLDINGS INC,0.0003449995,507058.0
2026-05-28,IE000EGGFVG6,AFBI,AFFINITY BANCSHARES INC,1.2701e-06,1866.67
2026-05-28,IE000EGGFVG6,A,AGILENT TECHNOLOGIES INC,0.0005949502,874419.42
2026-05-28,IE000EGGFVG6,AEM,AGNICO EAGLE MINES LTD,0.0006043593,888248.27
2026-05-28,IE000EGGFVG6,AGYS,AGILYSYS INC,3.40096e-05,49985.1
2026-05-28,IE000EGGFVG6,AGIO,AGIOS PHARMACEUTICALS INC,5.15784e-05,75806.64
2026-05-28,IE000EGGFVG6,ADC,AGREE REALTY CORP,7.38533e-05,108544.8
2026-05-28,IE000EGGFVG6,ABNB,AIRBNB INCCLASS A,0.0004541794,667523.5
2026-05-28,IE000EGGFVG6,APD,AIR PRODUCTS + CHEMICALS INC,0.0006409328,942001.65
2026-05-28,IE000EGGFVG6,AIRG,AIRGAIN INC,8.09e-07,1189.0
2026-05-28,IE000EGGFVG6,AIRS,AIRSCULPTTECHNOLOGIES INC,2.8723e-06,4221.48
2026-05-28,IE000EGGFVG6,AKAM,AKAMAI TECHNOLOGIES INC,0.0004366738,641794.92
2026-05-28,IE000EGGFVG6,AKBA,AKEBIA THERAPEUTICS INC,5.43e-08,79.8
2026-05-28,IE000EGGFVG6,ALG,ALAMO GROUP INC,2.80116e-05,41169.6
2026-05-28,IE000EGGFVG6,AGI,ALAMOS GOLD INC CLASS A,0.0001762049,258974.56
2026-05-28,IE000EGGFVG6,ALRM,ALARM.COMHOLDINGS INC,4.21276e-05,61916.4
2026-05-28,IE000EGGFVG6,ALK,ALASKA AIRGROUP INC,6.78371e-05,99702.6
2026-05-28,IE000EGGFVG6,AIN,ALBANY INTL CORP CL A,3.03561e-05,44615.4
2026-05-28,IE000EGGFVG6,ALB,ALBEMARLECORP,0.0009230274,1356606.08
2026-05-28,IE000EGGFVG6,ACI,ALBERTSONSCOS INC   CLASS A,0.0002389621,351211.12
2026-05-28,IE000EGGFVG6,AA,ALCOA CORP,0.0003876358,569722.04
2026-05-28,IE000EGGFVG6,ALRS,ALERUS FINANCIAL CORP,2.06466e-05,30345.0
2026-05-28,IE000EGGFVG6,ALX,ALEXANDERS INC,1.4785e-05,21729.99
2026-05-28,IE000EGGFVG6,ARE,ALEXANDRIAREAL ESTATE EQUIT,5.61999e-05,82599.0
2026-05-28,IE000EGGFVG6,ASTL,ALGOMA STEEL GROUP INC,4.2445e-06,6238.32
2026-05-28,IE000EGGFVG6,AQN,ALGONQUINPOWER + UTILITIES,4.42893e-05,65093.61
2026-05-28,IE000EGGFVG6,ALCO,ALICO INC,2.9514e-06,4337.84
2026-05-28,IE000EGGFVG6,ALGN,ALIGN TECHNOLOGY INC,0.0002220828,326403.0
2026-05-28,IE000EGGFVG6,ALHC,ALIGNMENTHEALTHCARE INC,3.62478e-05,53274.67
2026-05-28,IE000EGGFVG6,ALGS,ALIGOS THERAPEUTICS INC,3.27e-07,480.57
2026-05-28,IE000EGGFVG6,ALIT,ALIGHT INCCLASS A,8.23e-08,120.99
2026-05-28,IE000EGGFVG6,ATI,ATI INC,0.0003990192,586452.67
2026-05-28,IE000EGGFVG6,ALGT,ALLEGIANTTRAVEL CO,4.69782e-05,69045.53
2026-05-28,IE000EGGFVG6,ALGM,ALLEGRO MICROSYSTEMS INC,0.0001154303,169652.0
2026-05-28,IE000EGGFVG6,BFH,BREAD FINANCIAL HOLDINGS INC,0.0001559463,229199.86
2026-05-28,IE000EGGFVG6,LNT,ALLIANT ENERGY CORP,0.0002914327,428328.95
2026-05-28,IE000EGGFVG6,ALNT,ALLIENT INC,2.84711e-05,41844.99
2026-05-28,IE000EGGFVG6,ALSN,ALLISON TRANSMISSION HOLDING,0.0001199512,176296.56
2026-05-28,IE000EGGFVG6,ALL,ALLSTATE CORP,0.0008887848,1306278.56
2026-05-28,IE000EGGFVG6,ALLY,ALLY FINANCIAL INC,0.0002885298,424062.4
2026-05-28,IE000EGGFVG6,ALNY,ALNYLAM PHARMACEUTICALS INC,0.0004761453,699807.64
2026-05-28,IE000EGGFVG6,AMR,ALPHA METALLURGICAL RESOURCE,0.0001045526,153664.68
2026-05-28,IE000EGGFVG6,GOOG,ALPHABET INC CL C,0.0061940068,9103551.24
2026-05-28,IE000EGGFVG6,GOOGL,ALPHABET INC CL A,0.0077721515,11423006.4
2026-05-28,IE000EGGFVG6,TKNO,ALPHA TEKNOVA INC,1.3792e-06,2027.1
2026-05-28,IE000EGGFVG6,PINE,ALPINE INCOME PROPERTY TRUST,1.108e-06,1628.46
2026-05-28,IE000EGGFVG6,ALTG,ALTA EQUIPMENT GROUP INC,2.9517e-06,4338.18
2026-05-28,IE000EGGFVG6,ALTO,ALTO INGREDIENTS INC,3.715e-06,5460.08
2026-05-28,IE000EGGFVG6,ALT,ALTIMMUNEINC,3.1896e-06,4687.89
2026-05-28,IE000EGGFVG6,OPTU,OPTIMUM COMMUNICATIONS INC A,1.48e-08,21.77
2026-05-28,IE000EGGFVG6,OKLO,OKLO INC,2.24691e-05,33023.65
2026-05-28,IE000EGGFVG6,ALTI,ALTI GLOBAL INC,3.1493e-06,4628.7
2026-05-28,IE000EGGFVG6,ANRO,ALTO NEUROSCIENCE INC,5.7919e-06,8512.62
2026-05-28,IE000EGGFVG6,MO,ALTRIA GROUP INC,0.0010115319,1486684.29
2026-05-28,IE000EGGFVG6,KNTK,KINETIK HOLDINGS INC,4.77273e-05,70146.56
2026-05-28,IE000EGGFVG6,AMAL,AMALGAMATED FINANCIAL CORP,2.68738e-05,39497.38
2026-05-28,IE000EGGFVG6,AMZN,AMAZON.COMINC,0.0248896444,36581192.0
2026-05-28,IE000EGGFVG6,OSG,OCTAVE SPECIALTY GROUP INC,2.4488e-06,3599.04
2026-05-28,IE000EGGFVG6,DIT,AMCON DISTRIBUTING CO,5.706e-07,838.56
2026-05-28,IE000EGGFVG6,AMTB,AMERANT BANCORP INC,1.68179e-05,24717.86
2026-05-28,IE000EGGFVG6,UHAL,U HAUL HOLDING CO,1.89637e-05,27871.6
2026-05-28,IE000EGGFVG6,UHAL/B,U HAUL HOLDING CO NON VOTING,0.0001382563,203200.15
2026-05-28,IE000EGGFVG6,AEE,AMEREN CORPORATION,0.0002969062,436373.58
2026-05-28,IE000EGGFVG6,AMRC,AMERESCO INC CL A,3.13428e-05,46065.6
2026-05-28,IE000EGGFVG6,AAL,AMERICAN AIRLINES GROUP INC,0.0001472441,216409.8
2026-05-28,IE000EGGFVG6,AMTM,AMENTUM HOLDINGS INC,0.0001382969,203259.84
2026-05-28,IE000EGGFVG6,AAT,AMERICAN ASSETS TRUST INC,6.1854e-06,9090.93
2026-05-28,IE000EGGFVG6,DCH,DAUCH CORPORATION,1.80151e-05,26477.47
2026-05-28,IE000EGGFVG6,ABAT,AMERICAN BATTERY TECHNOLOGY,9.9048e-06,14557.39
2026-05-28,IE000EGGFVG6,AEP,AMERICAN ELECTRIC POWER,0.0006617769,972636.88
2026-05-28,IE000EGGFVG6,AEO,AMERICAN EAGLE OUTFITTERS,0.0001122213,164935.68
2026-05-28,IE000EGGFVG6,AXP,AMERICAN EXPRESS CO,0.0019200052,2821899.6
2026-05-28,IE000EGGFVG6,AFG,AMERICAN FINANCIAL GROUP INC,0.0001956107,287496.0
2026-05-28,IE000EGGFVG6,AMH,AMERICAN HOMES 4 RENT  A,7.97935e-05,117275.34
2026-05-28,IE000EGGFVG6,AIG,AMERICAN INTERNATIONAL GROUP,0.0010130346,1488892.8
2026-05-28,IE000EGGFVG6,AOUT,AMERICAN OUTDOOR BRANDS INC,1.1995e-06,1763.01
2026-05-28,IE000EGGFVG6,APEI,AMERICAN PUBLIC EDUCATION,2.23381e-05,32831.12
2026-05-28,IE000EGGFVG6,AWR,AMERICAN STATES WATER CO,2.33339e-05,34294.62
2026-05-28,IE000EGGFVG6,AMSC,AMERICAN SUPERCONDUCTOR CORP,2.57045e-05,37778.88
2026-05-28,IE000EGGFVG6,AMT,AMERICAN TOWER CORP,0.0008797132,1292945.68
2026-05-28,IE000EGGFVG6,AVD,AMERICAN VANGUARD CORP,7.144e-07,1049.92
2026-05-28,IE000EGGFVG6,AWK,AMERICAN WATER WORKS CO INC,0.0002079492,305630.3
2026-05-28,IE000EGGFVG6,AMWL,AMERICAN WELL CORP CLASS A,1.2809e-06,1882.54
2026-05-28,IE000EGGFVG6,USAS,AMERICAS GOLD AND SILVER COR,1.28932e-05,18949.62
2026-05-28,IE000EGGFVG6,CRMT,AMERICA SCAR MART INC,9.872e-07,1450.92
2026-05-28,IE000EGGFVG6,COLD,AMERICOLDREALTY TRUST INC,9.20587e-05,135301.98
2026-05-28,IE000EGGFVG6,AMSF,AMERISAFEINC,5.7804e-06,8495.68
2026-05-28,IE000EGGFVG6,COR,CENCORA INC,0.0007369725,1083154.66
2026-05-28,IE000EGGFVG6,ASRV,AMERISERVFINANCIAL INC,5.781e-07,849.63
2026-05-28,IE000EGGFVG6,AMP,AMERIPRISEFINANCIAL INC,0.0009651508,1418516.25
2026-05-28,IE000EGGFVG6,ABCB,AMERIS BANCORP,0.0002450678,360184.77
2026-05-28,IE000EGGFVG6,ATLO,AMES NATIONAL CORP,2.3669e-06,3478.75
2026-05-28,IE000EGGFVG6,AME,AMETEK INC,0.0004063432,597217.05
2026-05-28,IE000EGGFVG6,AMGN,AMGEN INC,0.0015080223,2216393.76
2026-05-28,IE000EGGFVG6,AMKR,AMKOR TECHNOLOGY INC,0.0003784153,556170.4
2026-05-28,IE000EGGFVG6,AMRX,AMNEAL PHARMACEUTICALS INC,7.53702e-05,110774.3
2026-05-28,IE000EGGFVG6,APH,AMPHENOL CORP CL A,0.0013059473,1919396.96
2026-05-28,IE000EGGFVG6,AMPH,AMPHASTARPHARMACEUTICALS IN,9.1265e-06,13413.5
2026-05-28,IE000EGGFVG6,AMPY,AMPLIFY ENERGY CORP,1.7482e-06,2569.32
2026-05-28,IE000EGGFVG6,AXR,AMREP CORP,1.3237e-06,1945.44
2026-05-28,IE000EGGFVG6,ASYS,AMTECH SYSTEMS INC,2.8391e-06,4172.66
2026-05-28,IE000EGGFVG6,AMLX,AMYLYX PHARMACEUTICALS INC,1.76379e-05,25923.06
2026-05-28,IE000EGGFVG6,ADI,ANALOG DEVICES INC,0.0014260308,2095888.02
2026-05-28,IE000EGGFVG6,AVXL,ANAVEX LIFE SCIENCES CORP,2.3284e-06,3422.16
2026-05-28,IE000EGGFVG6,ANDE,ANDERSONSINC/THE,5.94788e-05,87418.08
2026-05-28,IE000EGGFVG6,ANGO,ANGIODYNAMICS INC,2.09451e-05,30783.69
2026-05-28,IE000EGGFVG6,ANIK,ANIKA THERAPEUTICS INC,1.987e-06,2920.4
2026-05-28,IE000EGGFVG6,ANNX,ANNEXON INC,1.61239e-05,23697.81
2026-05-28,IE000EGGFVG6,AR,ANTERO RESOURCES CORP,0.0002546379,374250.31
2026-05-28,IE000EGGFVG6,ELV,ELEVANCE HEALTH INC,0.0008147689,1197494.75
2026-05-28,IE000EGGFVG6,AM,ANTERO MIDSTREAM CORP,0.0001897256,278846.48
2026-05-28,IE000EGGFVG6,ATEX,ANTERIX INC,1.23023e-05,18081.12
2026-05-28,IE000EGGFVG6,APA,APA CORP,0.0004749506,698051.77
2026-05-28,IE000EGGFVG6,AIV,APARTMENTINVT + MGMT CO  A,2.4723e-06,3633.57
2026-05-28,IE000EGGFVG6,APOG,APOGEE ENTERPRISES INC,7.8832e-06,11586.18
2026-05-28,IE000EGGFVG6,ASTH,ASTRANA HEALTH INC,1.20748e-05,17746.79
2026-05-28,IE000EGGFVG6,APO,APOLLO GLOBAL MANAGEMENT INC,0.0005987108,879946.51
2026-05-28,IE000EGGFVG6,AAPL,APPLE INC,0.0342738469,50373486.9
2026-05-28,IE000EGGFVG6,APPF,APPFOLIO INC   A,4.29972e-05,63194.46
2026-05-28,IE000EGGFVG6,APLE,APPLE HOSPITALITY REIT INC,1.42387e-05,20927.06
2026-05-28,IE000EGGFVG6,APLD,APPLIED DIGITAL CORP,0.0002094121,307780.35
2026-05-28,IE000EGGFVG6,AIT,APPLIED INDUSTRIAL TECH INC,0.0001822124,267804.04
2026-05-28,IE000EGGFVG6,AMAT,APPLIED MATERIALS INC,0.0025507871,3748982.16
2026-05-28,IE000EGGFVG6,AAOI,APPLIED OPTOELECTRONICS INC,0.0001420254,208739.7
2026-05-28,IE000EGGFVG6,APP,APPLOVIN CORP CLASS A,0.0015689743,2305977.16
2026-05-28,IE000EGGFVG6,ATR,APTARGROUPINC,0.0001404758,206462.2
2026-05-28,IE000EGGFVG6,ARMK,ARAMARK,0.00025649,376972.4
2026-05-28,IE000EGGFVG6,ARCB,ARCBEST CORP,5.91651e-05,86957.0
2026-05-28,IE000EGGFVG6,MT,ARCELORMITTAL NY REGISTERED,0.000305612,449168.72
2026-05-28,IE000EGGFVG6,ADM,ARCHER DANIELS MIDLAND CO,0.0007634577,1122080.76
2026-05-28,IE000EGGFVG6,AROC,ARCHROCK INC,0.0002046005,300708.6
2026-05-28,IE000EGGFVG6,ACA,ARCOSA INC,0.0001667823,245125.92
2026-05-28,IE000EGGFVG6,RCUS,ARCUS BIOSCIENCES INC,3.997e-07,587.52
2026-05-28,IE000EGGFVG6,ARCT,ARCTURUS THERAPEUTICS HOLDIN,2.08e-06,3057.12
2026-05-28,IE000EGGFVG6,ARES,ARES MANAGEMENT CORP   A,0.0001362245,200214.0
2026-05-28,IE000EGGFVG6,AGX,ARGAN INC,0.0001216864,178846.8
2026-05-28,IE000EGGFVG6,ARGX,ARGENX SEADR,6.73195e-05,98941.82
2026-05-28,IE000EGGFVG6,ARHS,ARHAUS INC,3.9627e-06,5824.14
2026-05-28,IE000EGGFVG6,ANET,ARISTA NETWORKS INC,0.0006011193,883486.3
2026-05-28,IE000EGGFVG6,ARKO,ARKO CORP,3.4032e-05,50018.04
2026-05-28,IE000EGGFVG6,AWI,ARMSTRONGWORLD INDUSTRIES,0.0001844787,271134.94
2026-05-28,IE000EGGFVG6,AVBP,ARRIVENT BIOPHARMA INC,1.07349e-05,15777.45
2026-05-28,IE000EGGFVG6,ARW,ARROW ELECTRONICS INC,0.000220752,324447.02
2026-05-28,IE000EGGFVG6,AROW,ARROW FINANCIAL CORP,2.05591e-05,30216.48
2026-05-28,IE000EGGFVG6,ARWR,ARROWHEADPHARMACEUTICALS IN,0.000189539,278572.2
2026-05-28,IE000EGGFVG6,ARTNA,ARTESIAN RESOURCES CORP CL A,1.8399e-06,2704.14
2026-05-28,IE000EGGFVG6,APAM,ARTISAN PARTNERS ASSET MA  A,6.0878e-05,89474.5
2026-05-28,IE000EGGFVG6,ARVN,ARVINAS INC,9.7438e-06,14320.8
2026-05-28,IE000EGGFVG6,ABG,ASBURY AUTOMOTIVE GROUP,9.11647e-05,133988.0
2026-05-28,IE000EGGFVG6,ASH,ASHLAND INC,7.63234e-05,112175.24
2026-05-28,IE000EGGFVG6,ASPN,ASPEN AEROGELS INC,4.8585e-06,7140.77
2026-05-28,IE000EGGFVG6,ASB,ASSOCIATEDBANC CORP,0.0001382662,203214.66
2026-05-28,IE000EGGFVG6,AIZ,ASSURANT INC,0.00022573,331763.4
2026-05-28,IE000EGGFVG6,ASTE,ASTEC INDUSTRIES INC,1.99102e-05,29262.66
2026-05-28,IE000EGGFVG6,ALAB,ASTERA LABS INC,0.0004195546,616634.22
2026-05-28,IE000EGGFVG6,ALOT,ASTRONOVAINC,1.0826e-06,1591.2
2026-05-28,IE000EGGFVG6,ATRO,ASTRONICSCORP,3.22748e-05,47435.46
2026-05-28,IE000EGGFVG6,ASUR,ASURE SOFTWARE INC,2.2538e-06,3312.56
2026-05-28,IE000EGGFVG6,ATRA,ATARA BIOTHERAPEUTICS INC,4.827e-07,709.38
2026-05-28,IE000EGGFVG6,AVIR,ATEA PHARMACEUTICALS INC,1.52385e-05,22396.55
2026-05-28,IE000EGGFVG6,ATKR,ATKORE INC,5.93507e-05,87229.78
2026-05-28,IE000EGGFVG6,BATRA,ATLANTA BRAVES HOLDINGS IN A,4.1059e-06,6034.56
2026-05-28,IE000EGGFVG6,BATRK,ATLANTA BRAVES HOLDINGS IN C,5.05017e-05,74224.15
2026-05-28,IE000EGGFVG6,AUB,ATLANTIC UNION BANKSHARES CO,0.0001710418,251386.14
2026-05-28,IE000EGGFVG6,ATLC,ATLANTICUSHOLDINGS CORP,8.1882e-06,12034.5
2026-05-28,IE000EGGFVG6,TEAM,ATLASSIANCORP CL A,3.01502e-05,44312.75
2026-05-28,IE000EGGFVG6,ATO,ATMOS ENERGY CORP,0.0004405407,647478.26
2026-05-28,IE000EGGFVG6,ATMU,ATMUS FILTRATION TECHNOLOGIE,0.000100226,147305.74
2026-05-28,IE000EGGFVG6,ATRC,ATRICURE INC,3.06561e-05,45056.36
2026-05-28,IE000EGGFVG6,AUBN,AUBURN NATL BANCORPORATION,6.674e-07,980.85
2026-05-28,IE000EGGFVG6,AURA,AURA BIOSCIENCES INC,4.3936e-06,6457.5
2026-05-28,IE000EGGFVG6,AUR,AURORA INNOVATION INC,0.0001320933,194142.2
2026-05-28,IE000EGGFVG6,ADSK,AUTODESK INC,0.0008223284,1208605.2
2026-05-28,IE000EGGFVG6,ALV,AUTOLIV INC,0.0003209166,471662.52
2026-05-28,IE000EGGFVG6,ADP,AUTOMATICDATA PROCESSING,0.0011138587,1637077.56
2026-05-28,IE000EGGFVG6,AN,AUTONATIONINC,0.0002283116,335557.68
2026-05-28,IE000EGGFVG6,AZO,AUTOZONE INC,0.0003948782,580366.44
2026-05-28,IE000EGGFVG6,AVTX,AVALO THERAPEUTICS INC,2.6998e-06,3967.98
2026-05-28,IE000EGGFVG6,AVB,AVALONBAYCOMMUNITIES INC,0.0001971875,289813.44
2026-05-28,IE000EGGFVG6,AVTR,AVANTOR INC,5.82717e-05,85644.0
2026-05-28,IE000EGGFVG6,AVAH,AVEANNA HEALTHCARE HOLDINGS,1.73159e-05,25449.76
2026-05-28,IE000EGGFVG6,AVPT,AVEPOINT INC,1.49326e-05,21946.99
2026-05-28,IE000EGGFVG6,AVY,AVERY DENNISON CORP,0.0003407323,500786.26
2026-05-28,IE000EGGFVG6,AVNW,AVIAT NETWORKS INC,2.1061e-06,3095.46
2026-05-28,IE000EGGFVG6,AVNT,AVIENT CORP,6.12955e-05,90088.2
2026-05-28,IE000EGGFVG6,CAR,AVIS BUDGET GROUP INC,6.27064e-05,92161.76
2026-05-28,IE000EGGFVG6,AVA,AVISTA CORP,3.74115e-05,54984.96
2026-05-28,IE000EGGFVG6,AVT,AVNET INC,0.0002038501,299605.68
2026-05-28,IE000EGGFVG6,ASM,AVINO SILVER + GOLD MINES,5.919e-06,8699.4
2026-05-28,IE000EGGFVG6,ACLS,AXCELIS TECHNOLOGIES INC,7.6519e-05,112462.65
2026-05-28,IE000EGGFVG6,AXON,AXON ENTERPRISE INC,0.0001554337,228446.4
2026-05-28,IE000EGGFVG6,AX,AXOS FINANCIAL INC,0.0001153121,169478.34
2026-05-28,IE000EGGFVG6,BGS,B+G FOODSINC,3.3887e-06,4980.42
2026-05-28,IE000EGGFVG6,BCBP,BCB BANCORP INC,1.6297e-06,2395.24
2026-05-28,IE000EGGFVG6,BCE,BCE INC,4.70155e-05,69100.34
2026-05-28,IE000EGGFVG6,BJ,BJ S WHOLESALE CLUB HOLDINGS,0.000249913,367306.0
2026-05-28,IE000EGGFVG6,BOKF,BOK FINANCIAL CORPORATION,0.0001292388,189946.88
2026-05-28,IE000EGGFVG6,BP,BP PLC SPONS ADR,0.0018368262,2699648.49
2026-05-28,IE000EGGFVG6,BRT,BRT APARTMENTS CORP,1.1217e-06,1648.67
2026-05-28,IE000EGGFVG6,DOO,BRP INC/CASUB VOTING,5.04908e-05,74208.19
2026-05-28,IE000EGGFVG6,HOM/U,BSR REAL ESTATE INVESTMENT T,7.995e-07,1175.0
2026-05-28,IE000EGGFVG6,BKTI,BK TECHNOLOGIES CORP,1.02944e-05,15130.0
2026-05-28,IE000EGGFVG6,BWIN,BALDWIN INSURANCE GROUP INC/,9.6615e-06,14199.9
2026-05-28,IE000EGGFVG6,BVFL,BV FINANCIAL INC,1.6391e-06,2409.11
2026-05-28,IE000EGGFVG6,BKV,BKV CORPORATION,8.9145e-06,13101.96
2026-05-28,IE000EGGFVG6,BLZE,BACKBLAZEINC A,4.0703e-06,5982.3
2026-05-28,IE000EGGFVG6,BMI,BADGER METER INC,4.46429e-05,65613.24
2026-05-28,IE000EGGFVG6,BKR,BAKER HUGHES CO,0.0008557787,1257768.27
2026-05-28,IE000EGGFVG6,BCPC,BALCHEM CORP,0.0001156915,170035.86
2026-05-28,IE000EGGFVG6,BALL,BALL CORP,0.0004036233,593219.52
2026-05-28,IE000EGGFVG6,BLDP,BALLARD POWER SYSTEMS INC,3.73404e-05,54880.54
2026-05-28,IE000EGGFVG6,BALY,BALLY S CORP,1.3517e-06,1986.58
2026-05-28,IE000EGGFVG6,BANF,BANCFIRSTCORP,5.75802e-05,84627.68
2026-05-28,IE000EGGFVG6,BBVA,BANCO BILBAO VIZCAYA SP ADR,6.84582e-05,100615.5
2026-05-28,IE000EGGFVG6,SAN,BANCO SANTANDER SA SPON ADR,1.07404e-05,15785.52
2026-05-28,IE000EGGFVG6,TBBK,BANCORP INC/THE,7.16414e-05,105293.84
2026-05-28,IE000EGGFVG6,BAND,BANDWIDTHINC CLASS A,2.03219e-05,29867.88
2026-05-28,IE000EGGFVG6,BANC,BANC OF CALIFORNIA INC,8.66944e-05,127417.83
2026-05-28,IE000EGGFVG6,BAC,BANK OF AMERICA CORP,0.0021770088,3199626.94
2026-05-28,IE000EGGFVG6,BFC,BANK FIRSTCORP,2.57756e-05,37883.27
2026-05-28,IE000EGGFVG6,BOH,BANK OF HAWAII CORP,7.84083e-05,115239.39
2026-05-28,IE000EGGFVG6,BMRC,BANK OF MARIN BANCORP/CA,1.82212e-05,26780.4
2026-05-28,IE000EGGFVG6,BMO,BANK OF MONTREAL,0.0001738717,255545.36
2026-05-28,IE000EGGFVG6,BNY,BANK OF NEW YORK MELLON CORP,0.0013736236,2018863.28
2026-05-28,IE000EGGFVG6,BNS,BANK OF NOVA SCOTIA,0.0005048847,742047.0
2026-05-28,IE000EGGFVG6,OZK,BANK OZK,0.000237763,349448.74
2026-05-28,IE000EGGFVG6,BKU,BANKUNITEDINC,9.94188e-05,146119.32
2026-05-28,IE000EGGFVG6,BSVN,BANK7 CORP,2.5068e-06,3684.37
2026-05-28,IE000EGGFVG6,BANR,BANNER CORPORATION,3.59365e-05,52817.18
2026-05-28,IE000EGGFVG6,BWFG,BANKWELL FINANCIAL GROUP INC,1.89536e-05,27856.8
2026-05-28,IE000EGGFVG6,BHB,BAR HARBORBANKSHARES,1.39265e-05,20468.28
2026-05-28,IE000EGGFVG6,BCS,BARCLAYS PLC SPONS ADR,0.0005282731,776421.66
2026-05-28,IE000EGGFVG6,BNED,BARNES + NOBLE EDUCATION INC,3.504e-06,5150.0
2026-05-28,IE000EGGFVG6,BBSI,BARRETT BUSINESS SVCS INC,8.5669e-06,12591.04
2026-05-28,IE000EGGFVG6,B,BARRICK MINING CORP,0.0006821088,1002519.43
2026-05-28,IE000EGGFVG6,BSET,BASSETT FURNITURE INDS,1.1906e-06,1749.94
2026-05-28,IE000EGGFVG6,BBWI,BATH + BODY WORKS INC,2.51013e-05,36892.32
2026-05-28,IE000EGGFVG6,BLCO,BAUSCH   LOMB CORP,4.9536e-06,7280.53
2026-05-28,IE000EGGFVG6,BHC,BAUSCH HEALTH COS INC,1.97482e-05,29024.65
2026-05-28,IE000EGGFVG6,BAX,BAXTER INTERNATIONAL INC,9.24297e-05,135847.25
2026-05-28,IE000EGGFVG6,BCML,BAYCOM CORP,3.1267e-06,4595.4
2026-05-28,IE000EGGFVG6,BEAM,BEAM THERAPEUTICS INC,7.77522e-05,114275.2
2026-05-28,IE000EGGFVG6,BZH,BEAZER HOMES USA INC,2.57397e-05,37830.51
2026-05-28,IE000EGGFVG6,BDX,BECTON DICKINSON AND CO,0.0002731438,401449.05
2026-05-28,IE000EGGFVG6,BELFA,BEL FUSE INC CL A,3.5101e-06,5158.86
2026-05-28,IE000EGGFVG6,BELFB,BEL FUSE INC CL B,7.53768e-05,110784.0
2026-05-28,IE000EGGFVG6,BDC,BELDEN INC,0.0001048751,154138.66
2026-05-28,IE000EGGFVG6,BRBR,BELLRING BRANDS INC,6.2575e-06,9196.92
2026-05-28,IE000EGGFVG6,BHE,BENCHMARKELECTRONICS INC,7.32899e-05,107716.7
2026-05-28,IE000EGGFVG6,BSY,BENTLEY SYSTEMS INC CLASS B,0.0001194901,175618.8
2026-05-28,IE000EGGFVG6,WRB,WR BERKLEYCORP,0.0003974193,584101.2
2026-05-28,IE000EGGFVG6,BRK/B,BERKSHIREHATHAWAY INC CL B,0.0055754504,8194436.88
2026-05-28,IE000EGGFVG6,BBT,BEACON FINANCIAL CORP,2.5337e-05,37238.67
2026-05-28,IE000EGGFVG6,BBY,BEST BUY CO INC,0.0005518534,811078.48
2026-05-28,IE000EGGFVG6,BGC,BGC GROUPINC A,9.41516e-05,138377.92
2026-05-28,IE000EGGFVG6,BH,BIGLARI HOLDINGS INC B,1.64389e-05,24160.84
2026-05-28,IE000EGGFVG6,BH/A,BIGLARI HOLDINGS INC A,1.9924e-06,2928.3
2026-05-28,IE000EGGFVG6,BILL,BILL HOLDINGS INC,6.62269e-05,97336.05
2026-05-28,IE000EGGFVG6,BIO,BIO RAD LABORATORIES A,0.0001968123,289261.98
2026-05-28,IE000EGGFVG6,BCRX,BIOCRYST PHARMACEUTICALS INC,1.1374e-05,16716.7
2026-05-28,IE000EGGFVG6,BMRN,BIOMARIN PHARMACEUTICAL INC,0.0001771235,260324.64
2026-05-28,IE000EGGFVG6,BLFS,BIOLIFE SOLUTIONS INC,1.90354e-05,27977.0
2026-05-28,IE000EGGFVG6,BIIB,BIOGEN INC,0.0004750287,698166.45
2026-05-28,IE000EGGFVG6,BTMD,BIOTE CORPA,3.956e-07,581.4
2026-05-28,IE000EGGFVG6,TECH,BIO TECHNECORP,0.0001547959,227509.0
2026-05-28,IE000EGGFVG6,BVS,BIOVENTUSINC   A,1.4611e-05,21474.27
2026-05-28,IE000EGGFVG6,BJRI,BJ S RESTAURANTS INC,2.66079e-05,39106.5
2026-05-28,IE000EGGFVG6,BDTX,BLACK DIAMOND THERAPEUTICS I,1.1834e-06,1739.25
2026-05-28,IE000EGGFVG6,BKH,BLACK HILLS CORP,0.0001019963,149907.59
2026-05-28,IE000EGGFVG6,BLKB,BLACKBAUDINC,2.18009e-05,32041.6
2026-05-28,IE000EGGFVG6,BB,BLACKBERRYLTD,5.3484e-05,78607.34
2026-05-28,IE000EGGFVG6,BL,BLACKLINEINC,1.93124e-05,28384.17
2026-05-28,IE000EGGFVG6,BX,BLACKSTONEINC,0.0004411744,648409.62
2026-05-28,IE000EGGFVG6,SRTA,STRATA CRITICAL MEDICAL INC,2.22221e-05,32660.56
2026-05-28,IE000EGGFVG6,BLK,BLACKROCKINC,0.0009683555,1423226.4
2026-05-28,IE000EGGFVG6,HRB,H+R BLOCKINC,5.92584e-05,87094.2
2026-05-28,IE000EGGFVG6,BE,BLOOM ENERGY CORP  A,0.0001951507,286819.89
2026-05-28,IE000EGGFVG6,BLMN,BLOOMIN  BRANDS INC,2.9997e-05,44087.68
2026-05-28,IE000EGGFVG6,BLBD,BLUE BIRDCORP,7.24472e-05,106478.23
2026-05-28,IE000EGGFVG6,BRBS,BLUE RIDGEBANKSHARES INC,2.778e-06,4082.89
2026-05-28,IE000EGGFVG6,BXC,BLUELINX HOLDINGS INC,3.8585e-06,5671.0
2026-05-28,IE000EGGFVG6,BCC,BOISE CASCADE CO,4.0303e-05,59234.7
2026-05-28,IE000EGGFVG6,BKNG,BOOKING HOLDINGS INC,0.0010197967,1498831.32
2026-05-28,IE000EGGFVG6,BOOT,BOOT BARNHOLDINGS INC,0.0001251377,183919.29
2026-05-28,IE000EGGFVG6,BAH,BOOZ ALLENHAMILTON HOLDINGS,0.0001246851,183254.05
2026-05-28,IE000EGGFVG6,BWA,BORGWARNERINC,0.0002784502,409248.09
2026-05-28,IE000EGGFVG6,BOC,BOSTON OMAHA CORP CL A,4.1877e-06,6154.8
2026-05-28,IE000EGGFVG6,BXP,BXP INC,6.47249e-05,95128.47
2026-05-28,IE000EGGFVG6,BSX,BOSTON SCIENTIFIC CORP,0.000533023,783402.72
2026-05-28,IE000EGGFVG6,BOW,BOWHEAD SPECIALTY HOLDINGS I,8.4672e-06,12444.48
2026-05-28,IE000EGGFVG6,LUCK,LUCKY STRIKE ENTERTAINMENT C,2.5794e-06,3791.0
2026-05-28,IE000EGGFVG6,BWMN,BOWMAN CONSULTING GROUP LTD,5.2652e-06,7738.44
2026-05-28,IE000EGGFVG6,BOX,BOX INCCLASS A,3.84831e-05,56560.0
2026-05-28,IE000EGGFVG6,BRC,BRADY CORPORATION   CL A,6.767e-05,99457.05
2026-05-28,IE000EGGFVG6,BHR,BRAEMAR HOTELS + RESORTS INC,6.865e-07,1009.02
2026-05-28,IE000EGGFVG6,BDN,BRANDYWINEREALTY TRUST,2.1341e-06,3136.5
2026-05-28,IE000EGGFVG6,BBIO,BRIDGEBIOPHARMA INC,0.0002091128,307340.5
2026-05-28,IE000EGGFVG6,BWB,BRIDGEWATER BANCSHARES INC,1.8441e-05,27103.44
2026-05-28,IE000EGGFVG6,BFAM,BRIGHT HORIZONS FAMILY SOLUT,7.38135e-05,108486.34
2026-05-28,IE000EGGFVG6,BHF,BRIGHTHOUSE FINANCIAL INC,8.4675e-05,124449.78
2026-05-28,IE000EGGFVG6,BV,BRIGHTVIEWHOLDINGS INC,2.27058e-05,33371.45
2026-05-28,IE000EGGFVG6,AAMI,ACADIAN ASSET MANAGEMENT INC,6.33235e-05,93068.8
2026-05-28,IE000EGGFVG6,BTSG,BRIGHTSPRING HEALTH SERVICES,0.0001864547,274039.15
2026-05-28,IE000EGGFVG6,EAT,BRINKER INTERNATIONAL INC,0.0001337575,196588.08
2026-05-28,IE000EGGFVG6,BCO,BRINK S CO/THE,0.0001069536,157193.44
2026-05-28,IE000EGGFVG6,BMY,BRISTOL MYERS SQUIBB CO,0.0024013761,3529387.47
2026-05-28,IE000EGGFVG6,VTOL,BRISTOW GROUP INC,1.77905e-05,26147.31
2026-05-28,IE000EGGFVG6,BTI,BRITISH AMERICAN TOB SP ADR,0.000884335,1299738.44
2026-05-28,IE000EGGFVG6,BRX,BRIXMOR PROPERTY GROUP INC,7.40288e-05,108802.72
2026-05-28,IE000EGGFVG6,BR,BROADRIDGEFINANCIAL SOLUTIO,0.0003318881,487787.76
2026-05-28,IE000EGGFVG6,BNL,BROADSTONENET LEASE INC,3.20793e-05,47148.12
2026-05-28,IE000EGGFVG6,AVGO,BROADCOM INC,0.0118485784,17414275.34
2026-05-28,IE000EGGFVG6,BWEN,BROADWINDINC,7.876e-07,1157.63
2026-05-28,IE000EGGFVG6,BKD,BROOKDALESENIOR LIVING INC,4.09056e-05,60120.42
2026-05-28,IE000EGGFVG6,BN,BROOKFIELDCORP,0.0004109696,604016.64
2026-05-28,IE000EGGFVG6,BIPC,BROOKFIELDINFRASTRUCTURE A,6.09409e-05,89567.03
2026-05-28,IE000EGGFVG6,BEPC,BROOKFIELDRENEWABLE CORP,3.84569e-05,56521.48
2026-05-28,IE000EGGFVG6,AZTA,AZENTA INC,1.85461e-05,27257.88
2026-05-28,IE000EGGFVG6,BRO,BROWN + BROWN INC,0.0001762744,259076.72
2026-05-28,IE000EGGFVG6,BF/A,BROWN FORMAN CORP CLASS A,3.0893e-05,45404.52
2026-05-28,IE000EGGFVG6,BF/B,BROWN FORMAN CORP CLASS B,0.0001489171,218868.76
2026-05-28,IE000EGGFVG6,BRKR,BRUKER CORP,0.0003457532,508165.77
2026-05-28,IE000EGGFVG6,BC,BRUNSWICKCORP,0.0001411155,207402.4
2026-05-28,IE000EGGFVG6,BTG,B2GOLD CORP,0.0004038025,593482.8
2026-05-28,IE000EGGFVG6,BKE,BUCKLE INC/THE,6.61167e-05,97174.0
2026-05-28,IE000EGGFVG6,BBW,BUILD A BEAR WORKSHOP INC,2.18091e-05,32053.6
2026-05-28,IE000EGGFVG6,BLDR,BUILDERS FIRSTSOURCE INC,0.0001022073,150217.76
2026-05-28,IE000EGGFVG6,BMBL,BUMBLE INCA,3.7353e-06,5489.84
2026-05-28,IE000EGGFVG6,BHRB,BURKE + HERBERT FINANCIAL SE,1.93059e-05,28374.52
2026-05-28,IE000EGGFVG6,BURL,BURLINGTONSTORES INC,0.0004461583,655734.64
2026-05-28,IE000EGGFVG6,BFST,BUSINESS FIRST BANCSHARES,1.54099e-05,22648.48
2026-05-28,IE000EGGFVG6,BFLY,BUTTERFLYNETWORK INC,1.631e-07,239.72
2026-05-28,IE000EGGFVG6,BY,BYLINE BANCORP INC,3.16578e-05,46528.56
2026-05-28,IE000EGGFVG6,BYRN,BYRNA TECHNOLOGIES INC,1.1409e-06,1676.8
2026-05-28,IE000EGGFVG6,CFFI,C + F FINANCIAL CORP,2.23e-06,3277.56
2026-05-28,IE000EGGFVG6,AI,C3.AI INCA,1.29407e-05,19019.42
2026-05-28,IE000EGGFVG6,CAE,CAE INC,0.0001134656,166764.34
2026-05-28,IE000EGGFVG6,CBFV,CB FINANCIAL SERVICES INC,1.6807e-06,2470.2
2026-05-28,IE000EGGFVG6,CBL,CBL + ASSOCIATES PROPERTIES,2.29056e-05,33665.1
2026-05-28,IE000EGGFVG6,CBOE,CBOE GLOBAL MARKETS INC,0.0005398749,793473.2
2026-05-28,IE000EGGFVG6,CBRE,CBRE GROUPINC   A,0.0005145446,756244.44
2026-05-28,IE000EGGFVG6,CCC,CCC INTELLIGENT SOLUTIONS HO,2.74881e-05,40400.18
2026-05-28,IE000EGGFVG6,CECO,CECO ENVIRONMENTAL CORP,6.06515e-05,89141.7
2026-05-28,IE000EGGFVG6,CDW,CDW CORP/DE,0.0002239842,329197.44
2026-05-28,IE000EGGFVG6,CFBK,CF BANKSHARES INC,1.6793e-06,2468.2
2026-05-28,IE000EGGFVG6,CF,CF INDUSTRIES HOLDINGS INC,0.0006530723,959843.5
2026-05-28,IE000EGGFVG6,CCCC,C4 THERAPEUTICS INC,3.2747e-06,4812.9
2026-05-28,IE000EGGFVG6,GIB,CGI INC,8.20449e-05,120584.29
2026-05-28,IE000EGGFVG6,CHRW,C.H. ROBINSON WORLDWIDE INC,0.0004282207,629371.08
2026-05-28,IE000EGGFVG6,CI,THE CIGNAGROUP,0.0009756016,1433876.19
2026-05-28,IE000EGGFVG6,CME,CME GROUPINC,0.0009026267,1326622.44
2026-05-28,IE000EGGFVG6,CMS,CMS ENERGYCORP,0.0002341861,344191.68
2026-05-28,IE000EGGFVG6,CCNE,CNB FINANCIAL CORP/PA,1.98664e-05,29198.4
2026-05-28,IE000EGGFVG6,CRAI,CRA INTERNATIONAL INC,3.08866e-05,45395.1
2026-05-28,IE000EGGFVG6,CPSH,CPS TECHNOLOGIES CORP,1.8428e-06,2708.4
2026-05-28,IE000EGGFVG6,LAW,CS DISCO INC,2.2848e-06,3358.08
2026-05-28,IE000EGGFVG6,PMTS,CPI CARD GROUP INC,1.1801e-06,1734.48
2026-05-28,IE000EGGFVG6,CSPI,CSP INC,8.862e-07,1302.48
2026-05-28,IE000EGGFVG6,CSW,CSW INDUSTRIALS INC,7.64019e-05,112290.6
2026-05-28,IE000EGGFVG6,CSX,CSX CORP,0.0012909213,1897312.77
2026-05-28,IE000EGGFVG6,CTS,CTS CORP,4.34656e-05,63882.94
2026-05-28,IE000EGGFVG6,CNX,CNX RESOURCES CORP,0.0001447941,212808.96
2026-05-28,IE000EGGFVG6,CVBF,CVB FINANCIAL CORP,5.99634e-05,88130.38
2026-05-28,IE000EGGFVG6,CVI,CVR ENERGYINC,9.11792e-05,134009.32
2026-05-28,IE000EGGFVG6,CVRX,CVRX INC,1.3637e-06,2004.28
2026-05-28,IE000EGGFVG6,CVS,CVS HEALTHCORP,0.0011085664,1629299.25
2026-05-28,IE000EGGFVG6,CABA,CABALETTABIO INC,3.35e-06,4923.62
2026-05-28,IE000EGGFVG6,CABO,CABLE ONEINC,4.1148e-06,6047.64
2026-05-28,IE000EGGFVG6,CBT,CABOT CORP,0.00012025,176735.65
2026-05-28,IE000EGGFVG6,CACI,CACI INTERNATIONAL INC  CL A,0.0002034857,299070.2
2026-05-28,IE000EGGFVG6,WHD,CACTUS INCA,9.60009e-05,141095.88
2026-05-28,IE000EGGFVG6,CDNS,CADENCE DESIGN SYS INC,0.0006582979,967523.8
2026-05-28,IE000EGGFVG6,CDLR,CADELER A/S ADR,2.792e-07,410.4
2026-05-28,IE000EGGFVG6,CDRE,CADRE HOLDINGS INC,3.59774e-05,52877.25
2026-05-28,IE000EGGFVG6,CZR,CAESARS ENTERTAINMENT INC,0.0001037769,152524.6
2026-05-28,IE000EGGFVG6,CALM,CAL MAINEFOODS INC,0.0001425989,209582.6
2026-05-28,IE000EGGFVG6,CAL,CALERES INC,5.1105e-06,7511.04
2026-05-28,IE000EGGFVG6,CRC,CALIFORNIARESOURCES CORP,6.69851e-05,98450.4
2026-05-28,IE000EGGFVG6,CWT,CALIFORNIAWATER SERVICE GRP,2.73999e-05,40270.58
2026-05-28,IE000EGGFVG6,CALX,CALIX INC,6.37055e-05,93630.17
2026-05-28,IE000EGGFVG6,CALY,CALLAWAY GOLF COMPANY,5.2638e-05,77364.0
2026-05-28,IE000EGGFVG6,CLMT,CALUMET INC,3.30427e-05,48564.0
2026-05-28,IE000EGGFVG6,CAC,CAMDEN NATIONAL CORP,2.28869e-05,33637.76
2026-05-28,IE000EGGFVG6,CPT,CAMDEN PROPERTY TRUST,7.72445e-05,113529.02
2026-05-28,IE000EGGFVG6,CCJ,CAMECO CORP,4.26793e-05,62727.21
2026-05-28,IE000EGGFVG6,CPB,THE CAMPBELL S COMPANY,6.49728e-05,95492.8
2026-05-28,IE000EGGFVG6,CWH,CAMPING WORLD HOLDINGS INC A,5.9258e-06,8709.42
2026-05-28,IE000EGGFVG6,GOOS,CANADA GOOSE HOLDINGS INC,1.38862e-05,20409.1
2026-05-28,IE000EGGFVG6,CM,CAN IMPERIAL BK OF COMMERCE,0.000766042,1125879.0
2026-05-28,IE000EGGFVG6,CNI,CANADIAN NATL RAILWAY CO,0.0005074562,745826.4
2026-05-28,IE000EGGFVG6,CNQ,CANADIAN NATURAL RESOURCES,0.001147264,1686174.48
2026-05-28,IE000EGGFVG6,CP,CANADIAN PACIFIC KANSAS CITY,0.0003818214,561176.4
2026-05-28,IE000EGGFVG6,CCBG,CAPITAL CITY BANK GROUP INC,7.2346e-06,10632.93
2026-05-28,IE000EGGFVG6,CBNK,CAPITAL BANCORP INC/MD,5.2891e-06,7773.57
2026-05-28,IE000EGGFVG6,COF,CAPITAL ONE FINANCIAL CORP,0.0011560426,1699076.7
2026-05-28,IE000EGGFVG6,CFFN,CAPITOL FEDERAL FINANCIAL IN,9.5156e-06,13985.4
2026-05-28,IE000EGGFVG6,CRDF,CARDIFF ONCOLOGY INC,1.5e-08,22.08
2026-05-28,IE000EGGFVG6,CAH,CARDINAL HEALTH INC,0.0002913984,428278.55
2026-05-28,IE000EGGFVG6,CDNA,CAREDX INC,2.99632e-05,44038.0
2026-05-28,IE000EGGFVG6,CCLD,CARECLOUDINC,1.2107e-06,1779.44
2026-05-28,IE000EGGFVG6,CTRE,CARETRUSTREIT INC,5.98228e-05,87923.68
2026-05-28,IE000EGGFVG6,CARG,CARGURUS INC,2.53788e-05,37300.15
2026-05-28,IE000EGGFVG6,CRBU,CARIBOU BIOSCIENCES INC,2.51e-08,36.96
2026-05-28,IE000EGGFVG6,CSL,CARLISLE COS INC,0.0003653686,536995.23
2026-05-28,IE000EGGFVG6,KMX,CARMAX INC,6.03062e-05,88634.1
2026-05-28,IE000EGGFVG6,CG,CARLYLE GROUP INC/THE,0.000405791,596405.43
2026-05-28,IE000EGGFVG6,CSV,CARRIAGE SERVICES INC,2.11332e-05,31060.19
2026-05-28,IE000EGGFVG6,CRS,CARPENTERTECHNOLOGY,0.0003706176,544709.79
2026-05-28,IE000EGGFVG6,CARR,CARRIER GLOBAL CORP,0.0006342206,932136.48
2026-05-28,IE000EGGFVG6,CARS,CARS.COM INC,6.0883e-06,8948.22
2026-05-28,IE000EGGFVG6,CARE,CARTER BANKSHARES INC,5.4867e-06,8064.03
2026-05-28,IE000EGGFVG6,CRI,CARTER S INC,3.11191e-05,45736.8
2026-05-28,IE000EGGFVG6,SILA,SILA REALTY TRUST INC,7.1601e-06,10523.52
2026-05-28,IE000EGGFVG6,CVNA,CARVANA CO,0.0004411694,648402.27
2026-05-28,IE000EGGFVG6,CWST,CASELLA WASTE SYSTEMS INC A,0.0002542527,373684.14
2026-05-28,IE000EGGFVG6,CASY,CASEY S GENERAL STORES INC,0.000478231,702873.0
2026-05-28,IE000EGGFVG6,CASS,CASS INFORMATION SYSTEMS INC,5.6062e-06,8239.62
2026-05-28,IE000EGGFVG6,FLNA,FILANA THERAPEUTICS INC,6.908e-07,1015.25
2026-05-28,IE000EGGFVG6,CSTL,CASTLE BIOSCIENCES INC,1.82027e-05,26753.1
2026-05-28,IE000EGGFVG6,CPRX,CATALYST PHARMACEUTICALS INC,7.88565e-05,115898.16
2026-05-28,IE000EGGFVG6,CAVA,CAVA GROUPINC,9.30588e-05,136771.8
2026-05-28,IE000EGGFVG6,CAT,CATERPILLAR INC,0.0039022233,5735235.87
2026-05-28,IE000EGGFVG6,CATY,CATHAY GENERAL BANCORP,8.56652e-05,125905.2
2026-05-28,IE000EGGFVG6,CATO,CATO CORPCLASS A,5.39e-07,792.18
2026-05-28,IE000EGGFVG6,CVCO,CAVCO INDUSTRIES INC,8.42609e-05,123841.2
2026-05-28,IE000EGGFVG6,CE,CELANESE CORP,0.0001447973,212813.65
2026-05-28,IE000EGGFVG6,CLS,CELESTICAINC,0.000557673,819631.7
2026-05-28,IE000EGGFVG6,CLDX,CELLDEX THERAPEUTICS INC,2.74783e-05,40385.8
2026-05-28,IE000EGGFVG6,CNC,CENTENE CORP,0.0002744818,403415.68
2026-05-28,IE000EGGFVG6,CVE,CENOVUS ENERGY INC,0.000269118,395532.24
2026-05-28,IE000EGGFVG6,CNP,CENTERPOINT ENERGY INC,0.0002623569,385595.26
2026-05-28,IE000EGGFVG6,CSR,CENTERSPACE,4.5135e-06,6633.62
2026-05-28,IE000EGGFVG6,CENT,CENTRAL GARDEN + PET CO,3.4966e-06,5139.13
2026-05-28,IE000EGGFVG6,CENTA,CENTRAL GARDEN AND PET CO A,4.66574e-05,68574.08
2026-05-28,IE000EGGFVG6,CPF,CENTRAL PACIFIC FINANCIAL CO,8.625e-06,12676.45
2026-05-28,IE000EGGFVG6,CTRI,CENTURI HOLDINGS INC,4.68063e-05,68792.81
2026-05-28,IE000EGGFVG6,CENX,CENTURY ALUMINUM COMPANY,0.0001359573,199821.27
2026-05-28,IE000EGGFVG6,CCS,CENTURY COMMUNITIES INC,2.88081e-05,42340.32
2026-05-28,IE000EGGFVG6,CRNC,CERENCE INC,5.395e-06,7929.16
2026-05-28,IE000EGGFVG6,CERT,CERTARA INC,8.3329e-06,12247.2
2026-05-28,IE000EGGFVG6,CGON,CG ONCOLOGY INC,4.958e-07,728.76
2026-05-28,IE000EGGFVG6,CRVO,CERVOMED INC,2.671e-07,392.5
2026-05-28,IE000EGGFVG6,CEVA,CEVA INC,2.61686e-05,38460.96
2026-05-28,IE000EGGFVG6,CSBR,CHAMPIONSONCOLOGY INC,6.727e-07,988.65
2026-05-28,IE000EGGFVG6,CHPT,CHARGEPOINT HOLDINGS INC,1.6823e-06,2472.6
2026-05-28,IE000EGGFVG6,CRL,CHARLES RIVER LABORATORIES,0.0001643458,241544.88
2026-05-28,IE000EGGFVG6,CHTR,CHARTER COMMUNICATIONS INC A,0.000270927,398191.04
2026-05-28,IE000EGGFVG6,CLDT,CHATHAM LODGING TRUST,2.1483e-06,3157.44
2026-05-28,IE000EGGFVG6,CAKE,CHEESECAKEFACTORY INC/THE,8.9062e-05,130897.62
2026-05-28,IE000EGGFVG6,CHEF,CHEFS  WAREHOUSE INC/THE,6.1385e-05,90219.78
2026-05-28,IE000EGGFVG6,CHE,CHEMED CORP,8.97896e-05,131967.0
2026-05-28,IE000EGGFVG6,CC,CHEMOURS CO/THE,8.03227e-05,118053.12
2026-05-28,IE000EGGFVG6,CHMG,CHEMUNG FINANCIAL CORP,3.1151e-06,4578.42
2026-05-28,IE000EGGFVG6,LNG,CHENIERE ENERGY INC,0.0010210675,1500699.09
2026-05-28,IE000EGGFVG6,EXE,EXPAND ENERGY CORP,0.0005008285,736085.35
2026-05-28,IE000EGGFVG6,CPK,CHESAPEAKEUTILITIES CORP,2.23557e-05,32857.02
2026-05-28,IE000EGGFVG6,CVX,CHEVRON CORP,0.0022164315,3257567.94
2026-05-28,IE000EGGFVG6,CHWY,CHEWY INCCLASS A,7.06685e-05,103864.04
2026-05-28,IE000EGGFVG6,CMG,CHIPOTLE MEXICAN GRILL INC,0.000202871,298166.74
2026-05-28,IE000EGGFVG6,CHH,CHOICE HOTELS INTL INC,3.17002e-05,46590.96
2026-05-28,IE000EGGFVG6,COFS,CHOICEONEFINANCIAL SVCS INC,4.3611e-06,6409.68
2026-05-28,IE000EGGFVG6,NAGE,NIAGEN BIOSCIENCE INC,1.6486e-06,2423.04
2026-05-28,IE000EGGFVG6,CHD,CHURCH + DWIGHT CO INC,0.000380427,559127.01
2026-05-28,IE000EGGFVG6,CHDN,CHURCHILLDOWNS INC,0.0001297207,190655.08
2026-05-28,IE000EGGFVG6,CIEN,CIENA CORP,0.0003801884,558776.4
2026-05-28,IE000EGGFVG6,CINF,CINCINNATIFINANCIAL CORP,0.0003433543,504640.0
2026-05-28,IE000EGGFVG6,CNK,CINEMARK HOLDINGS INC,9.4171e-05,138406.44
2026-05-28,IE000EGGFVG6,CIFR,CIPHER DIGITAL INC,7.17421e-05,105441.92
2026-05-28,IE000EGGFVG6,CRUS,CIRRUS LOGIC INC,0.0001608395,236391.48
2026-05-28,IE000EGGFVG6,CSCO,CISCO SYSTEMS INC,0.0029755748,4373307.68
2026-05-28,IE000EGGFVG6,CTAS,CINTAS CORP,0.0009870906,1450761.98
2026-05-28,IE000EGGFVG6,CZNC,CITIZENS +NORTHERN CORP,3.4697e-06,5099.56
2026-05-28,IE000EGGFVG6,C,CITIGROUPINC,0.0013490769,1982786.04
2026-05-28,IE000EGGFVG6,CTRN,CITI TRENDS INC,3.8827e-06,5706.5
2026-05-28,IE000EGGFVG6,CFG,CITIZENS FINANCIAL GROUP,0.0004155471,610744.26
2026-05-28,IE000EGGFVG6,CZFS,CITIZENS FINANCIAL SERVICES,2.9683e-06,4362.6
2026-05-28,IE000EGGFVG6,CIA,CITIZENS INC,2.4176e-06,3553.22
2026-05-28,IE000EGGFVG6,CZWI,CITIZENS COMMUNITY BANCORP I,1.8388e-06,2702.53
2026-05-28,IE000EGGFVG6,CHCO,CITY HOLDING CO,3.12828e-05,45977.4
2026-05-28,IE000EGGFVG6,CVEO,CIVEO CORP,4.0188e-06,5906.55
2026-05-28,IE000EGGFVG6,CIVB,CIVISTA BANCSHARES INC,4.927e-06,7241.37
2026-05-28,IE000EGGFVG6,CLAR,CLARUS CORP,1.1025e-06,1620.31
2026-05-28,IE000EGGFVG6,CLH,CLEAN HARBORS INC,0.0005859682,861218.28
2026-05-28,IE000EGGFVG6,CLNE,CLEAN ENERGY FUELS CORP,4.5238e-06,6648.84
2026-05-28,IE000EGGFVG6,CLSK,CLEANSPARKINC,9.46412e-05,139097.52
2026-05-28,IE000EGGFVG6,YOU,CLEAR SECURE INC  CLASS A,0.0001224909,180029.28
2026-05-28,IE000EGGFVG6,CLFD,CLEARFIELDINC,6.5138e-06,9573.5
2026-05-28,IE000EGGFVG6,CWEN,CLEARWAY ENERGY INC C,6.3361e-05,93123.96
2026-05-28,IE000EGGFVG6,CLF,CLEVELANDCLIFFS INC,0.0001785702,262450.92
2026-05-28,IE000EGGFVG6,CLX,CLOROX COMPANY,0.0001019773,149879.6
2026-05-28,IE000EGGFVG6,CLOV,CLOVER HEALTH INVESTMENTS CO,1.63703e-05,24060.08
2026-05-28,IE000EGGFVG6,NET,CLOUDFLAREINC   CLASS A,0.0001446509,212598.52
2026-05-28,IE000EGGFVG6,CCB,COASTAL FINANCIAL CORP/WA,2.40043e-05,35280.0
2026-05-28,IE000EGGFVG6,COKE,COCA COLACONSOLIDATED INC,0.0002620372,385125.3
2026-05-28,IE000EGGFVG6,KO,COCA COLACO/THE,0.0024558462,3609444.08
2026-05-28,IE000EGGFVG6,CODA,CODA OCTOPUS GROUP INC,1.3429e-06,1973.7
2026-05-28,IE000EGGFVG6,CDE,COEUR MINING INC,0.0002785713,409426.16
2026-05-28,IE000EGGFVG6,CGNX,COGNEX CORP,0.0001621354,238296.1
2026-05-28,IE000EGGFVG6,CTSH,COGNIZANTTECH SOLUTIONS A,0.0005387069,791756.55
2026-05-28,IE000EGGFVG6,CNS,COHEN + STEERS INC,6.72931e-05,98902.98
2026-05-28,IE000EGGFVG6,COHR,COHERENT CORP,0.0005806588,853414.8
2026-05-28,IE000EGGFVG6,COHU,COHU INC,5.78844e-05,85074.7
2026-05-28,IE000EGGFVG6,COIN,COINBASE GLOBAL INC  CLASS A,0.0003045487,447606.0
2026-05-28,IE000EGGFVG6,ENOV,ENOVIS CORP,1.24627e-05,18316.8
2026-05-28,IE000EGGFVG6,CL,COLGATE PALMOLIVE CO,0.0009778827,1437228.8
2026-05-28,IE000EGGFVG6,COLL,COLLEGIUMPHARMACEUTICAL INC,3.01292e-05,44281.99
2026-05-28,IE000EGGFVG6,CIGI,COLLIERS INTL GR SUBORD VOT,4.34672e-05,63885.26
2026-05-28,IE000EGGFVG6,CBAN,COLONY BANKCORP,1.78495e-05,26234.01
2026-05-28,IE000EGGFVG6,COLB,COLUMBIA BANKING SYSTEM INC,0.0001840028,270435.36
2026-05-28,IE000EGGFVG6,CLBK,COLUMBIA FINANCIAL INC,2.56468e-05,37694.0
2026-05-28,IE000EGGFVG6,COLM,COLUMBIA SPORTSWEAR CO,5.81623e-05,85483.19
2026-05-28,IE000EGGFVG6,CMCO,COLUMBUS MCKINNON CORP/NY,4.2749e-06,6282.9
2026-05-28,IE000EGGFVG6,FIX,COMFORT SYSTEMS USA INC,0.000690442,1014767.05
2026-05-28,IE000EGGFVG6,CMCSA,COMCAST CORP CLASS A,0.0011970441,1759338.16
2026-05-28,IE000EGGFVG6,CBSH,COMMERCE BANCSHARES INC,0.0001304731,191760.87
2026-05-28,IE000EGGFVG6,CMC,COMMERCIALMETALS CO,0.0001650916,242640.96
2026-05-28,IE000EGGFVG6,VISN,VISTANCE NETWORKS INC,4.42286e-05,65004.35
2026-05-28,IE000EGGFVG6,CBU,COMMUNITYFINANCIAL SYSTEM I,5.72242e-05,84104.4
2026-05-28,IE000EGGFVG6,CYH,COMMUNITYHEALTH SYSTEMS INC,4.57e-08,67.2
2026-05-28,IE000EGGFVG6,CHCT,COMMUNITYHEALTHCARE TRUST I,1.9973e-06,2935.53
2026-05-28,IE000EGGFVG6,CWBC,COMMUNITYWEST BANCSHARES,6.0054e-06,8826.35
2026-05-28,IE000EGGFVG6,CTBI,COMMUNITYTRUST BANCORP INC,2.6231e-05,38552.6
2026-05-28,IE000EGGFVG6,CVLT,COMMVAULTSYSTEMS INC,2.18486e-05,32111.7
2026-05-28,IE000EGGFVG6,CMP,COMPASS MINERALS INTERNATION,2.40881e-05,35403.2
2026-05-28,IE000EGGFVG6,COMP,COMPASS INC   CLASS A,3.56758e-05,52433.92
2026-05-28,IE000EGGFVG6,TBRG,TRUBRIDGEINC,3.6005e-06,5291.76
2026-05-28,IE000EGGFVG6,CIX,COMPX INTERNATIONAL INC,1.0642e-06,1564.04
2026-05-28,IE000EGGFVG6,CHCI,COMSTOCK HOLDING COMPANIES,1.4442e-06,2122.56
2026-05-28,IE000EGGFVG6,LODE,COMSTOCK INC,1.9321e-06,2839.68
2026-05-28,IE000EGGFVG6,CRK,COMSTOCK RESOURCES INC,9.83256e-05,144512.55
2026-05-28,IE000EGGFVG6,CMTL,COMTECH TELECOMMUNICATIONS,1.5727e-06,2311.5
2026-05-28,IE000EGGFVG6,CAG,CONAGRA BRANDS INC,7.30115e-05,107307.6
2026-05-28,IE000EGGFVG6,CNXC,CONCENTRIXCORP,1.67377e-05,24599.92
2026-05-28,IE000EGGFVG6,CON,CONCENTRAGROUP HOLDINGS PAR,7.40576e-05,108845.12
2026-05-28,IE000EGGFVG6,BBCP,CONCRETE PUMPING HOLDINGS IN,4.0687e-06,5979.96
2026-05-28,IE000EGGFVG6,CNMD,CONMED CORP,1.01746e-05,14953.92
2026-05-28,IE000EGGFVG6,CNOB,CONNECTONEBANCORP INC,1.96173e-05,28832.22
2026-05-28,IE000EGGFVG6,COP,CONOCOPHILLIPS,0.0015769766,2317738.44
2026-05-28,IE000EGGFVG6,CCSI,CONSENSUSCLOUD SOLUTION,1.18517e-05,17418.88
2026-05-28,IE000EGGFVG6,ED,CONSOLIDATED EDISON INC,0.0004801719,705725.7
2026-05-28,IE000EGGFVG6,STZ,CONSTELLATION BRANDS INC A,0.0005103095,750020.01
2026-05-28,IE000EGGFVG6,CEG,CONSTELLATION ENERGY,0.0003547377,521370.51
2026-05-28,IE000EGGFVG6,ROAD,CONSTRUCTION PARTNERS INC A,0.0001965746,288912.65
2026-05-28,IE000EGGFVG6,CPSS,CONSUMER PORTFOLIO SERVICES,2.0018e-06,2942.16
2026-05-28,IE000EGGFVG6,CTNM,CONTINEUMTHERAPEUTICS INC A,2.8345e-06,4166.03
2026-05-28,IE000EGGFVG6,COO,COOPER COSINC/THE,0.0002085286,306481.84
2026-05-28,IE000EGGFVG6,CPS,COOPER STANDARD HOLDING,3.2105e-06,4718.56
2026-05-28,IE000EGGFVG6,CPRT,COPART INC,0.00015264,224340.48
2026-05-28,IE000EGGFVG6,CRBP,CORBUS PHARMACEUTICALS HOLDI,1.232e-06,1810.68
2026-05-28,IE000EGGFVG6,CORT,CORCEPT THERAPEUTICS INC,4.49435e-05,66055.08
2026-05-28,IE000EGGFVG6,CLB,CORE LABORATORIES INC,6.8385e-06,10050.74
2026-05-28,IE000EGGFVG6,CMT,CORE MOLDING TECHNOLOGIES IN,1.9995e-06,2938.8
2026-05-28,IE000EGGFVG6,CRBG,COREBRIDGEFINANCIAL INC,0.0004854001,713409.7
2026-05-28,IE000EGGFVG6,CRWV,COREWEAVEINC CL A,0.0003402686,500104.8
2026-05-28,IE000EGGFVG6,CNM,CORE + MAIN INC CLASS A,0.0002221078,326439.63
2026-05-28,IE000EGGFVG6,GLW,CORNING INC,0.0010911706,1603732.05
2026-05-28,IE000EGGFVG6,QDEL,QUIDELORTHO CORP,1.423e-07,209.12
2026-05-28,IE000EGGFVG6,CPAY,CORPAY INC,0.0007597698,1116660.53
2026-05-28,IE000EGGFVG6,CDP,COPT DEFENSE PROPERTIES,1.51694e-05,22295.0
2026-05-28,IE000EGGFVG6,CRSR,CORSAIR GAMING INC,1.25132e-05,18391.05
2026-05-28,IE000EGGFVG6,CTVA,CORTEVA INC,0.0005546498,815188.4
2026-05-28,IE000EGGFVG6,CRVL,CORVEL CORP,2.18505e-05,32114.44
2026-05-28,IE000EGGFVG6,COST,COSTCO WHOLESALE CORP,0.0030992179,4555030.4
2026-05-28,IE000EGGFVG6,CSGP,COSTAR GROUP INC,0.00017199,252779.8
2026-05-28,IE000EGGFVG6,COTY,COTY INC CL A,1.80086e-05,26467.87
2026-05-28,IE000EGGFVG6,COUR,COURSERA INC,1.38952e-05,20422.26
2026-05-28,IE000EGGFVG6,CPNG,COUPANG INC,0.0003000626,441012.6
2026-05-28,IE000EGGFVG6,CUZ,COUSINS PROPERTIES INC,3.21231e-05,47212.41
2026-05-28,IE000EGGFVG6,CVLG,COVENANT LOGISTICS GROUP INC,8.7725e-06,12893.3
2026-05-28,IE000EGGFVG6,COYA,COYA THERAPEUTICS INC,1.31e-08,19.32
2026-05-28,IE000EGGFVG6,CBRL,CRACKER BARREL OLD COUNTRY,7.6369e-06,11224.16
2026-05-28,IE000EGGFVG6,CR,CRANE CO,0.0001668004,245152.46
2026-05-28,IE000EGGFVG6,CXT,CRANE NXTCO,5.98607e-05,87979.4
2026-05-28,IE000EGGFVG6,CRD/B,CRAWFORD +CO   CL B,2.6685e-06,3921.92
2026-05-28,IE000EGGFVG6,CRD/A,CRAWFORD +COMPANY  CL A,1.37042e-05,20141.52
2026-05-28,IE000EGGFVG6,CACC,CREDIT ACCEPTANCE CORP,0.0002078085,305423.45
2026-05-28,IE000EGGFVG6,CXDO,CREXENDO INC,2.8245e-06,4151.24
2026-05-28,IE000EGGFVG6,CRCT,CRICUT INCCLASS A,2.1974e-06,3229.66
2026-05-28,IE000EGGFVG6,CRNX,CRINETICSPHARMACEUTICALS IN,8.62681e-05,126791.21
2026-05-28,IE000EGGFVG6,CROX,CROCS INC,0.0001715861,252186.12
2026-05-28,IE000EGGFVG6,CRWD,CROWDSTRIKE HOLDINGS INC   A,0.0004501531,661606.0
2026-05-28,IE000EGGFVG6,CCI,CROWN CASTLE INC,0.0004144411,609118.83
2026-05-28,IE000EGGFVG6,CCK,CROWN HOLDINGS INC,0.0002732584,401617.6
2026-05-28,IE000EGGFVG6,AORT,ARTIVION INC,1.16709e-05,17153.2
2026-05-28,IE000EGGFVG6,CYRX,CRYOPORT INC,7.6783e-06,11285.0
2026-05-28,IE000EGGFVG6,CTO,CTO REALTYGROWTH INC,2.7096e-06,3982.35
2026-05-28,IE000EGGFVG6,CUBE,CUBESMART,6.02141e-05,88498.82
2026-05-28,IE000EGGFVG6,CFR,CULLEN/FROST BANKERS INC,0.000139993,205752.6
2026-05-28,IE000EGGFVG6,CGEM,CULLINAN THERAPEUTICS INC,2.13302e-05,31349.76
2026-05-28,IE000EGGFVG6,CMI,CUMMINS INC,0.0013080279,1922455.0
2026-05-28,IE000EGGFVG6,CURB,CURBLINE PROPERTIES CORP,1.27573e-05,18749.88
2026-05-28,IE000EGGFVG6,CW,CURTISS WRIGHT CORP,0.0003576523,525654.19
2026-05-28,IE000EGGFVG6,CUBI,CUSTOMERSBANCORP INC,5.08198e-05,74691.67
2026-05-28,IE000EGGFVG6,CTOS,CUSTOM TRUCK ONE SOURCE INC,3.52543e-05,51814.44
2026-05-28,IE000EGGFVG6,CTMX,CYTOMX THERAPEUTICS INC,5.1722e-06,7601.79
2026-05-28,IE000EGGFVG6,CTKB,CYTEK BIOSCIENCES INC,1.20959e-05,17777.8
2026-05-28,IE000EGGFVG6,BOOM,DMC GLOBALINC,1.3763e-06,2022.75
2026-05-28,IE000EGGFVG6,DHI,DR HORTONINC,0.0007076421,1040046.68
2026-05-28,IE000EGGFVG6,DTE,DTE ENERGYCOMPANY,0.0003795864,557891.58
2026-05-28,IE000EGGFVG6,DLHC,DLH HOLDINGS CORP,7.392e-07,1086.4
2026-05-28,IE000EGGFVG6,DXPE,DXP ENTERPRISES INC,3.40473e-05,50040.48
2026-05-28,IE000EGGFVG6,DTM,DT MIDSTREAM INC,0.000449139,660115.56
2026-05-28,IE000EGGFVG6,DXC,DXC TECHNOLOGY CO,3.05334e-05,44876.07
2026-05-28,IE000EGGFVG6,DJCO,DAILY JOURNAL CORP,2.18942e-05,32178.62
2026-05-28,IE000EGGFVG6,DAKT,DAKTRONICSINC,2.55341e-05,37528.4
2026-05-28,IE000EGGFVG6,DAN,DANA INC,8.95553e-05,131622.63
2026-05-28,IE000EGGFVG6,DHR,DANAHER CORP,0.0011108901,1632714.57
2026-05-28,IE000EGGFVG6,DRI,DARDEN RESTAURANTS INC,0.0004330814,636515.11
2026-05-28,IE000EGGFVG6,DRIO,DARIOHEALTH CORP,4.707e-07,691.84
2026-05-28,IE000EGGFVG6,DAR,DARLING INGREDIENTS INC,0.0001889118,277650.34
2026-05-28,IE000EGGFVG6,DDOG,DATADOG INC   CLASS A,0.0003383806,497329.92
2026-05-28,IE000EGGFVG6,PLAY,DAVE + BUSTER S ENTERTAINMEN,6.8431e-06,10057.5
2026-05-28,IE000EGGFVG6,DAVE,DAVE INC,7.68195e-05,112904.4
2026-05-28,IE000EGGFVG6,DVA,DAVITA INC,0.0001987448,292102.2
2026-05-28,IE000EGGFVG6,DECK,DECKERS OUTDOOR CORP,0.0003871684,569035.18
2026-05-28,IE000EGGFVG6,DE,DEERE + CO,0.0010950638,1609454.0
2026-05-28,IE000EGGFVG6,DH,DEFINITIVEHEALTHCARE CORP,8.563e-07,1258.48
2026-05-28,IE000EGGFVG6,DK,DELEK US HOLDINGS INC,6.39391e-05,93973.63
2026-05-28,IE000EGGFVG6,DELL,DELL TECHNOLOGIES  C,0.0007718429,1134404.9
2026-05-28,IE000EGGFVG6,DAL,DELTA AIRLINES INC,0.0007303644,1073442.37
2026-05-28,IE000EGGFVG6,DLX,DELUXE CORP,2.71636e-05,39923.28
2026-05-28,IE000EGGFVG6,DNLI,DENALI THERAPEUTICS INC,7.09292e-05,104247.2
2026-05-28,IE000EGGFVG6,XRAY,DENTSPLY SIRONA INC,3.63435e-05,53415.39
2026-05-28,IE000EGGFVG6,DSGX,DESCARTESSYSTEMS GRP/THE,3.19804e-05,47002.8
2026-05-28,IE000EGGFVG6,DBI,DESIGNER BRANDS INC CLASS A,3.0438e-06,4473.63
2026-05-28,IE000EGGFVG6,DSGN,DESIGN THERAPEUTICS INC,6.1163e-06,8989.38
2026-05-28,IE000EGGFVG6,DVN,DEVON ENERGY CORP,0.0011555899,1698411.44
2026-05-28,IE000EGGFVG6,DXCM,DEXCOM INC,0.0003986307,585881.66
2026-05-28,IE000EGGFVG6,DEO,DIAGEO PLCSPONSORED ADR,0.000498768,733056.94
2026-05-28,IE000EGGFVG6,DRH,DIAMONDROCK HOSPITALITY CO,9.1428e-06,13437.51
2026-05-28,IE000EGGFVG6,FANG,DIAMONDBACK ENERGY INC,0.0007663966,1126400.28
2026-05-28,IE000EGGFVG6,DNTH,DIANTHUS THERAPEUTICS INC,3.74633e-05,55061.16
2026-05-28,IE000EGGFVG6,DKS,DICK S SPORTING GOODS INC,0.000363393,534091.6
2026-05-28,IE000EGGFVG6,DBD,DIEBOLD NIXDORF INC,5.50289e-05,80877.92
2026-05-28,IE000EGGFVG6,DGII,DIGI INTERNATIONAL INC,5.08261e-05,74700.9
2026-05-28,IE000EGGFVG6,DMRC,DIGIMARC CORP,3.0045e-06,4415.88
2026-05-28,IE000EGGFVG6,DLR,DIGITAL REALTY TRUST INC,0.0006710373,986247.36
2026-05-28,IE000EGGFVG6,APPS,DIGITAL TURBINE INC,8.6924e-06,12775.6
2026-05-28,IE000EGGFVG6,DOCN,DIGITALOCEAN HOLDINGS INC,0.0001485265,218294.67
2026-05-28,IE000EGGFVG6,DDS,DILLARDS INC CL A,0.000154061,226428.96
2026-05-28,IE000EGGFVG6,DCOM,DIME COMMUNITY BANCSHARES IN,3.04904e-05,44812.88
2026-05-28,IE000EGGFVG6,DIN,DINE BRANDS GLOBAL INC,2.6977e-06,3964.94
2026-05-28,IE000EGGFVG6,DIOD,DIODES INC,0.0001538737,226153.62
2026-05-28,IE000EGGFVG6,IRON,DISC MEDICINE INC,4.75939e-05,69950.4
2026-05-28,IE000EGGFVG6,DIS,WALT DISNEY CO/THE,0.0011297313,1660406.11
2026-05-28,IE000EGGFVG6,DHC,DIVERSIFIED HEALTHCARE TRUST,8.3714e-06,12303.69
2026-05-28,IE000EGGFVG6,DOCU,DOCUSIGN INC,6.67595e-05,98118.82
2026-05-28,IE000EGGFVG6,DLB,DOLBY LABORATORIES INC CL A,8.88455e-05,130579.38
2026-05-28,IE000EGGFVG6,DG,DOLLAR GENERAL CORP,0.0004564288,670829.6
2026-05-28,IE000EGGFVG6,DLTR,DOLLAR TREE INC,0.0005378077,790435.0
2026-05-28,IE000EGGFVG6,D,DOMINION ENERGY INC,0.0003789088,556895.7
2026-05-28,IE000EGGFVG6,DPZ,DOMINO S PIZZA INC,0.0001687172,247969.65
2026-05-28,IE000EGGFVG6,DCI,DONALDSONCO INC,0.0002377888,349486.55
2026-05-28,IE000EGGFVG6,DGICA,DONEGAL GROUP INC CL A,5.1916e-06,7630.29
2026-05-28,IE000EGGFVG6,DFIN,DONNELLEYFINANCIAL SOLUTION,2.52763e-05,37149.52
2026-05-28,IE000EGGFVG6,DASH,DOORDASH INC   A,0.0004668795,686189.3
2026-05-28,IE000EGGFVG6,DORM,DORMAN PRODUCTS INC,7.91275e-05,116296.5
2026-05-28,IE000EGGFVG6,DV,DOUBLEVERIFY HOLDINGS INC,1.52747e-05,22449.84
2026-05-28,IE000EGGFVG6,DEI,DOUGLAS EMMETT INC,8.1179e-06,11931.15
2026-05-28,IE000EGGFVG6,PLOW,DOUGLAS DYNAMICS INC,1.07933e-05,15863.36
2026-05-28,IE000EGGFVG6,DOUG,DOUGLAS ELLIMAN INC,1.4909e-06,2191.28
2026-05-28,IE000EGGFVG6,DOV,DOVER CORP,0.0004975364,731246.91
2026-05-28,IE000EGGFVG6,DOW,DOW INC,0.0005267539,774188.82
2026-05-28,IE000EGGFVG6,DFH,DREAM FINDERS HOMES INC   A,5.4418e-06,7997.95
2026-05-28,IE000EGGFVG6,DTI,DRILLING TOOLS INTERNATIONAL,9.904e-07,1455.58
2026-05-28,IE000EGGFVG6,DBX,DROPBOX INC CLASS A,7.04584e-05,103555.26
2026-05-28,IE000EGGFVG6,DRVN,DRIVEN BRANDS HOLDINGS INC,2.19067e-05,32197.11
2026-05-28,IE000EGGFVG6,DCO,DUCOMMUN INC,3.78079e-05,55567.6
2026-05-28,IE000EGGFVG6,DUK,DUKE ENERGY CORP,0.0009714804,1427819.12
2026-05-28,IE000EGGFVG6,DLTH,DULUTH HOLDINGS INC   CL B,1.1041e-06,1622.68
2026-05-28,IE000EGGFVG6,DUOL,DUOLINGO,2.86881e-05,42163.96
2026-05-28,IE000EGGFVG6,DD,DUPONT DENEMOURS INC,0.0004438153,652291.12
2026-05-28,IE000EGGFVG6,DOCS,DOXIMITY INC CLASS A,4.57889e-05,67297.58
2026-05-28,IE000EGGFVG6,BROS,DUTCH BROSINC CLASS A,7.88904e-05,115948.0
2026-05-28,IE000EGGFVG6,DY,DYCOM INDUSTRIES INC,0.0003852677,566241.6
2026-05-28,IE000EGGFVG6,DT,DYNATRACEINC,0.0001644396,241682.66
2026-05-28,IE000EGGFVG6,DYN,DYNE THERAPEUTICS INC,0.0001015427,149240.96
2026-05-28,IE000EGGFVG6,ELF,ELF BEAUTYINC,0.0001056819,155324.4
2026-05-28,IE000EGGFVG6,LOCO,EL POLLO LOCO HOLDINGS INC,1.87837e-05,27607.05
2026-05-28,IE000EGGFVG6,EOG,EOG RESOURCES INC,0.0010055027,1477822.98
2026-05-28,IE000EGGFVG6,EQT,EQT CORP,0.0005829367,856762.65
2026-05-28,IE000EGGFVG6,EPR,EPR PROPERTIES,2.88071e-05,42338.88
2026-05-28,IE000EGGFVG6,EGBN,EAGLE BANCORP INC,2.31108e-05,33966.76
2026-05-28,IE000EGGFVG6,EVI,EVI INDUSTRIES INC,2.3938e-06,3518.32
2026-05-28,IE000EGGFVG6,EBMT,EAGLE BANCORP MONTANA INC,1.6401e-06,2410.56
2026-05-28,IE000EGGFVG6,EFSI,EAGLE FINANCIAL SERVICES INC,1.9644e-06,2887.15
2026-05-28,IE000EGGFVG6,EXP,EAGLE MATERIALS INC,0.0002234688,328440.0
2026-05-28,IE000EGGFVG6,EWBC,EAST WESTBANCORP INC,0.0004511808,663116.45
2026-05-28,IE000EGGFVG6,DEA,EASTERLY GOVERNMENT PROPERTI,4.4916e-06,6601.44
2026-05-28,IE000EGGFVG6,EBC,EASTERN BANKSHARES INC,0.0002045603,300649.58
2026-05-28,IE000EGGFVG6,EML,EASTERN CO/THE,1.2226e-06,1796.95
2026-05-28,IE000EGGFVG6,EGP,EASTGROUPPROPERTIES INC,7.25986e-05,106700.8
2026-05-28,IE000EGGFVG6,EMN,EASTMAN CHEMICAL CO,0.0001522799,223811.16
2026-05-28,IE000EGGFVG6,KODK,EASTMAN KODAK CO,1.96572e-05,28890.83
2026-05-28,IE000EGGFVG6,EBAY,EBAY INC,0.0005900473,867213.42
2026-05-28,IE000EGGFVG6,ECL,ECOLAB INC,0.0006822611,1002743.25
2026-05-28,IE000EGGFVG6,ECVT,ECOVYST INC,1.40533e-05,20654.56
2026-05-28,IE000EGGFVG6,EPC,EDGEWELL PERSONAL CARE CO,7.4756e-06,10987.2
2026-05-28,IE000EGGFVG6,EWTX,EDGEWISE THERAPEUTICS INC,1.79671e-05,26406.9
2026-05-28,IE000EGGFVG6,EIX,EDISON INTERNATIONAL,0.0003219117,473124.96
2026-05-28,IE000EGGFVG6,EW,EDWARDS LIFESCIENCES CORP,0.0003736716,549198.44
2026-05-28,IE000EGGFVG6,EGAN,EGAIN CORP,1.8179e-06,2671.76
2026-05-28,IE000EGGFVG6,EHTH,EHEALTH INC,4.511e-07,663.03
2026-05-28,IE000EGGFVG6,ELAN,ELANCO ANIMAL HEALTH INC,0.0002149452,315912.52
2026-05-28,IE000EGGFVG6,EGO,ELDORADO GOLD CORP,0.000146442,215230.96
2026-05-28,IE000EGGFVG6,ELMD,ELECTROMEDINC,2.5396e-06,3732.55
2026-05-28,IE000EGGFVG6,ELVA,ELECTROVAYA INC,2.2309e-06,3278.8
2026-05-28,IE000EGGFVG6,ELDN,ELEDON PHARMACEUTICALS INC,3.16e-08,46.44
2026-05-28,IE000EGGFVG6,ESI,ELEMENT SOLUTIONS INC,0.0002256101,331587.2
2026-05-28,IE000EGGFVG6,EMBC,EMBECTA CORP,1.1555e-06,1698.3
2026-05-28,IE000EGGFVG6,EME,EMCOR GROUP INC,0.0006096085,895963.2
2026-05-28,IE000EGGFVG6,EBS,EMERGENT BIOSOLUTIONS INC,2.15675e-05,31698.54
2026-05-28,IE000EGGFVG6,EMR,EMERSON ELECTRIC CO,0.0008861058,1302341.15
2026-05-28,IE000EGGFVG6,ESRT,EMPIRE STATE REALTY TRUST A,3.8948e-06,5724.27
2026-05-28,IE000EGGFVG6,EIG,EMPLOYERSHOLDINGS INC,9.36e-06,13756.68
2026-05-28,IE000EGGFVG6,ACT,ENACT HOLDINGS INC,5.30051e-05,77903.5
2026-05-28,IE000EGGFVG6,ENB,ENBRIDGE INC,0.0005005836,735725.52
2026-05-28,IE000EGGFVG6,ENTA,ENANTA PHARMACEUTICALS INC,7.2e-08,105.84
2026-05-28,IE000EGGFVG6,ECPG,ENCORE CAPITAL GROUP INC,3.35989e-05,49381.43
2026-05-28,IE000EGGFVG6,EXK,ENDEAVOURSILVER CORP,7.12407e-05,104705.0
2026-05-28,IE000EGGFVG6,EU,ENCORE ENERGY CORP,2.7133e-06,3987.8
2026-05-28,IE000EGGFVG6,EHC,ENCOMPASSHEALTH CORP,0.0002494686,366652.8
2026-05-28,IE000EGGFVG6,EFXT,ENERFLEX LTD,4.43893e-05,65240.56
2026-05-28,IE000EGGFVG6,ERII,ENERGY RECOVERY INC,4.445e-06,6532.91
2026-05-28,IE000EGGFVG6,ESOA,ENERGY SERVICES OF AMERICA,2.726e-06,4006.48
2026-05-28,IE000EGGFVG6,ENR,ENERGIZERHOLDINGS INC,2.82465e-05,41514.9
2026-05-28,IE000EGGFVG6,ENS,ENERSYS,0.0002187391,321488.64
2026-05-28,IE000EGGFVG6,EPAC,ENERPAC TOOL GROUP CORP,2.66388e-05,39151.98
2026-05-28,IE000EGGFVG6,ELVN,ENLIVEN THERAPEUTICS INC,2.22647e-05,32723.25
2026-05-28,IE000EGGFVG6,EBF,ENNIS INC,5.2827e-06,7764.12
2026-05-28,IE000EGGFVG6,ENPH,ENPHASE ENERGY INC,0.0001162798,170900.5
2026-05-28,IE000EGGFVG6,NPO,ENPRO INC,0.0001380843,202947.36
2026-05-28,IE000EGGFVG6,ENVA,ENOVA INTERNATIONAL INC,0.0001299539,190997.8
2026-05-28,IE000EGGFVG6,ENSG,ENSIGN GROUP INC/THE,0.0001587586,233333.1
2026-05-28,IE000EGGFVG6,ENVX,ENOVIX CORP,9.801e-06,14404.95
2026-05-28,IE000EGGFVG6,ENTG,ENTEGRIS INC,0.0003115932,457959.52
2026-05-28,IE000EGGFVG6,ETR,ENTERGY CORP,0.0003051266,448455.42
2026-05-28,IE000EGGFVG6,EFSC,ENTERPRISEFINANCIAL SERVICE,3.60925e-05,53046.4
2026-05-28,IE000EGGFVG6,TRDA,ENTRADA THERAPEUTICS INC,6.45e-06,9479.8
2026-05-28,IE000EGGFVG6,ELA,ENVELA CORP,4.2676e-06,6272.28
2026-05-28,IE000EGGFVG6,EPAM,EPAM SYSTEMS INC,0.0001307095,192108.42
2026-05-28,IE000EGGFVG6,NVST,ENVISTA HOLDINGS CORP,9.91259e-05,145688.85
2026-05-28,IE000EGGFVG6,PLUS,EPLUS INC,4.87361e-05,71629.2
2026-05-28,IE000EGGFVG6,VSTS,VESTIS CORP,3.6369e-05,53452.8
2026-05-28,IE000EGGFVG6,EPSN,EPSILON ENERGY LTD,1.186e-06,1743.17
2026-05-28,IE000EGGFVG6,EFX,EQUIFAX INC,0.0002200533,323420.16
2026-05-28,IE000EGGFVG6,EQIX,EQUINIX INC,0.0010245188,1505771.52
2026-05-28,IE000EGGFVG6,EQNR,EQUINOR ASA SPON ADR,5.62772e-05,82712.65
2026-05-28,IE000EGGFVG6,EQX,EQUINOX GOLD CORP,0.0002065802,303618.3
2026-05-28,IE000EGGFVG6,EQH,EQUITABLEHOLDINGS INC,0.0001315356,193322.48
2026-05-28,IE000EGGFVG6,EQBK,EQUITY BANCSHARES INC   CL A,2.31356e-05,34003.2
2026-05-28,IE000EGGFVG6,ELS,EQUITY LIFESTYLE PROPERTIES,0.0001333531,195993.76
2026-05-28,IE000EGGFVG6,EQR,EQUITY RESIDENTIAL,0.0001936312,284586.7
2026-05-28,IE000EGGFVG6,ERAS,ERASCA INC,3.234e-05,47531.2
2026-05-28,IE000EGGFVG6,ERIC,ERICSSON (LM) TEL SP ADR,0.0002155268,316767.36
2026-05-28,IE000EGGFVG6,ERIE,ERIE INDEMNITY COMPANY CL A,7.85328e-05,115422.51
2026-05-28,IE000EGGFVG6,ERO,ERO COPPERCORP,0.0001149512,168947.88
2026-05-28,IE000EGGFVG6,ESCA,ESCALADE INC,2.4302e-06,3571.7
2026-05-28,IE000EGGFVG6,ESAB,ESAB CORP,0.0001463747,215132.13
2026-05-28,IE000EGGFVG6,ESE,ESCO TECHNOLOGIES INC,0.0001712544,251698.72
2026-05-28,IE000EGGFVG6,ESP,ESPEY MFG+ ELECTRONICS CORP,1.6637e-06,2445.24
2026-05-28,IE000EGGFVG6,ESQ,ESQUIRE FINANCIAL HOLDINGS I,2.48164e-05,36473.49
2026-05-28,IE000EGGFVG6,EPRT,ESSENTIALPROPERTIES REALTY,0.0001018896,149750.78
2026-05-28,IE000EGGFVG6,WTRG,ESSENTIALUTILITIES INC,0.0001213734,178386.78
2026-05-28,IE000EGGFVG6,ESS,ESSEX PROPERTY TRUST INC,0.0002290915,336703.92
2026-05-28,IE000EGGFVG6,ETD,ETHAN ALLEN INTERIORS INC,5.2824e-06,7763.76
2026-05-28,IE000EGGFVG6,ETSY,ETSY INC,0.0001257235,184780.26
2026-05-28,IE000EGGFVG6,EEFT,EURONET WORLDWIDE INC,3.69771e-05,54346.6
2026-05-28,IE000EGGFVG6,EVR,EVERCORE INC   A,0.0002589386,380571.24
2026-05-28,IE000EGGFVG6,EVRG,EVERGY INC,0.0003703554,544324.5
2026-05-28,IE000EGGFVG6,EVTC,EVERTEC INC,3.0522e-05,44859.2
2026-05-28,IE000EGGFVG6,ES,EVERSOURCEENERGY,0.000238897,351115.38
2026-05-28,IE000EGGFVG6,EVER,EVERQUOTEINC   CLASS A,1.00251e-05,14734.2
2026-05-28,IE000EGGFVG6,MRAM,EVERSPIN TECHNOLOGIES INC,6.5722e-06,9659.34
2026-05-28,IE000EGGFVG6,ECG,EVERUS CONSTRUCTION GROUP,0.0001325693,194841.86
2026-05-28,IE000EGGFVG6,EPM,EVOLUTIONPETROLEUM CORP,1.4782e-06,2172.6
2026-05-28,IE000EGGFVG6,EVH,EVOLENT HEALTH INC   A,6.37e-08,93.6
2026-05-28,IE000EGGFVG6,EE,EXCELERATEENERGY INC A,2.2124e-05,32516.4
2026-05-28,IE000EGGFVG6,EXC,EXELON CORP,0.0002709552,398232.46
2026-05-28,IE000EGGFVG6,EXEL,EXELIXIS INC,0.0003251035,477816.15
2026-05-28,IE000EGGFVG6,FG,F+G ANNUITIES + LIFE INC,3.9492e-05,58042.8
2026-05-28,IE000EGGFVG6,EXLS,EXLSERVICEHOLDINGS INC,6.57173e-05,96586.98
2026-05-28,IE000EGGFVG6,EXOD,EXODUS MOVEMENT INC   A,6.817e-07,1001.95
2026-05-28,IE000EGGFVG6,EXPE,EXPEDIA GROUP INC,0.0005084413,747274.2
2026-05-28,IE000EGGFVG6,EXPD,EXPEDITORSINTL WASH INC,0.0006004795,882545.92
2026-05-28,IE000EGGFVG6,EXPO,EXPONENT INC,4.53135e-05,66598.8
2026-05-28,IE000EGGFVG6,EXR,EXTRA SPACE STORAGE INC,0.0002847279,418474.7
2026-05-28,IE000EGGFVG6,EZPW,EZCORP INCCL A,3.34026e-05,49093.05
2026-05-28,IE000EGGFVG6,XOM,EXXON MOBIL CORP,0.0043599982,6408043.84
2026-05-28,IE000EGGFVG6,EYPT,EYEPOINT INC,1.229e-05,18063.0
2026-05-28,IE000EGGFVG6,FMC,FMC CORP,1.56499e-05,23001.15
2026-05-28,IE000EGGFVG6,FLYW,FLYWIRE CORP VOTING,2.63891e-05,38784.95
2026-05-28,IE000EGGFVG6,FNB,FNB CORP,0.0002044017,300416.48
2026-05-28,IE000EGGFVG6,FBK,FB FINANCIAL CORP,5.10118e-05,74973.78
2026-05-28,IE000EGGFVG6,FIGS,FIGS INC CLASS A,3.40923e-05,50106.62
2026-05-28,IE000EGGFVG6,FSBW,FS BANCORPINC,2.8843e-06,4239.12
2026-05-28,IE000EGGFVG6,FRPH,FRP HOLDINGS INC,4.4739e-06,6575.4
2026-05-28,IE000EGGFVG6,FCN,FTI CONSULTING INC,0.0001042338,153196.1
2026-05-28,IE000EGGFVG6,META,META PLATFORMS INC CLASS A,0.0143156171,21040169.51
2026-05-28,IE000EGGFVG6,FDS,FACTSET RESEARCH SYSTEMS INC,6.95698e-05,102249.2
2026-05-28,IE000EGGFVG6,FICO,FAIR ISAACCORP,0.0002699031,396686.16
2026-05-28,IE000EGGFVG6,FMAO,FARMERS +MERCHANTS BANCO/OH,3.5194e-06,5172.66
2026-05-28,IE000EGGFVG6,FMNB,FARMERS NATL BANC CORP,8.0942e-06,11896.28
2026-05-28,IE000EGGFVG6,FSLY,FASTLY INCCLASS A,4.98379e-05,73248.56
2026-05-28,IE000EGGFVG6,FAST,FASTENAL CO,0.0005571339,818839.44
2026-05-28,IE000EGGFVG6,AGM/A,FEDERAL AGRIC MTG CORP CL A,1.4874e-06,2186.08
2026-05-28,IE000EGGFVG6,AGM,FEDERAL AGRIC MTG CORP CL C,5.23941e-05,77005.5
2026-05-28,IE000EGGFVG6,FRT,FEDERAL REALTY INVS TRUST,6.76846e-05,99478.44
2026-05-28,IE000EGGFVG6,FSS,FEDERAL SIGNAL CORP,0.0001297746,190734.39
2026-05-28,IE000EGGFVG6,FHI,FEDERATEDHERMES INC,0.0001497205,220049.49
2026-05-28,IE000EGGFVG6,FBLA,FB BANCORPINC,2.5862e-06,3800.97
2026-05-28,IE000EGGFVG6,FDX,FEDEX CORP,0.0010727384,1576641.6
2026-05-28,IE000EGGFVG6,FDXF-W,FEDEX FREIGHT HOLDING CO W/I,0.000311158,457320.0
2026-05-28,IE000EGGFVG6,FERG,FERGUSON ENTERPRISES INC,0.0005445985,800415.66
2026-05-28,IE000EGGFVG6,FFIV,F5 INC,0.00041037,603135.39
2026-05-28,IE000EGGFVG6,FDBC,FIDELITY D+D BANCORP INC,2.4822e-06,3648.22
2026-05-28,IE000EGGFVG6,FIS,FIDELITY NATIONAL INFO SERV,0.0002525613,371198.24
2026-05-28,IE000EGGFVG6,FNF,FIDELITY NATIONAL FINANCIAL,0.0002278113,334822.4
2026-05-28,IE000EGGFVG6,FITB,FIFTH THIRD BANCORP,0.0005060847,743810.56
2026-05-28,IE000EGGFVG6,FDSB,FIFTH DISTRICT BANCORP INC,7.711e-07,1133.25
2026-05-28,IE000EGGFVG6,FOA,FINANCE OFAMERICA COS INC A,1.9703e-06,2895.75
2026-05-28,IE000EGGFVG6,FISI,FINANCIALINSTITUTIONS INC,1.64707e-05,24207.56
2026-05-28,IE000EGGFVG6,FNWD,FINWARD BANCORP,1.3239e-06,1945.82
2026-05-28,IE000EGGFVG6,FINW,FINWISE BANCORP,1.7827e-06,2620.16
2026-05-28,IE000EGGFVG6,FAF,FIRST AMERICAN FINANCIAL,0.0002817338,414074.1
2026-05-28,IE000EGGFVG6,FNLC,FIRST BANCORP INC/ME,3.0376e-06,4464.54
2026-05-28,IE000EGGFVG6,FBP,FIRST BANCORP PUERTO RICO,8.42952e-05,123891.6
2026-05-28,IE000EGGFVG6,FBNC,FIRST BANCORP/NC,5.23466e-05,76935.68
2026-05-28,IE000EGGFVG6,FRBA,FIRST BANK/HAMILTON NJ,1.11234e-05,16348.5
2026-05-28,IE000EGGFVG6,BUSE,FIRST BUSEY CORP,3.7545e-05,55181.25
2026-05-28,IE000EGGFVG6,FBIZ,FIRST BUSINESS FINANCIAL SER,1.42382e-05,20926.36
2026-05-28,IE000EGGFVG6,FCAP,FIRST CAPITAL INC,1.9377e-06,2847.86
2026-05-28,IE000EGGFVG6,FCNCA,FIRST CITIZENS BCSHS   CL A,0.0004182815,614763.18
2026-05-28,IE000EGGFVG6,FCF,FIRST COMMONWEALTH FINL CORP,3.3216e-05,48818.7
2026-05-28,IE000EGGFVG6,FCCO,FIRST COMMUNITY CORP,2.1264e-06,3125.2
2026-05-28,IE000EGGFVG6,FCBC,FIRST COMMUNITY BANKSHARES,1.97317e-05,29000.4
2026-05-28,IE000EGGFVG6,FFBC,FIRST FINANCIAL BANCORP,8.04293e-05,118209.72
2026-05-28,IE000EGGFVG6,FFIN,FIRST FINLBANKSHARES INC,0.0002112978,310551.9
2026-05-28,IE000EGGFVG6,THFF,FIRST FINANCIAL CORP,2.31045e-05,33957.56
2026-05-28,IE000EGGFVG6,FGBI,FIRST GUARANTY BANCSHARES IN,1.428e-06,2098.72
2026-05-28,IE000EGGFVG6,FHN,FIRST HORIZON CORP,0.0001966458,289017.26
2026-05-28,IE000EGGFVG6,FHB,FIRST HAWAIIAN INC,7.91312e-05,116301.9
2026-05-28,IE000EGGFVG6,FR,FIRST INDUSTRIAL REALTY TR,5.43136e-05,79826.56
2026-05-28,IE000EGGFVG6,DIBS,1STDIBS.COM INC,1.5792e-06,2320.99
2026-05-28,IE000EGGFVG6,INBK,FIRST INTERNET BANCORP,1.9389e-06,2849.7
2026-05-28,IE000EGGFVG6,FIBK,FIRST INTERSTATE BANCSYS A,0.0001040821,152973.2
2026-05-28,IE000EGGFVG6,AG,FIRST MAJESTIC SILVER CORP,0.0001151007,169167.6
2026-05-28,IE000EGGFVG6,FRME,FIRST MERCHANTS CORP,5.37199e-05,78953.99
2026-05-28,IE000EGGFVG6,FMBH,FIRST MIDBANCSHARES INC,1.77722e-05,26120.5
2026-05-28,IE000EGGFVG6,FXNC,FIRST NATIONAL CORP/VA,2.3466e-06,3448.92
2026-05-28,IE000EGGFVG6,FNWB,FIRST NORTHWEST BANCORP,8.491e-07,1248.0
2026-05-28,IE000EGGFVG6,FSLR,FIRST SOLAR INC,0.0011268364,1656151.42
2026-05-28,IE000EGGFVG6,SRCE,1ST SOURCECORP,3.14813e-05,46269.24
2026-05-28,IE000EGGFVG6,FUNC,FIRST UNITED CORP,2.3351e-06,3432.0
2026-05-28,IE000EGGFVG6,FUSB,FIRST US BANCSHARES INC,8.466e-07,1244.25
2026-05-28,IE000EGGFVG6,FWRG,FIRST WATCH RESTAURANT GROUP,1.19148e-05,17511.62
2026-05-28,IE000EGGFVG6,MYFW,FIRST WESTERN FINANCIAL INC,2.5929e-06,3810.84
2026-05-28,IE000EGGFVG6,FSV,FIRSTSERVICE CORP,3.52997e-05,51881.28
2026-05-28,IE000EGGFVG6,FSUN,FIRSTSUN CAPITAL BANCORP,1.3869e-05,20383.75
2026-05-28,IE000EGGFVG6,FCFS,FIRSTCASHHOLDINGS INC,0.0002324041,341572.5
2026-05-28,IE000EGGFVG6,FISV,FISERV INC,0.0002607768,383272.95
2026-05-28,IE000EGGFVG6,FE,FIRSTENERGY CORP,0.000249408,366563.84
2026-05-28,IE000EGGFVG6,FTLF,FITLIFE BRANDS INC,7.602e-07,1117.24
2026-05-28,IE000EGGFVG6,FIVE,FIVE BELOW,0.0002396305,352193.4
2026-05-28,IE000EGGFVG6,FIVN,FIVE9 INC,1.64965e-05,24245.46
2026-05-28,IE000EGGFVG6,FSBC,FIVE STARBANCORP,2.38828e-05,35101.44
2026-05-28,IE000EGGFVG6,FPH,FIVE POINTHOLDINGS LLC CL A,3.2992e-06,4848.92
2026-05-28,IE000EGGFVG6,MHC/U,FLAGSHIP COMMUNITIES REIT UT,1.3309e-06,1956.0
2026-05-28,IE000EGGFVG6,FLXS,FLEXSTEELINDS,2.9329e-06,4310.64
2026-05-28,IE000EGGFVG6,FSI,FLEXIBLE SOLUTIONS INTL INC,7.736e-07,1136.92
2026-05-28,IE000EGGFVG6,FND,FLOOR + DECOR HOLDINGS INC A,7.70389e-05,113226.84
2026-05-28,IE000EGGFVG6,FTK,FLOTEK INDUSTRIES INC,1.61779e-05,23777.28
2026-05-28,IE000EGGFVG6,FLR,FLUOR CORP,0.0001712636,251712.23
2026-05-28,IE000EGGFVG6,FLO,FLOWERS FOODS INC,1.65134e-05,24270.4
2026-05-28,IE000EGGFVG6,FLS,FLOWSERVECORP,0.0001432829,210588.0
2026-05-28,IE000EGGFVG6,FLNC,FLUENCE ENERGY INC,5.959e-07,875.76
2026-05-28,IE000EGGFVG6,FFIC,FLUSHING FINANCIAL CORP,2.00459e-05,29462.16
2026-05-28,IE000EGGFVG6,FONR,FONAR CORP,1.0913e-06,1603.98
2026-05-28,IE000EGGFVG6,F,FORD MOTORCO,0.0012058016,1772209.35
2026-05-28,IE000EGGFVG6,FOR,FORESTAR GROUP INC,2.10071e-05,30874.92
2026-05-28,IE000EGGFVG6,FORM,FORMFACTORINC,0.0001209403,177750.3
2026-05-28,IE000EGGFVG6,FORTY,FORMULA SYSTEMS 1985 SP ADR,9.862e-07,1449.42
2026-05-28,IE000EGGFVG6,FORR,FORRESTERRESEARCH INC,1.2188e-06,1791.29
2026-05-28,IE000EGGFVG6,FTS,FORTIS INC,0.000111553,163953.42
2026-05-28,IE000EGGFVG6,FTNT,FORTINET INC,0.0009080634,1334613.0
2026-05-28,IE000EGGFVG6,FTV,FORTIVE CORP,0.0005200651,764358.06
2026-05-28,IE000EGGFVG6,FBIN,FORTUNE BRANDS INNOVATIONS I,9.22482e-05,135580.38
2026-05-28,IE000EGGFVG6,FTRE,FORTREA HOLDINGS INC,2.30041e-05,33810.0
2026-05-28,IE000EGGFVG6,FET,FORUM ENERGY TECHNOLOGIES IN,5.3553e-06,7870.9
2026-05-28,IE000EGGFVG6,FWRD,FORWARD AIR CORP,8.2965e-06,12193.72
2026-05-28,IE000EGGFVG6,FOSL,FOSSIL GROUP INC,2.2994e-06,3379.5
2026-05-28,IE000EGGFVG6,FSM,FORTUNA MINING CORP,0.0002157187,317049.39
2026-05-28,IE000EGGFVG6,FSTR,FOSTER (LB) CO A,1.82245e-05,26785.2
2026-05-28,IE000EGGFVG6,FCPT,FOUR CORNERS PROPERTY TRUST,1.83489e-05,26968.08
2026-05-28,IE000EGGFVG6,FDMT,4D MOLECULAR THERAPEUTICS IN,1.84193e-05,27071.46
2026-05-28,IE000EGGFVG6,FOXA,FOX CORPCLASS A,0.0003720289,546783.98
2026-05-28,IE000EGGFVG6,FOX,FOX CORPCLASS B,0.0001911015,280868.66
2026-05-28,IE000EGGFVG6,FOXF,FOX FACTORY HOLDING CORP,7.7512e-06,11392.15
2026-05-28,IE000EGGFVG6,FNV,FRANCO NEVADA CORP,0.0001187856,174583.44
2026-05-28,IE000EGGFVG6,FC,FRANKLIN COVEY CO,2.9254e-06,4299.58
2026-05-28,IE000EGGFVG6,FELE,FRANKLIN ELECTRIC CO INC,8.23876e-05,121087.98
2026-05-28,IE000EGGFVG6,FRAF,FRANKLIN FINANCIAL SERVICES,2.4272e-06,3567.28
2026-05-28,IE000EGGFVG6,BEN,FRANKLIN RESOURCES INC,0.0003843131,564838.58
2026-05-28,IE000EGGFVG6,FKWL,FRANKLIN WIRELESS CORP,3.244e-07,476.8
2026-05-28,IE000EGGFVG6,FCX,FREEPORT MCMORAN INC,0.0008638142,1269578.38
2026-05-28,IE000EGGFVG6,RAIL,FREIGHTCARAMERICA INC,8.817e-07,1295.92
2026-05-28,IE000EGGFVG6,FEIM,FREQUENCYELECTRONICS INC,4.8866e-06,7182.0
2026-05-28,IE000EGGFVG6,FMS,FRESENIUSMEDICAL CARE ADR,2.4724e-06,3633.84
2026-05-28,IE000EGGFVG6,FRPT,FRESHPET INC,5.85901e-05,86111.98
2026-05-28,IE000EGGFVG6,FRSH,FRESHWORKSINC CL A,2.07833e-05,30546.0
2026-05-28,IE000EGGFVG6,FRD,FRIEDMAN INDUSTRIES,1.5474e-06,2274.24
2026-05-28,IE000EGGFVG6,FTDR,FRONTDOORINC,8.18722e-05,120330.42
2026-05-28,IE000EGGFVG6,ULCC,FRONTIER GROUP HOLDINGS INC,2.10526e-05,30941.76
2026-05-28,IE000EGGFVG6,FVR,FRONTVIEWREIT INC,1.545e-06,2270.72
2026-05-28,IE000EGGFVG6,FCEL,FUELCELL ENERGY INC,1.07369e-05,15780.33
2026-05-28,IE000EGGFVG6,FULC,FULCRUM THERAPEUTICS INC,3.406e-06,5005.88
2026-05-28,IE000EGGFVG6,FLGT,FULGENT GENETICS INC,1.21125e-05,17802.24
2026-05-28,IE000EGGFVG6,FLL,FULL HOUSERESORTS INC,6.492e-07,954.08
2026-05-28,IE000EGGFVG6,FUL,H.B. FULLER CO.,6.65436e-05,97801.42
2026-05-28,IE000EGGFVG6,FULT,FULTON FINANCIAL CORP,0.0001119494,164535.96
2026-05-28,IE000EGGFVG6,FNKO,FUNKO INCCLASS A,2.7804e-06,4086.5
2026-05-28,IE000EGGFVG6,FF,FUTUREFUELCORP,1.6853e-06,2476.98
2026-05-28,IE000EGGFVG6,FVCB,FVCBANKCORP INC,2.6271e-06,3861.2
2026-05-28,IE000EGGFVG6,GATX,GATX CORP,0.0001563961,229860.96
2026-05-28,IE000EGGFVG6,GLIBA,LIBERTY CAPITAL CORP,7.923e-07,1164.5
2026-05-28,IE000EGGFVG6,GLIBK,LIBERTY CAPITAL CORP CL C,1.8461e-05,27132.85
2026-05-28,IE000EGGFVG6,GBFH,GBANK FINANCIAL HOLDINGS INC,3.8927e-06,5721.3
2026-05-28,IE000EGGFVG6,GFL,GFL ENVIRONMENTAL INC SUB VT,1.08923e-05,16008.76
2026-05-28,IE000EGGFVG6,GIII,G III APPAREL GROUP LTD,3.96127e-05,58220.24
2026-05-28,IE000EGGFVG6,GXO,GXO LOGISTICS INC,0.0001379401,202735.44
2026-05-28,IE000EGGFVG6,GEHC,GE HEALTHCARE TECHNOLOGY,0.0006520226,958300.7
2026-05-28,IE000EGGFVG6,GAIA,GAIA INC,4.451e-07,654.15
2026-05-28,IE000EGGFVG6,LKFT,LAKEFRONTBIOTHERAPEUTIC ADR,1.542e-07,226.56
2026-05-28,IE000EGGFVG6,GAU,GALIANO GOLD INC,2.06758e-05,30387.96
2026-05-28,IE000EGGFVG6,AJG,ARTHUR J GALLAGHER + CO,0.0003368456,495073.95
2026-05-28,IE000EGGFVG6,GLPI,GAMING ANDLEISURE PROPERTIE,0.0002170878,319061.61
2026-05-28,IE000EGGFVG6,GME,GAMESTOP CORP CLASS A,0.000158381,232778.16
2026-05-28,IE000EGGFVG6,TDAY,USA TODAYCO INC,3.04601e-05,44768.28
2026-05-28,IE000EGGFVG6,GAP,GAP INC/THE,0.0003146825,462500.0
2026-05-28,IE000EGGFVG6,GTX,GARRETT MOTION INC,0.0001166843,171495.0
2026-05-28,IE000EGGFVG6,IT,GARTNER INC,0.000105389,154893.98
2026-05-28,IE000EGGFVG6,GEV,GE VERNOVAINC,0.0004404874,647400.0
2026-05-28,IE000EGGFVG6,GCMG,GCM GROSVENOR INC   CLASS A,9.834e-06,14453.34
2026-05-28,IE000EGGFVG6,GENC,GENCOR INDUSTRIES INC,1.6529e-06,2429.28
2026-05-28,IE000EGGFVG6,GNRC,GENERAC HOLDINGS INC,0.0002867255,421410.6
2026-05-28,IE000EGGFVG6,GE,GENERAL ELECTRIC,0.0023507024,3454910.58
2026-05-28,IE000EGGFVG6,GIS,GENERAL MILLS INC,0.0002639976,388006.61
2026-05-28,IE000EGGFVG6,GM,GENERAL MOTORS CO,0.0014529177,2135404.6
2026-05-28,IE000EGGFVG6,GCO,GENESCO INC,4.0347e-06,5929.94
2026-05-28,IE000EGGFVG6,GNTX,GENTEX CORP,0.0001393451,204800.4
2026-05-28,IE000EGGFVG6,GNE,GENIE ENERGY LTD B,3.2495e-06,4775.94
2026-05-28,IE000EGGFVG6,GMAB,GENMAB A/SSP ADR,1.61901e-05,23795.2
2026-05-28,IE000EGGFVG6,GPC,GENUINE PARTS CO,0.0003189048,468705.72
2026-05-28,IE000EGGFVG6,GNW,GENWORTH FINANCIAL INC,9.44558e-05,138825.1
2026-05-28,IE000EGGFVG6,THRM,GENTHERM INC,1.88379e-05,27686.78
2026-05-28,IE000EGGFVG6,GEOS,GEOSPACE TECHNOLOGIES CORP,2.37e-08,34.76
2026-05-28,IE000EGGFVG6,GABC,GERMAN AMERICAN BANCORP,2.98313e-05,43844.1
2026-05-28,IE000EGGFVG6,GTY,GETTY REALTY CORP,2.24577e-05,33006.86
2026-05-28,IE000EGGFVG6,GEVO,GEVO INC,7.76e-08,114.0
2026-05-28,IE000EGGFVG6,ROCK,GIBRALTARINDUSTRIES INC,1.07034e-05,15731.23
2026-05-28,IE000EGGFVG6,GILD,GILEAD SCIENCES INC,0.00235564,3462167.52
2026-05-28,IE000EGGFVG6,GIL,GILDAN ACTIVEWEAR INC,0.0001547079,227379.66
2026-05-28,IE000EGGFVG6,GBCI,GLACIER BANCORP INC,0.0002593909,381236.0
2026-05-28,IE000EGGFVG6,GOOD,GLADSTONECOMMERCIAL CORP,2.4685e-06,3628.05
2026-05-28,IE000EGGFVG6,GSK,GSK PLC SPON ADR,0.0005690756,836390.52
2026-05-28,IE000EGGFVG6,GBTG,GLOBAL BUSINESS TRAVEL GROUP,2.75775e-05,40531.62
2026-05-28,IE000EGGFVG6,GIC,GLOBAL INDUSTRIAL CO,2.55654e-05,37574.4
2026-05-28,IE000EGGFVG6,GSAT,GLOBALSTARINC,4.19354e-05,61633.9
2026-05-28,IE000EGGFVG6,GNL,GLOBAL NETLEASE INC,2.32708e-05,34201.96
2026-05-28,IE000EGGFVG6,GPN,GLOBAL PAYMENTS INC,0.0005435046,798807.9
2026-05-28,IE000EGGFVG6,GWRS,GLOBAL WATER RESOURCES INC,1.2638e-06,1857.4
2026-05-28,IE000EGGFVG6,XRN,CHIRON REAL ESTATE INC,1.9895e-06,2924.0
2026-05-28,IE000EGGFVG6,GMED,GLOBUS MEDICAL INC   A,0.0001760372,258728.1
2026-05-28,IE000EGGFVG6,GL,GLOBE LIFEINC,0.0002162865,317883.93
2026-05-28,IE000EGGFVG6,GDDY,GODADDY INC   CLASS A,0.0001004685,147662.1
2026-05-28,IE000EGGFVG6,GOGO,GOGO INC,7.3762e-06,10841.04
2026-05-28,IE000EGGFVG6,GS,GOLDMAN SACHS GROUP INC,0.0020466049,3007967.71
2026-05-28,IE000EGGFVG6,GDRX,GOODRX HOLDINGS INC CLASS A,2.8917e-06,4250.07
2026-05-28,IE000EGGFVG6,GT,GOODYEAR TIRE + RUBBER CO,4.16867e-05,61268.4
2026-05-28,IE000EGGFVG6,GSHD,GOOSEHEADINSURANCE INC  A,5.2016e-06,7644.91
2026-05-28,IE000EGGFVG6,GRC,GORMAN RUPP CO,3.51909e-05,51721.35
2026-05-28,IE000EGGFVG6,GGG,GRACO INC,0.0002065048,303507.46
2026-05-28,IE000EGGFVG6,GHM,GRAHAM CORP,1.58928e-05,23358.25
2026-05-28,IE000EGGFVG6,GHC,GRAHAM HOLDINGS CO CLASS B,8.17947e-05,120216.64
2026-05-28,IE000EGGFVG6,GRAL,GRAIL INC,0.0001164324,171124.8
2026-05-28,IE000EGGFVG6,GWW,WW GRAINGER INC,0.0010761909,1581715.88
2026-05-28,IE000EGGFVG6,GTE,GRAN TIERRA ENERGY INC,3.4956e-06,5137.56
2026-05-28,IE000EGGFVG6,LOPE,GRAND CANYON EDUCATION INC,0.0001308161,192265.12
2026-05-28,IE000EGGFVG6,GVA,GRANITE CONSTRUCTION INC,0.0001427534,209809.68
2026-05-28,IE000EGGFVG6,GRNT,GRANITE RIDGE RESOURCES INC,8.3188e-06,12226.5
2026-05-28,IE000EGGFVG6,GPK,GRAPHIC PACKAGING HOLDING CO,4.23495e-05,62242.56
2026-05-28,IE000EGGFVG6,GTN,GRAY MEDIAINC,1.57722e-05,23181.03
2026-05-28,IE000EGGFVG6,GSBC,GREAT SOUTHERN BANCORP INC,1.63092e-05,23970.24
2026-05-28,IE000EGGFVG6,GRBK,GREEN BRICK PARTNERS INC,4.55819e-05,66993.3
2026-05-28,IE000EGGFVG6,GDOT,GREEN DOTCORP CLASS A,2.28032e-05,33514.6
2026-05-28,IE000EGGFVG6,GPRE,GREEN PLAINS INC,2.02985e-05,29833.47
2026-05-28,IE000EGGFVG6,GBX,GREENBRIERCOMPANIES INC,2.95925e-05,43493.2
2026-05-28,IE000EGGFVG6,GCBC,GREENE COUNTY BANCORP INC,5.837e-06,8578.88
2026-05-28,IE000EGGFVG6,GEF,GREIF INCCL A,2.43564e-05,35797.41
2026-05-28,IE000EGGFVG6,GEF/B,GREIF INCCL B,3.26175e-05,47939.15
2026-05-28,IE000EGGFVG6,GDYN,GRID DYNAMICS HOLDINGS INC,6.0776e-06,8932.44
2026-05-28,IE000EGGFVG6,AHR,AMERICAN HEALTHCARE REIT INC,7.70638e-05,113263.4
2026-05-28,IE000EGGFVG6,GFF,GRIFFON CORP,9.82016e-05,144330.34
2026-05-28,IE000EGGFVG6,GRND,GRINDR INC,2.05998e-05,30276.3
2026-05-28,IE000EGGFVG6,GO,GROCERY OUTLET HOLDING CORP,8.0996e-06,11904.22
2026-05-28,IE000EGGFVG6,GPI,GROUP 1 AUTOMOTIVE INC,0.0001421491,208921.6
2026-05-28,IE000EGGFVG6,GRPN,GROUPON INC,5.9861e-06,8798.0
2026-05-28,IE000EGGFVG6,GH,GUARDANT HEALTH INC,1.53185e-05,22514.18
2026-05-28,IE000EGGFVG6,GRDN,GUARDIAN PHRMCY SERVICES A,2.69717e-05,39641.25
2026-05-28,IE000EGGFVG6,GWRE,GUIDEWIRESOFTWARE INC,0.0001411885,207509.8
2026-05-28,IE000EGGFVG6,GPOR,GULFPORT ENERGY CORP,0.0001030819,151503.15
2026-05-28,IE000EGGFVG6,GYRE,GYRE THERAPEUTICS INC,2.9369e-06,4316.48
2026-05-28,IE000EGGFVG6,DINO,HF SINCLAIR CORP,0.0002670979,392563.26
2026-05-28,IE000EGGFVG6,HBT,HBT FINANCIAL INC/DE,8.7433e-06,12850.38
2026-05-28,IE000EGGFVG6,HCA,HCA HEALTHCARE INC,0.0004893355,719193.69
2026-05-28,IE000EGGFVG6,HCI,HCI GROUPINC,6.01448e-05,88396.88
2026-05-28,IE000EGGFVG6,HFFG,HF FOODS GROUP INC,1.0055e-06,1477.84
2026-05-28,IE000EGGFVG6,HNI,HNI CORP,2.593e-07,381.12
2026-05-28,IE000EGGFVG6,HSBC,HSBC HOLDINGS PLC SPONS ADR,0.0017578934,2583638.2
2026-05-28,IE000EGGFVG6,HPQ,HP INC,0.0002516425,369847.88
2026-05-28,IE000EGGFVG6,HCKT,HACKETT GROUP INC/THE,2.3672e-06,3479.22
2026-05-28,IE000EGGFVG6,HAE,HAEMONETICS CORP/MASS,0.0001211499,178058.24
2026-05-28,IE000EGGFVG6,HGTY,HAGERTY INC A,2.30423e-05,33866.1
2026-05-28,IE000EGGFVG6,HNRG,HALLADOR ENERGY CO,2.59878e-05,38195.18
2026-05-28,IE000EGGFVG6,HAL,HALLIBURTON CO,0.0008294237,1219033.35
2026-05-28,IE000EGGFVG6,HALO,HALOZYME THERAPEUTICS INC,0.0001462655,214971.54
2026-05-28,IE000EGGFVG6,HBB,HAMILTON BEACH BRAND A,1.9958e-06,2933.35
2026-05-28,IE000EGGFVG6,HLNE,HAMILTON LANE INC CLASS A,3.98003e-05,58495.85
2026-05-28,IE000EGGFVG6,HWC,HANCOCK WHITNEY CORP,0.0001633146,240029.28
2026-05-28,IE000EGGFVG6,HAFC,HANMI FINANCIAL CORPORATION,2.51667e-05,36988.42
2026-05-28,IE000EGGFVG6,HNVR,HANOVER BANCORP INC,1.581e-06,2323.58
2026-05-28,IE000EGGFVG6,THG,HANOVER INSURANCE GROUP INC/,0.0002164935,318188.22
2026-05-28,IE000EGGFVG6,HOG,HARLEY DAVIDSON INC,4.59977e-05,67604.44
2026-05-28,IE000EGGFVG6,HLIT,HARMONIC INC,4.33289e-05,63682.0
2026-05-28,IE000EGGFVG6,HRMY,HARMONY BIOSCIENCES HOLDINGS,4.07301e-05,59862.49
2026-05-28,IE000EGGFVG6,HROW,HARROW INC,3.09658e-05,45511.54
2026-05-28,IE000EGGFVG6,HIG,HARTFORD INSURANCE GROUP INC,0.0010055328,1477867.23
2026-05-28,IE000EGGFVG6,HAS,HASBRO INC,0.0002550726,374889.2
2026-05-28,IE000EGGFVG6,HVT,HAVERTY FURNITURE,3.3062e-06,4859.28
2026-05-28,IE000EGGFVG6,HE,HAWAIIAN ELECTRIC INDS,3.06104e-05,44989.15
2026-05-28,IE000EGGFVG6,HWKN,HAWKINS INC,6.04492e-05,88844.4
2026-05-28,IE000EGGFVG6,HWBK,HAWTHORN BANCSHARES INC,2.3607e-06,3469.54
2026-05-28,IE000EGGFVG6,HAYW,HAYWARD HOLDINGS INC,6.04247e-05,88808.34
2026-05-28,IE000EGGFVG6,HCSG,HEALTHCARESERVICES GROUP,2.98171e-05,43823.22
2026-05-28,IE000EGGFVG6,HSTM,HEALTHSTREAM INC,6.7535e-06,9925.89
2026-05-28,IE000EGGFVG6,HCAT,HEALTH CATALYST INC,1.14e-08,16.8
2026-05-28,IE000EGGFVG6,HQY,HEALTHEQUITY INC,0.0002110666,310212.04
2026-05-28,IE000EGGFVG6,HR,HEALTHCAREREALTY TRUST INC,0.0001064654,156475.91
2026-05-28,IE000EGGFVG6,HTLD,HEARTLANDEXPRESS INC,1.14866e-05,16882.26
2026-05-28,IE000EGGFVG6,DOC,HEALTHPEAKPROPERTIES INC,0.0001207183,177423.94
2026-05-28,IE000EGGFVG6,HL,HECLA MINING CO,0.0002243428,329724.55
2026-05-28,IE000EGGFVG6,HEI,HEICO CORP,0.000254036,373365.74
2026-05-28,IE000EGGFVG6,HEI/A,HEICO CORPCLASS A,0.0003032842,445747.52
2026-05-28,IE000EGGFVG6,HLIO,HELIOS TECHNOLOGIES INC,4.29965e-05,63193.44
2026-05-28,IE000EGGFVG6,HLX,HELIX ENERGY SOLUTIONS GROUP,2.1019e-05,30892.4
2026-05-28,IE000EGGFVG6,HP,HELMERICH+ PAYNE,0.0001178569,173218.5
2026-05-28,IE000EGGFVG6,HNNA,HENNESSY ADVISORS INC,7.284e-07,1070.6
2026-05-28,IE000EGGFVG6,JKHY,JACK HENRY+ ASSOCIATES INC,0.000201679,296414.72
2026-05-28,IE000EGGFVG6,HRI,HERC HOLDINGS INC,0.0001770594,260230.46
2026-05-28,IE000EGGFVG6,HFWA,HERITAGE FINANCIAL CORP,8.5755e-06,12603.74
2026-05-28,IE000EGGFVG6,HRTG,HERITAGE INSURANCE HOLDINGS,1.71242e-05,25168.0
2026-05-28,IE000EGGFVG6,HSY,HERSHEY CO/THE,0.0005441696,799785.36
2026-05-28,IE000EGGFVG6,HTZ,HERTZ GLOBAL HLDGS INC,1.00407e-05,14757.12
2026-05-28,IE000EGGFVG6,HPE,HEWLETT PACKARD ENTERPRISE,0.0009944968,1461647.13
2026-05-28,IE000EGGFVG6,HXL,HEXCEL CORP,0.0001831843,269232.48
2026-05-28,IE000EGGFVG6,HPK,HIGHPEAK ENERGY INC,6.5964e-06,9695.0
2026-05-28,IE000EGGFVG6,HIW,HIGHWOODSPROPERTIES INC,2.59328e-05,38114.34
2026-05-28,IE000EGGFVG6,HLMN,HILLMAN SOLUTIONS CORP,2.68773e-05,39502.56
2026-05-28,IE000EGGFVG6,HGV,HILTON GRAND VACATIONS INC,0.0001193633,175432.5
2026-05-28,IE000EGGFVG6,HLT,HILTON WORLDWIDE HOLDINGS IN,0.0006240057,917123.35
2026-05-28,IE000EGGFVG6,HIFS,HINGHAM INSTITUTION FOR SVGS,5.8072e-06,8535.0
2026-05-28,IE000EGGFVG6,HQI,HIREQUESTINC,1.6959e-06,2492.55
2026-05-28,IE000EGGFVG6,HIPO,HIPPO HOLDINGS INC,1.30903e-05,19239.34
2026-05-28,IE000EGGFVG6,HLLY,HOLLEY INC,3.2261e-06,4741.5
2026-05-28,IE000EGGFVG6,HOMB,HOME BANCSHARES INC,0.0001727945,253962.24
2026-05-28,IE000EGGFVG6,HBCP,HOME BANCORP INC,1.96503e-05,28880.67
2026-05-28,IE000EGGFVG6,HD,HOME DEPOTINC,0.0023286453,3422492.55
2026-05-28,IE000EGGFVG6,HTB,HOMETRUSTBANCSHARES INC,1.87514e-05,27559.65
2026-05-28,IE000EGGFVG6,HMC,HONDA MOTOR CO LTD SPONS ADR,1.2626e-06,1855.72
2026-05-28,IE000EGGFVG6,HNST,HONEST COINC/THE,3.8268e-06,5624.36
2026-05-28,IE000EGGFVG6,HON,HONEYWELLINTERNATIONAL INC,0.0017429001,2561602.0
2026-05-28,IE000EGGFVG6,HOFT,HOOKER FURNISHINGS CORP,1.2904e-06,1896.54
2026-05-28,IE000EGGFVG6,HOPE,HOPE BANCORP INC,3.0113e-05,44258.2
2026-05-28,IE000EGGFVG6,HMN,HORACE MANN EDUCATORS,4.13125e-05,60718.5
2026-05-28,IE000EGGFVG6,HBNC,HORIZON BANCORP INC/IN,2.42421e-05,35629.44
2026-05-28,IE000EGGFVG6,HRL,HORMEL FOODS CORP,0.0002189771,321838.37
2026-05-28,IE000EGGFVG6,HST,HOST HOTELS + RESORTS INC,0.0001557823,228958.8
2026-05-28,IE000EGGFVG6,HLI,HOULIHAN LOKEY INC,0.0001266543,186148.29
2026-05-28,IE000EGGFVG6,HOV,HOVNANIANENTERPRISES A,5.7605e-06,8466.4
2026-05-28,IE000EGGFVG6,HHH,HOWARD HUGHES HOLDINGS INC,0.0001021067,150069.78
2026-05-28,IE000EGGFVG6,HWM,HOWMET AEROSPACE INC,0.001182624,1738144.32
2026-05-28,IE000EGGFVG6,HUBG,HUB GROUPINC CL A,6.77926e-05,99637.2
2026-05-28,IE000EGGFVG6,HUBB,HUBBELL INC,0.0003814695,560659.19
2026-05-28,IE000EGGFVG6,HUBS,HUBSPOT INC,7.18244e-05,105562.8
2026-05-28,IE000EGGFVG6,HBM,HUDBAY MINERALS INC,0.0003047084,447840.72
2026-05-28,IE000EGGFVG6,HPP,HUDSON PACIFIC PROPERTIES IN,8.9276e-06,13121.28
2026-05-28,IE000EGGFVG6,HDSN,HUDSON TECHNOLOGIES INC,2.1593e-06,3173.67
2026-05-28,IE000EGGFVG6,HUM,HUMANA INC,0.0006025985,885660.3
2026-05-28,IE000EGGFVG6,JBHT,HUNT (JB)TRANSPRT SVCS INC,0.0008015755,1178103.96
2026-05-28,IE000EGGFVG6,HBAN,HUNTINGTONBANCSHARES INC,0.0005966241,876879.64
2026-05-28,IE000EGGFVG6,HII,HUNTINGTONINGALLS INDUSTRIE,0.0002344957,344646.6
2026-05-28,IE000EGGFVG6,HUN,HUNTSMAN CORP,6.10701e-05,89756.94
2026-05-28,IE000EGGFVG6,HURC,HURCO COMPANIES INC,1.0016e-06,1472.04
2026-05-28,IE000EGGFVG6,HURN,HURON CONSULTING GROUP INC,3.49287e-05,51336.0
2026-05-28,IE000EGGFVG6,HUT,HUT 8 CORP,0.0002065122,303518.32
2026-05-28,IE000EGGFVG6,H,HYATT HOTELS CORP   CL A,0.0001158387,170252.28
2026-05-28,IE000EGGFVG6,IDT,IDT CORP CLASS B,2.79492e-05,41078.0
2026-05-28,IE000EGGFVG6,HYLN,HYLIION HOLDINGS CORP,1.565e-07,230.08
2026-05-28,IE000EGGFVG6,HY,HYSTER YALE INC,1.76099e-05,25881.9
2026-05-28,IE000EGGFVG6,ICFI,ICF INTERNATIONAL INC,1.21109e-05,17799.82
2026-05-28,IE000EGGFVG6,ICUI,ICU MEDICAL INC,8.05024e-05,118317.24
2026-05-28,IE000EGGFVG6,IESC,IES HOLDINGS INC,0.0002406377,353673.76
2026-05-28,IE000EGGFVG6,CRGY,CRESCENT ENERGY INC A,0.0002016919,296433.78
2026-05-28,IE000EGGFVG6,IPGP,IPG PHOTONICS CORP,0.0001731823,254532.15
2026-05-28,IE000EGGFVG6,ITT,ITT INC,0.0002461381,361757.85
2026-05-28,IE000EGGFVG6,IAG,IAMGOLD CORP,0.000440232,647024.56
2026-05-28,IE000EGGFVG6,IBTA,IBOTTA INCCL A,7.4819e-06,10996.44
2026-05-28,IE000EGGFVG6,IDA,IDACORP INC,9.5848e-05,140871.18
2026-05-28,IE000EGGFVG6,IDYA,IDEAYA BIOSCIENCES INC,5.24223e-05,77046.84
2026-05-28,IE000EGGFVG6,IEX,IDEX CORP,0.0003505417,515203.59
2026-05-28,IE000EGGFVG6,IDXX,IDEXX LABORATORIES INC,0.000550354,808874.72
2026-05-28,IE000EGGFVG6,INVE,IDENTIV INC,8.654e-07,1271.9
2026-05-28,IE000EGGFVG6,IMA,IMAGENEBIOINC,6.128e-07,900.6
2026-05-28,IE000EGGFVG6,ITW,ILLINOIS TOOL WORKS,0.0009493123,1395237.96
2026-05-28,IE000EGGFVG6,ILMN,ILLUMINA INC,0.000499725,734463.6
2026-05-28,IE000EGGFVG6,IMAX,IMAX CORP,4.5483e-05,66847.92
2026-05-28,IE000EGGFVG6,IMO,IMPERIAL OIL LTD,0.0001327294,195077.1
2026-05-28,IE000EGGFVG6,INCY,INCYTE CORP,0.0003953773,581100.0
2026-05-28,IE000EGGFVG6,IRT,INDEPENDENCE REALTY TRUST IN,3.07718e-05,45226.44
2026-05-28,IE000EGGFVG6,INDB,INDEPENDENT BANK CORP/MA,0.0001197326,175975.25
2026-05-28,IE000EGGFVG6,IBCP,INDEPENDENT BANK CORP   MICH,2.1231e-05,31203.96
2026-05-28,IE000EGGFVG6,INDI,INDIE SEMICONDUCTOR INC A,9.9843e-06,14674.32
2026-05-28,IE000EGGFVG6,INDV,INDIVIOR PHARMACEUTICALS INC,7.73183e-05,113637.44
2026-05-28,IE000EGGFVG6,ILPT,INDUSTRIALLOGISTICS PROPERT,2.3798e-06,3497.7
2026-05-28,IE000EGGFVG6,III,INFORMATION SERVICES GROUP,2.0034e-06,2944.5
2026-05-28,IE000EGGFVG6,ING,ING GROEPN.V. SPONSORED ADR,1.61152e-05,23685.12
2026-05-28,IE000EGGFVG6,INFU,INFUSYSTEMHOLDINGS INC,2.2685e-06,3334.08
2026-05-28,IE000EGGFVG6,IR,INGERSOLLRAND INC,0.00050127,736734.22
2026-05-28,IE000EGGFVG6,NGVT,INGEVITY CORP,5.6647e-05,83256.12
2026-05-28,IE000EGGFVG6,IMKTA,INGLES MARKETS INC CLASS A,3.05482e-05,44897.78
2026-05-28,IE000EGGFVG6,INGR,INGREDIONINC,0.0001730308,254309.44
2026-05-28,IE000EGGFVG6,INOD,INNODATA INC,4.04231e-05,59411.3
2026-05-28,IE000EGGFVG6,INVX,INNOVEX INTERNATIONAL INC,2.5479e-05,37447.44
2026-05-28,IE000EGGFVG6,NSIT,INSIGHT ENTERPRISES INC,2.96128e-05,43522.98
2026-05-28,IE000EGGFVG6,INSM,INSMED INC,0.0001019009,149767.34
2026-05-28,IE000EGGFVG6,IOSP,INNOSPEC INC,2.65951e-05,39087.75
2026-05-28,IE000EGGFVG6,ISSC,INNOVATIVESOLUTIONS + SUPP,1.47516e-05,21680.98
2026-05-28,IE000EGGFVG6,INSP,INSPIRE MEDICAL SYSTEMS INC,1.1546e-05,16969.58
2026-05-28,IE000EGGFVG6,IIIN,INSTEEL INDUSTRIES INC,1.65885e-05,24380.72
2026-05-28,IE000EGGFVG6,NSP,INSPERITYINC,8.8963e-06,13075.2
2026-05-28,IE000EGGFVG6,INGN,INOGEN INC,1.6375e-06,2406.72
2026-05-28,IE000EGGFVG6,IBP,INSTALLEDBUILDING PRODUCTS,0.000153881,226164.4
2026-05-28,IE000EGGFVG6,INVA,INNOVIVA INC,3.34962e-05,49230.61
2026-05-28,IE000EGGFVG6,INSG,INSEEGO CORP,1.1989e-06,1762.1
2026-05-28,IE000EGGFVG6,INSE,INSPIRED ENTERTAINMENT INC,1.2132e-06,1783.08
2026-05-28,IE000EGGFVG6,TIL,INSTIL BIOINC,5.07e-07,745.2
2026-05-28,IE000EGGFVG6,INNV,INNOVAGE HOLDING CORP,5.6412e-06,8291.04
2026-05-28,IE000EGGFVG6,PODD,INSULET CORP,0.0001251081,183875.85
2026-05-28,IE000EGGFVG6,IART,INTEGRA LIFESCIENCES HOLDING,1.28232e-05,18846.7
2026-05-28,IE000EGGFVG6,INTC,INTEL CORP,0.002900813,4263427.63
2026-05-28,IE000EGGFVG6,ITGR,INTEGER HOLDINGS CORP,2.9103e-05,42773.75
2026-05-28,IE000EGGFVG6,NTLA,INTELLIA THERAPEUTICS INC,4.5692e-05,67155.12
2026-05-28,IE000EGGFVG6,INTA,INTAPP INC,2.243e-07,329.6
2026-05-28,IE000EGGFVG6,IPAR,INTERPARFUMS INC,5.10946e-05,75095.6
2026-05-28,IE000EGGFVG6,IBKR,INTERACTIVE BROKERS GRO CL A,0.0001399553,205697.25
2026-05-28,IE000EGGFVG6,IHG,INTERCONTINENTAL HOTELS ADR,5.04314e-05,74120.76
2026-05-28,IE000EGGFVG6,TILE,INTERFACEINC,3.43403e-05,50471.2
2026-05-28,IE000EGGFVG6,ICE,INTERCONTINENTAL EXCHANGE IN,0.0008316385,1222288.6
2026-05-28,IE000EGGFVG6,IDCC,INTERDIGITAL INC,0.0001668555,245233.5
2026-05-28,IE000EGGFVG6,IBOC,INTERNATIONAL BANCSHARES CRP,0.000207859,305497.79
2026-05-28,IE000EGGFVG6,IBM,INTL BUSINESS MACHINES CORP,0.0026640687,3915476.18
2026-05-28,IE000EGGFVG6,IFF,INTL FLAVORS + FRAGRANCES,0.0003829998,562908.42
2026-05-28,IE000EGGFVG6,IP,INTERNATIONAL PAPER CO,0.0003418975,502498.92
2026-05-28,IE000EGGFVG6,INTT,INTEST CORP,1.9571e-06,2876.38
2026-05-28,IE000EGGFVG6,INTU,INTUIT INC,0.0006352701,933679.0
2026-05-28,IE000EGGFVG6,ISRG,INTUITIVESURGICAL INC,0.0008358831,1228527.0
2026-05-28,IE000EGGFVG6,IPI,INTREPID POTASH INC,1.48895e-05,21883.65
2026-05-28,IE000EGGFVG6,IVT,INVENTRUSTPROPERTIES CORP,2.60983e-05,38357.55
2026-05-28,IE000EGGFVG6,ISTR,INVESTAR HOLDING CORP,1.73944e-05,25565.12
2026-05-28,IE000EGGFVG6,ITIC,INVESTORSTITLE CO,1.94704e-05,28616.4
2026-05-28,IE000EGGFVG6,INVH,INVITATIONHOMES INC,0.0001929834,283634.52
2026-05-28,IE000EGGFVG6,IONR,IONEER LTDADR,3.17e-08,46.56
2026-05-28,IE000EGGFVG6,IONS,IONIS PHARMACEUTICALS INC,5.64032e-05,82897.76
2026-05-28,IE000EGGFVG6,IONQ,IONQ INC,0.0004076965,599206.02
2026-05-28,IE000EGGFVG6,IOVA,IOVANCE BIOTHERAPEUTICS INC,3.92599e-05,57701.7
2026-05-28,IE000EGGFVG6,IRMD,IRADIMED CORP,1.76886e-05,25997.58
2026-05-28,IE000EGGFVG6,IQV,IQVIA HOLDINGS INC,0.0005889565,865610.2
2026-05-28,IE000EGGFVG6,IRDM,IRIDIUM COMMUNICATIONS INC,9.62606e-05,141477.6
2026-05-28,IE000EGGFVG6,IRM,IRON MOUNTAIN INC,0.000370462,544481.19
2026-05-28,IE000EGGFVG6,IRWD,IRONWOOD PHARMACEUTICALS INC,9.2221e-06,13554.0
2026-05-28,IE000EGGFVG6,ISBA,ISABELLA BANK CORP,2.7708e-06,4072.37
2026-05-28,IE000EGGFVG6,CATX,PERSPECTIVE THERAPEUTICS INC,2.7776e-06,4082.4
2026-05-28,IE000EGGFVG6,ISOU,ISOENERGYLTD,3.7176e-06,5463.9
2026-05-28,IE000EGGFVG6,IIIV,I3 VERTICALS INC CLASS A,1.78573e-05,26245.45
2026-05-28,IE000EGGFVG6,ITRI,ITRON INC,0.0001004967,147703.53
2026-05-28,IE000EGGFVG6,JBGS,JBG SMITHPROPERTIES,3.5197e-06,5173.0
2026-05-28,IE000EGGFVG6,JJSF,J + J SNACK FOODS CORP,1.38706e-05,20386.08
2026-05-28,IE000EGGFVG6,IZEA,IZEA WORLDWIDE INC,5.856e-07,860.72
2026-05-28,IE000EGGFVG6,JILL,J. JILL INC,2.8149e-06,4137.12
2026-05-28,IE000EGGFVG6,JPM,JPMORGAN CHASE + CO,0.005714595,8398942.65
2026-05-28,IE000EGGFVG6,JBL,JABIL INC,0.0007694933,1130951.5
2026-05-28,IE000EGGFVG6,DC,DAKOTA GOLD CORP,5.8734e-06,8632.32
2026-05-28,IE000EGGFVG6,JXN,JACKSON FINANCIAL INC A,0.000189877,279069.0
2026-05-28,IE000EGGFVG6,J,JACOBS SOLUTIONS INC,0.000222908,327615.84
2026-05-28,IE000EGGFVG6,JRVR,JAMES RIVER GROUP HOLDINGS I,1.906e-06,2801.34
2026-05-28,IE000EGGFVG6,JAKK,JAKKS PACIFIC INC,2.5842e-06,3798.08
2026-05-28,IE000EGGFVG6,BOTJ,BANK OF THE JAMES FINANCIAL,9.643e-07,1417.32
2026-05-28,IE000EGGFVG6,JANX,JANUX THERAPEUTICS INC,8.1837e-06,12027.84
2026-05-28,IE000EGGFVG6,JBI,JANUS INTERNATIONAL GROUP IN,7.2246e-06,10618.3
2026-05-28,IE000EGGFVG6,JEF,JEFFERIESFINANCIAL GROUP IN,0.0001830712,269066.16
2026-05-28,IE000EGGFVG6,JELD,JELD WEN HOLDING INC,3.45e-08,50.64
2026-05-28,IE000EGGFVG6,JBLU,JETBLUE AIRWAYS CORP,3.37939e-05,49668.16
2026-05-28,IE000EGGFVG6,JNJ,JOHNSON +JOHNSON,0.0037912976,5572204.4
2026-05-28,IE000EGGFVG6,JOUT,JOHNSON OUTDOORS INC A,3.8697e-06,5687.5
2026-05-28,IE000EGGFVG6,JLL,JONES LANGLASALLE INC,0.0003057521,449374.64
2026-05-28,IE000EGGFVG6,ZD,ZIFF DAVISINC,4.20422e-05,61790.97
2026-05-28,IE000EGGFVG6,OPLN,OPENLANE INC,9.2732e-05,136291.54
2026-05-28,IE000EGGFVG6,KBR,KBR INC,6.87752e-05,101081.4
2026-05-28,IE000EGGFVG6,KLAC,KLA CORP,0.001739114,2556037.38
2026-05-28,IE000EGGFVG6,KKR,KKR + CO INC,0.0004457952,655201.04
2026-05-28,IE000EGGFVG6,KVHI,KVH INDUSTRIES INC,1.8752e-06,2756.0
2026-05-28,IE000EGGFVG6,KAI,KADANT INC,0.0001166206,171401.49
2026-05-28,IE000EGGFVG6,KLRS,KALARIS THERAPEUTICS INC,3.524e-07,518.0
2026-05-28,IE000EGGFVG6,KALU,KAISER ALUMINUM CORP,8.34853e-05,122701.32
2026-05-28,IE000EGGFVG6,KRT,KARAT PACKAGING INC,1.82552e-05,26830.35
2026-05-28,IE000EGGFVG6,KRMN,KARMAN HOLDINGS INC,3.8537e-06,5663.96
2026-05-28,IE000EGGFVG6,KEEL,KEEL INFRASTRUCTURE CORP,4.00736e-05,58897.6
2026-05-28,IE000EGGFVG6,KRNY,KEARNY FINANCIAL CORP/MD,1.99868e-05,29375.38
2026-05-28,IE000EGGFVG6,KELYA,KELLY SERVICES INC  A,3.4431e-06,5060.44
2026-05-28,IE000EGGFVG6,KMPR,KEMPER CORP,1.37608e-05,20224.8
2026-05-28,IE000EGGFVG6,ZVRA,ZEVRA THERAPEUTICS INC,1.8794e-05,27622.2
2026-05-28,IE000EGGFVG6,KMT,KENNAMETALINC,5.10029e-05,74960.82
2026-05-28,IE000EGGFVG6,KW,KENNEDY WILSON HOLDINGS INC,2.38576e-05,35064.37
2026-05-28,IE000EGGFVG6,KVUE,KENVUE INC,0.0007062071,1037937.6
2026-05-28,IE000EGGFVG6,KROS,KEROS THERAPEUTICS INC,3.4099e-06,5011.6
2026-05-28,IE000EGGFVG6,KDP,KEURIG DRPEPPER INC,0.000562728,827061.28
2026-05-28,IE000EGGFVG6,KEQU,KEWAUNEE SCIENTIFIC CP,1.1694e-06,1718.64
2026-05-28,IE000EGGFVG6,KEY,KEYCORP,0.0003170069,465916.22
2026-05-28,IE000EGGFVG6,KEYS,KEYSIGHT TECHNOLOGIES IN,0.0004524855,665033.93
2026-05-28,IE000EGGFVG6,KFRC,KFORCE INC,1.05535e-05,15510.9
2026-05-28,IE000EGGFVG6,KRC,KILROY REALTY CORP,5.93576e-05,87240.04
2026-05-28,IE000EGGFVG6,KE,KIMBALL ELECTRONICS INC,2.24214e-05,32953.56
2026-05-28,IE000EGGFVG6,KMB,KIMBERLY CLARK CORP,0.0005029023,739133.34
2026-05-28,IE000EGGFVG6,KIM,KIMCO REALTY CORP,0.0001798111,264274.78
2026-05-28,IE000EGGFVG6,KMI,KINDER MORGAN INC,0.0006737696,990263.03
2026-05-28,IE000EGGFVG6,KLC,KINDERCARELEARNING COS INC,3.1709e-06,4660.4
2026-05-28,IE000EGGFVG6,KINS,KINGSTONECOS INC,2.1619e-06,3177.45
2026-05-28,IE000EGGFVG6,KGC,KINROSS GOLD CORP,0.0005590614,821672.37
2026-05-28,IE000EGGFVG6,KNSL,KINSALE CAPITAL GROUP INC,8.88483e-05,130583.52
2026-05-28,IE000EGGFVG6,KEX,KIRBY CORP,0.0002048027,301005.78
2026-05-28,IE000EGGFVG6,KRG,KITE REALTY GROUP TRUST,8.48603e-05,124722.13
2026-05-28,IE000EGGFVG6,KVYO,KLAVIYO INC A,1.605e-07,235.84
2026-05-28,IE000EGGFVG6,KNF,KNIFE RIVER CORP,0.0001092518,160571.25
2026-05-28,IE000EGGFVG6,KNX,KNIGHT SWIFT TRANSPORTATION,0.0002024884,297604.34
2026-05-28,IE000EGGFVG6,KSCP,KNIGHTSCOPE INC A,2.949e-07,433.37
2026-05-28,IE000EGGFVG6,KN,KNOWLES CORP,6.934e-05,101911.48
2026-05-28,IE000EGGFVG6,KGS,KODIAK GASSERVICES INC,0.00014433,212126.85
2026-05-28,IE000EGGFVG6,KSS,KOHLS CORP,3.06234e-05,45008.33
2026-05-28,IE000EGGFVG6,KGEI,KOLIBRI GLOBAL ENERGY INC,1.3283e-06,1952.28
2026-05-28,IE000EGGFVG6,PHG,KONINKLIJKE PHILIPS NVR  NY,0.0001964491,288728.2
2026-05-28,IE000EGGFVG6,KTB,KONTOOR BRANDS INC,0.0001811967,266311.25
2026-05-28,IE000EGGFVG6,KOP,KOPPERS HOLDINGS INC,1.6519e-05,24278.52
2026-05-28,IE000EGGFVG6,KFY,KORN FERRY,9.51532e-05,139850.04
2026-05-28,IE000EGGFVG6,KHC,KRAFT HEINZ CO/THE,0.0004768347,700820.8
2026-05-28,IE000EGGFVG6,KTOS,KRATOS DEFENSE + SECURITY,0.0001794157,263693.55
2026-05-28,IE000EGGFVG6,KRRO,KORRO BIOINC,1.167e-06,1715.2
2026-05-28,IE000EGGFVG6,DNUT,KRISPY KREME INC,1.96045e-05,28813.5
2026-05-28,IE000EGGFVG6,KR,KROGER CO,0.0010480669,1540381.02
2026-05-28,IE000EGGFVG6,KRO,KRONOS WORLDWIDE INC,4.7636e-06,7001.28
2026-05-28,IE000EGGFVG6,KRYS,KRYSTAL BIOTECH INC,0.0001237201,181835.8
2026-05-28,IE000EGGFVG6,KLIC,KULICKE +SOFFA INDUSTRIES,0.0001022744,150316.25
2026-05-28,IE000EGGFVG6,KRUS,KURA SUSHIUSA INC CLASS A,2.18211e-05,32071.2
2026-05-28,IE000EGGFVG6,KURA,KURA ONCOLOGY INC,2.47395e-05,36360.59
2026-05-28,IE000EGGFVG6,KD,KYNDRYL HOLDINGS INC,3.41521e-05,50194.58
2026-05-28,IE000EGGFVG6,KYMR,KYMERA THERAPEUTICS INC,8.65738e-05,127240.52
2026-05-28,IE000EGGFVG6,LCNB,LCNB CORPORATION,2.2166e-06,3257.84
2026-05-28,IE000EGGFVG6,LGIH,LGI HOMESINC,1.03841e-05,15261.88
2026-05-28,IE000EGGFVG6,LKQ,LKQ CORP,0.0001311084,192694.69
2026-05-28,IE000EGGFVG6,LCII,LCI INDUSTRIES,6.09707e-05,89610.84
2026-05-28,IE000EGGFVG6,KYTX,KYVERNA THERAPEUTICS INC,3.4959e-06,5138.1
2026-05-28,IE000EGGFVG6,LPLA,LPL FINANCIAL HOLDINGS INC,0.0004527669,665447.58
2026-05-28,IE000EGGFVG6,LXU,LSB INDUSTRIES INC,2.96318e-05,43550.85
2026-05-28,IE000EGGFVG6,LYTS,LSI INDUSTRIES INC,7.4659e-06,10972.83
2026-05-28,IE000EGGFVG6,LTC,LTC PROPERTIES INC,1.70349e-05,25036.84
2026-05-28,IE000EGGFVG6,LHX,L3HARRIS TECHNOLOGIES INC,0.0005592099,821890.58
2026-05-28,IE000EGGFVG6,LH,LABCORP HOLDINGS INC,0.0005617069,825560.5
2026-05-28,IE000EGGFVG6,LZB,LA Z BOY INC,3.24204e-05,47649.35
2026-05-28,IE000EGGFVG6,LSBK,LAKE SHOREBANCORP INC/MD,1.1251e-06,1653.6
2026-05-28,IE000EGGFVG6,LKFN,LAKELAND FINANCIAL CORP,2.31601e-05,34039.24
2026-05-28,IE000EGGFVG6,LAKE,LAKELAND INDUSTRIES INC,9.668e-07,1420.9
2026-05-28,IE000EGGFVG6,LRCX,LAM RESEARCH CORP,0.003354963,4930908.0
2026-05-28,IE000EGGFVG6,LAMR,LAMAR ADVERTISING CO A,0.0001415902,208100.16
2026-05-28,IE000EGGFVG6,LW,LAMB WESTON HOLDINGS INC,0.0001346119,197843.85
2026-05-28,IE000EGGFVG6,MZTI,MARZETTI COMPANY/THE,7.50724e-05,110336.52
2026-05-28,IE000EGGFVG6,LARK,LANDMARK BANCORP INC,1.5957e-06,2345.2
2026-05-28,IE000EGGFVG6,LSTR,LANDSTAR SYSTEM INC,0.000148393,218098.4
2026-05-28,IE000EGGFVG6,LE,LANDS  ENDINC,3.0828e-06,4530.89
2026-05-28,IE000EGGFVG6,LNTH,LANTHEUS HOLDINGS INC,0.0001016036,149330.38
2026-05-28,IE000EGGFVG6,LTRX,LANTRONIXINC,3.0644e-06,4503.85
2026-05-28,IE000EGGFVG6,LRMR,LARIMAR THERAPEUTICS INC,2.7545e-06,4048.4
2026-05-28,IE000EGGFVG6,LVS,LAS VEGASSANDS CORP,0.0003738657,549483.61
2026-05-28,IE000EGGFVG6,SWIM,LATHAM GROUP INC,1.77338e-05,26064.0
2026-05-28,IE000EGGFVG6,LSCC,LATTICE SEMICONDUCTOR CORP,0.0001588628,233486.35
2026-05-28,IE000EGGFVG6,EL,ESTEE LAUDER COMPANIES CL A,0.0004057118,596288.94
2026-05-28,IE000EGGFVG6,LAUR,LAUREATE EDUCATION INC,0.0001213331,178327.5
2026-05-28,IE000EGGFVG6,DSGR,DISTRIBUTION SOLUTIONS GROUP,7.0335e-06,10337.34
2026-05-28,IE000EGGFVG6,LAZ,LAZARD INC,0.0002224552,326950.26
2026-05-28,IE000EGGFVG6,LEA,LEAR CORP,0.0002221342,326478.46
2026-05-28,IE000EGGFVG6,LEG,LEGGETT +PLATT INC,8.3549e-06,12279.54
2026-05-28,IE000EGGFVG6,LZ,LEGALZOOMCOM INC,3.33473e-05,49011.68
2026-05-28,IE000EGGFVG6,LEGH,LEGACY HOUSING CORP,5.369e-06,7891.0
2026-05-28,IE000EGGFVG6,LDOS,LEIDOS HOLDINGS INC,0.0005312895,780855.06
2026-05-28,IE000EGGFVG6,LMAT,LEMAITRE VASCULAR INC,3.01039e-05,44244.72
2026-05-28,IE000EGGFVG6,LC,LENDINGCLUB CORP,6.85031e-05,100681.36
2026-05-28,IE000EGGFVG6,TREE,LENDINGTREE INC,1.34207e-05,19724.85
2026-05-28,IE000EGGFVG6,LEN,LENNAR CORP W/D,0.0004711197,692421.25
2026-05-28,IE000EGGFVG6,LEN/B,LENNAR CORP   B SHS,2.88443e-05,42393.56
2026-05-28,IE000EGGFVG6,LII,LENNOX INTERNATIONAL INC,0.000370634,544733.92
2026-05-28,IE000EGGFVG6,LENZ,LENZ THERAPEUTICS INC,4.35e-08,63.92
2026-05-28,IE000EGGFVG6,DRS,LEONARDO DRS INC,0.0001995049,293219.37
2026-05-28,IE000EGGFVG6,LEVI,LEVI STRAUSS + CO  CLASS A,6.61536e-05,97228.28
2026-05-28,IE000EGGFVG6,LXEO,LEXEO THERAPEUTICS INC,1.34765e-05,19806.92
2026-05-28,IE000EGGFVG6,LXP,LXP INDUSTRIAL TRUST,2.83276e-05,41634.15
2026-05-28,IE000EGGFVG6,LBRDA,LIBERTY BROADBAND A,5.8147e-06,8546.08
2026-05-28,IE000EGGFVG6,LBRDK,LIBERTY BROADBAND C,4.01868e-05,59064.0
2026-05-28,IE000EGGFVG6,LBRT,LIBERTY ENERGY INC,0.0001503681,221001.3
2026-05-28,IE000EGGFVG6,FWONK,LIBERTY MEDIA CORP FORMULA C,0.0004305993,632867.0
2026-05-28,IE000EGGFVG6,FWONA,LIBERTY MEDIA CORP FORMULA A,4.50497e-05,66211.2
2026-05-28,IE000EGGFVG6,LTH,LIFE TIMEGROUP HOLDINGS INC,0.0001906647,280226.7
2026-05-28,IE000EGGFVG6,LWAY,LIFEWAY FOODS INC,2.4188e-06,3554.96
2026-05-28,IE000EGGFVG6,LGND,LIGAND PHARMACEUTICALS,9.93094e-05,145958.52
2026-05-28,IE000EGGFVG6,LFVN,LIFEVANTAGE CORP,1.1951e-06,1756.43
2026-05-28,IE000EGGFVG6,LCUT,LIFETIME BRANDS INC,1.7926e-06,2634.66
2026-05-28,IE000EGGFVG6,LFST,LIFESTANCEHEALTH GROUP INC,5.62687e-05,82700.09
2026-05-28,IE000EGGFVG6,LSPD,LIGHTSPEEDCOMMERCE INC,1.71684e-05,25232.94
2026-05-28,IE000EGGFVG6,LLY,ELI LILLY+ CO,0.0067374837,9902318.4
2026-05-28,IE000EGGFVG6,LMB,LIMBACH HOLDINGS INC,1.73332e-05,25475.2
2026-05-28,IE000EGGFVG6,LMNR,LIMONEIRACO,2.1404e-06,3145.8
2026-05-28,IE000EGGFVG6,LINC,LINCOLN EDUCATIONAL SERVICES,3.1143e-05,45771.96
2026-05-28,IE000EGGFVG6,LECO,LINCOLN ELECTRIC HOLDINGS,0.0002628626,386338.48
2026-05-28,IE000EGGFVG6,LNC,LINCOLN NATIONAL CORP,0.0002666365,391885.12
2026-05-28,IE000EGGFVG6,LIND,LINDBLAD EXPEDITIONS HOLDING,2.13268e-05,31344.72
2026-05-28,IE000EGGFVG6,LNN,LINDSAY CORP,1.13783e-05,16723.04
2026-05-28,IE000EGGFVG6,LINE,LINEAGE INC,5.90786e-05,86829.84
2026-05-28,IE000EGGFVG6,LQDT,LIQUIDITYSERVICES INC,2.65479e-05,39018.42
2026-05-28,IE000EGGFVG6,LAD,LITHIA MOTORS INC,0.0003403259,500189.04
2026-05-28,IE000EGGFVG6,LAC,LITHIUM AMERICAS CORP,2.97387e-05,43708.05
2026-05-28,IE000EGGFVG6,LFUS,LITTELFUSEINC,0.000233298,342886.4
2026-05-28,IE000EGGFVG6,LYV,LIVE NATION ENTERTAINMENT IN,0.0007213131,1060139.41
2026-05-28,IE000EGGFVG6,LOB,LIVE OAK BANCSHARES INC,3.13045e-05,46009.26
2026-05-28,IE000EGGFVG6,RAMP,LIVERAMP HOLDINGS INC,5.2661e-05,77397.81
2026-05-28,IE000EGGFVG6,LDI,LOANDEPOTINC  CLASS A,1.5286e-06,2246.65
2026-05-28,IE000EGGFVG6,LOAR,LOAR HOLDINGS INC,6.9238e-05,101761.59
2026-05-28,IE000EGGFVG6,L,LOEWS CORP,0.0004161461,611624.7
2026-05-28,IE000EGGFVG6,LPX,LOUISIANAPACIFIC CORP,0.0002260849,332285.03
2026-05-28,IE000EGGFVG6,LOVE,LOVESAC CO/THE,2.1703e-06,3189.78
2026-05-28,IE000EGGFVG6,LOW,LOWE S COSINC,0.0010419044,1531323.84
2026-05-28,IE000EGGFVG6,LCID,LUCID GROUP INC,1.95769e-05,28772.84
2026-05-28,IE000EGGFVG6,LULU,LULULEMONATHLETICA INC,0.0001889884,277762.95
2026-05-28,IE000EGGFVG6,LUMN,LUMEN TECHNOLOGIES INC,0.0001677873,246602.9
2026-05-28,IE000EGGFVG6,LITE,LUMENTUM HOLDINGS INC,0.0003080052,452686.12
2026-05-28,IE000EGGFVG6,LYEL,LYELL IMMUNOPHARMA INC,3.2979e-06,4847.04
2026-05-28,IE000EGGFVG6,LYFT,LYFT INC A,0.0003261073,479291.42
2026-05-28,IE000EGGFVG6,MTB,M + T BANKCORP,0.0004950431,727582.45
2026-05-28,IE000EGGFVG6,MDU,MDU RESOURCES GROUP INC,0.0001177732,173095.44
2026-05-28,IE000EGGFVG6,MGEE,MGE ENERGYINC,3.06569e-05,45057.6
2026-05-28,IE000EGGFVG6,MTG,MGIC INVESTMENT CORP,0.0001595964,234564.45
2026-05-28,IE000EGGFVG6,MGPI,MGP INGREDIENTS INC,3.6299e-06,5334.94
2026-05-28,IE000EGGFVG6,MKSI,MKS INC,0.0005032461,739638.67
2026-05-28,IE000EGGFVG6,MP,MP MATERIALS CORP,0.0001885218,277077.18
2026-05-28,IE000EGGFVG6,MSA,MSA SAFETYINC,0.0001373506,201869.06
2026-05-28,IE000EGGFVG6,MSM,MSC INDUSTRIAL DIRECT CO A,0.0001503584,220987.14
2026-05-28,IE000EGGFVG6,MSCI,MSCI INC,0.0005013062,736787.52
2026-05-28,IE000EGGFVG6,MPTI,M TRON INDUSTRIES INC,2.5653e-06,3770.24
2026-05-28,IE000EGGFVG6,MVBF,MVB FINANCIAL CORP,3.0895e-06,4540.7
2026-05-28,IE000EGGFVG6,MYRG,MYR GROUPINC/DELAWARE,0.0001130739,166188.71
2026-05-28,IE000EGGFVG6,MTSI,MACOM TECHNOLOGY SOLUTIONS H,0.0003030828,445451.51
2026-05-28,IE000EGGFVG6,MAC,MACERICH CO/THE,0.0001184422,174078.75
2026-05-28,IE000EGGFVG6,M,MACY S INC,0.0002203857,323908.6
2026-05-28,IE000EGGFVG6,SHOO,STEVEN MADDEN LTD,0.0001035882,152247.2
2026-05-28,IE000EGGFVG6,MSGE,MADISON SQUARE GARDEN ENTERT,6.57766e-05,96674.2
2026-05-28,IE000EGGFVG6,SPHR,SPHERE ENTERTAINMENT CO,0.0001515196,222693.75
2026-05-28,IE000EGGFVG6,MGA,MAGNA INTERNATIONAL INC,0.0004439835,652538.28
2026-05-28,IE000EGGFVG6,MX,MAGNACHIPSEMICONDUCTOR CORP,2.2499e-06,3306.73
2026-05-28,IE000EGGFVG6,MGNI,MAGNITE INC,5.14664e-05,75642.06
2026-05-28,IE000EGGFVG6,MGY,MAGNOLIA OIL + GAS CORP   A,0.0001851478,272118.23
2026-05-28,IE000EGGFVG6,MGYR,MAGYAR BANCORP INC,1.0045e-06,1476.39
2026-05-28,IE000EGGFVG6,MNSB,MAINSTREETBANCSHARES INC,1.646e-06,2419.2
2026-05-28,IE000EGGFVG6,MBUU,MALIBU BOATS INC   A,4.9439e-06,7266.24
2026-05-28,IE000EGGFVG6,MAMA,MAMA S CREATIONS INC,3.157e-06,4640.0
2026-05-28,IE000EGGFVG6,MANH,MANHATTANASSOCIATES INC,0.0001454464,213767.74
2026-05-28,IE000EGGFVG6,MTW,MANITOWOCCOMPANY INC,1.76912e-05,26001.36
2026-05-28,IE000EGGFVG6,MNKD,MANNKIND CORP,1.6108e-05,23674.56
2026-05-28,IE000EGGFVG6,MAN,MANPOWERGROUP INC,1.33517e-05,19623.51
2026-05-28,IE000EGGFVG6,MFC,MANULIFE FINANCIAL CORP,1.5918e-05,23395.19
2026-05-28,IE000EGGFVG6,CART,MAPLEBEARINC,0.0001983229,291482.12
2026-05-28,IE000EGGFVG6,MPC,MARATHON PETROLEUM CORP,0.000769174,1130482.34
2026-05-28,IE000EGGFVG6,MRVI,MARAVAI LIFESCIENCES HLDGS A,6.213e-06,9131.52
2026-05-28,IE000EGGFVG6,MMI,MARCUS + MILLICHAP INC,2.56793e-05,37741.76
2026-05-28,IE000EGGFVG6,MCS,MARCUS CORPORATION,1.98431e-05,29164.05
2026-05-28,IE000EGGFVG6,HZO,MARINEMAXINC,2.69369e-05,39590.16
2026-05-28,IE000EGGFVG6,MKL,MARKEL GROUP INC,0.0003756218,552064.63
2026-05-28,IE000EGGFVG6,MKTX,MARKETAXESS HOLDINGS INC,9.80985e-05,144178.8
2026-05-28,IE000EGGFVG6,MQ,MARQETA INC A,2.92872e-05,43044.5
2026-05-28,IE000EGGFVG6,VAC,MARRIOTT VACATIONS WORLD,5.5968e-05,82258.12
2026-05-28,IE000EGGFVG6,MRSH,MARSH + MCLENNAN COS,0.0008387144,1232688.31
2026-05-28,IE000EGGFVG6,MAR,MARRIOTT INTERNATIONAL  CL A,0.0007440996,1093629.6
2026-05-28,IE000EGGFVG6,MRTN,MARTEN TRANSPORT LTD,3.0898e-05,45411.84
2026-05-28,IE000EGGFVG6,MLM,MARTIN MARIETTA MATERIALS,0.0005920704,870186.82
2026-05-28,IE000EGGFVG6,MRVL,MARVELL TECHNOLOGY INC,0.0008555631,1257451.37
2026-05-28,IE000EGGFVG6,MAS,MASCO CORP,0.0002177355,320013.63
2026-05-28,IE000EGGFVG6,MTZ,MASTEC INC,0.0004488637,659710.93
2026-05-28,IE000EGGFVG6,MHH,MASTECH DIGITAL INC,6.751e-07,992.16
2026-05-28,IE000EGGFVG6,MA,MASTERCARDINC   A,0.0030718794,4514850.0
2026-05-28,IE000EGGFVG6,MCFT,MASTERCRAFT BOAT HOLDINGS IN,1.80993e-05,26601.21
2026-05-28,IE000EGGFVG6,MBC,MASTERBRAND INC,2.64232e-05,38835.16
2026-05-28,IE000EGGFVG6,MTDR,MATADOR RESOURCES CO,0.0002030892,298487.35
2026-05-28,IE000EGGFVG6,MTCH,MATCH GROUP INC,0.0001275056,187399.44
2026-05-28,IE000EGGFVG6,MTRN,MATERION CORP,8.34647e-05,122670.96
2026-05-28,IE000EGGFVG6,MTRX,MATRIX SERVICE CO,3.4386e-06,5053.86
2026-05-28,IE000EGGFVG6,MATX,MATSON INC,0.0001522896,223825.35
2026-05-28,IE000EGGFVG6,MAT,MATTEL INC,0.0001115127,163894.23
2026-05-28,IE000EGGFVG6,MATW,MATTHEWS INTL CORP CLASS A,2.2194e-05,32619.35
2026-05-28,IE000EGGFVG6,MMS,MAXIMUS INC,0.000123943,182163.36
2026-05-28,IE000EGGFVG6,MEC,MAYVILLE ENGINEERING CO INC,5.898e-06,8668.52
2026-05-28,IE000EGGFVG6,MKC/V,MCCORMICK+ CO INC VTG COM,5.1296e-06,7539.12
2026-05-28,IE000EGGFVG6,MKC,MCCORMICK+ CO NON VTG SHRS,0.0002765379,406437.57
2026-05-28,IE000EGGFVG6,MCD,MCDONALD SCORP,0.0009144401,1343984.95
2026-05-28,IE000EGGFVG6,MUX,MCEWEN INC,2.73101e-05,40138.56
2026-05-28,IE000EGGFVG6,MGRC,MCGRATH RENTCORP,5.07696e-05,74617.9
2026-05-28,IE000EGGFVG6,MCK,MCKESSON CORP,0.0008807271,1294435.8
2026-05-28,IE000EGGFVG6,MAX,MEDIAALPHAINC CLASS A,1.21458e-05,17851.12
2026-05-28,IE000EGGFVG6,MPT,MEDICAL PROPERTIES TRUST INC,2.70543e-05,39762.63
2026-05-28,IE000EGGFVG6,MED,MEDIFAST INC,1.3331e-06,1959.35
2026-05-28,IE000EGGFVG6,MD,PEDIATRIXMEDICAL GROUP INC,4.03165e-05,59254.62
2026-05-28,IE000EGGFVG6,MEDP,MEDPACE HOLDINGS INC,0.0002978858,437813.24
2026-05-28,IE000EGGFVG6,MBWM,MERCANTILEBANK CORP,2.30768e-05,33916.86
2026-05-28,IE000EGGFVG6,MBIN,MERCHANTSBANCORP/IN,3.03029e-05,44537.2
2026-05-28,IE000EGGFVG6,MRK,MERCK + CO. INC.,0.0032987105,4848231.71
2026-05-28,IE000EGGFVG6,MRCY,MERCURY SYSTEMS INC,0.000142775,209841.51
2026-05-28,IE000EGGFVG6,MCY,MERCURY GENERAL CORP,0.0001033779,151938.22
2026-05-28,IE000EGGFVG6,MRBK,MERIDIAN CORP,1.8893e-06,2776.8
2026-05-28,IE000EGGFVG6,MMSI,MERIT MEDICAL SYSTEMS INC,8.97866e-05,131962.5
2026-05-28,IE000EGGFVG6,MLAB,MESA LABORATORIES INC,5.7522e-06,8454.2
2026-05-28,IE000EGGFVG6,MESO,MESOBLASTLTD  SPON ADR,1.205e-07,177.12
2026-05-28,IE000EGGFVG6,CASH,PATHWARD FINANCIAL INC,4.50089e-05,66151.14
2026-05-28,IE000EGGFVG6,MGX,METAGENOMITHERAPEUTICS INC,3.8e-09,5.6
2026-05-28,IE000EGGFVG6,MEOH,METHANEX CORP,8.24337e-05,121155.75
2026-05-28,IE000EGGFVG6,MEI,METHODE ELECTRONICS INC,3.8264e-06,5623.83
2026-05-28,IE000EGGFVG6,MET,METLIFE INC,0.0007367133,1082773.56
2026-05-28,IE000EGGFVG6,MCBS,METROCITYBANKSHARES INC,1.91844e-05,28196.02
2026-05-28,IE000EGGFVG6,MCB,METROPOLITAN BANK HOLDING CO,1.82462e-05,26817.02
2026-05-28,IE000EGGFVG6,MTD,METTLER TOLEDO INTERNATIONAL,0.0002984479,438639.5
2026-05-28,IE000EGGFVG6,MSFT,MICROSOFTCORP,0.0345441895,50770818.96
2026-05-28,IE000EGGFVG6,MCHP,MICROCHIPTECHNOLOGY INC,0.0003443033,506034.76
2026-05-28,IE000EGGFVG6,MU,MICRON TECHNOLOGY INC,0.0072606766,10671273.6
2026-05-28,IE000EGGFVG6,MVST,MICROVASTHOLDINGS INC,1.5676e-06,2304.0
2026-05-28,IE000EGGFVG6,MAA,MID AMERICA APARTMENT COMM,0.0002064124,303371.58
2026-05-28,IE000EGGFVG6,MPB,MID PENN BANCORP INC,1.49924e-05,22034.88
2026-05-28,IE000EGGFVG6,MIDD,MIDDLEBY CORP,0.0004308517,633237.99
2026-05-28,IE000EGGFVG6,MSEX,MIDDLESEXWATER CO,1.7361e-05,25516.02
2026-05-28,IE000EGGFVG6,MSBI,MIDLAND STATES BANCORP INC,1.55768e-05,22893.75
2026-05-28,IE000EGGFVG6,MLKN,MILLERKNOLL INC,1.04168e-05,15309.92
2026-05-28,IE000EGGFVG6,MLR,MILLER INDUSTRIES INC/TENN,2.08355e-05,30622.68
2026-05-28,IE000EGGFVG6,MRP,MILLROSE PROPERTIES W/I,3.1591e-06,4643.1
2026-05-28,IE000EGGFVG6,MDXG,MIMEDX GROUP INC,4.1801e-06,6143.58
2026-05-28,IE000EGGFVG6,MIND,MIND TECHNOLOGY INC,5.501e-07,808.47
2026-05-28,IE000EGGFVG6,MTX,MINERALS TECHNOLOGIES INC,4.9583e-05,72873.9
2026-05-28,IE000EGGFVG6,MIR,MIRION TECHNOLOGIES INC,0.0001150095,169033.5
2026-05-28,IE000EGGFVG6,AVO,MISSION PRODUCE INC,2.14171e-05,31477.5
2026-05-28,IE000EGGFVG6,MG,MISTRAS GROUP INC,6.0833e-06,8940.8
2026-05-28,IE000EGGFVG6,MITK,MITEK SYSTEMS INC,2.22053e-05,32635.92
2026-05-28,IE000EGGFVG6,BEEP,MOBILE INFRASTRUCTURE CORP,9.006e-07,1323.63
2026-05-28,IE000EGGFVG6,MBLY,MOBILEYE GLOBAL INC A,2.076e-05,30511.71
2026-05-28,IE000EGGFVG6,MRNA,MODERNA INC,0.000806311,1185063.84
2026-05-28,IE000EGGFVG6,MOD,MODINE MANUFACTURING CO,0.0002342805,344330.4
2026-05-28,IE000EGGFVG6,MDV,MODIV INDUSTRIAL INC,7.707e-07,1132.77
2026-05-28,IE000EGGFVG6,MC,MOELIS + CO   CLASS A,0.0001230352,180829.25
2026-05-28,IE000EGGFVG6,MHK,MOHAWK INDUSTRIES INC,0.0001908019,280428.25
2026-05-28,IE000EGGFVG6,MOH,MOLINA HEALTHCARE INC,9.25386e-05,136007.28
2026-05-28,IE000EGGFVG6,TAP,MOLSON COORS BEVERAGE CO   B,0.0001308135,192261.23
2026-05-28,IE000EGGFVG6,MDLZ,MONDELEZ INTERNATIONAL INC A,0.0009976132,1466227.39
2026-05-28,IE000EGGFVG6,MDB,MONGODB INC,0.0005639488,828855.6
2026-05-28,IE000EGGFVG6,MPWR,MONOLITHICPOWER SYSTEMS INC,0.0004355904,640202.64
2026-05-28,IE000EGGFVG6,MNRO,MONRO INC,4.6024e-06,6764.34
2026-05-28,IE000EGGFVG6,MNST,MONSTER BEVERAGE CORP,0.0005913154,869077.23
2026-05-28,IE000EGGFVG6,GLUE,MONTE ROSATHERAPEUTICS INC,3.22829e-05,47447.33
2026-05-28,IE000EGGFVG6,ONT,ONTERRIS INC,5.1037e-06,7501.14
2026-05-28,IE000EGGFVG6,MCO,MOODY S CORP,0.001215208,1786034.25
2026-05-28,IE000EGGFVG6,MOG/A,MOOG INC CLASS A,0.000154459,227013.84
2026-05-28,IE000EGGFVG6,MLTX,MOONLAKE IMMUNOTHERAPEUTICS,1.23031e-05,18082.24
2026-05-28,IE000EGGFVG6,MS,MORGAN STANLEY,0.001678173,2466470.37
2026-05-28,IE000EGGFVG6,MORN,MORNINGSTAR INC,8.84781e-05,130039.42
2026-05-28,IE000EGGFVG6,DFI,DFI RETAILGRP HLD SING REG,2.61353e-05,38412.0
2026-05-28,IE000EGGFVG6,MOS,MOSAIC CO/THE,0.000131388,193105.56
2026-05-28,IE000EGGFVG6,MPAA,MOTORCAR PARTS OF AMERICA IN,2.5052e-06,3682.02
2026-05-28,IE000EGGFVG6,MSI,MOTOROLA SOLUTIONS INC,0.000936352,1376189.76
2026-05-28,IE000EGGFVG6,MOV,MOVADO GROUP INC,5.1336e-06,7545.08
2026-05-28,IE000EGGFVG6,MLI,MUELLER INDUSTRIES INC,0.0002289049,336429.6
2026-05-28,IE000EGGFVG6,MWA,MUELLER WATER PRODUCTS INC A,6.18412e-05,90890.24
2026-05-28,IE000EGGFVG6,MUR,MURPHY OILCORP,0.000162318,238564.48
2026-05-28,IE000EGGFVG6,MUSA,MURPHY USAINC,0.0001420123,208720.56
2026-05-28,IE000EGGFVG6,MYE,MYERS INDUSTRIES INC,1.72978e-05,25423.18
2026-05-28,IE000EGGFVG6,MYGN,MYRIAD GENETICS INC,3.6752e-06,5401.6
2026-05-28,IE000EGGFVG6,NBTB,N B T BANCORP INC,4.58807e-05,67432.5
2026-05-28,IE000EGGFVG6,NABL,N ABLE INC,5.9318e-06,8718.15
2026-05-28,IE000EGGFVG6,VYX,NCR VOYIXCORP,2.25902e-05,33201.66
2026-05-28,IE000EGGFVG6,NCSM,NCS MULTISTAGE HOLDINGS INC,9.103e-07,1337.96
2026-05-28,IE000EGGFVG6,NL,NLI HOLDINGS INC,1.9931e-06,2929.28
2026-05-28,IE000EGGFVG6,NMIH,NMI HOLDINGS INC,5.18626e-05,76224.28
2026-05-28,IE000EGGFVG6,NRG,NRG ENERGYINC,0.0005544961,814962.5
2026-05-28,IE000EGGFVG6,NVEC,NVE CORP,3.7745e-06,5547.58
2026-05-28,IE000EGGFVG6,NVR,NVR INC,0.0006287397,924081.0
2026-05-28,IE000EGGFVG6,NOV,NOV INC,0.0002195366,322660.76
2026-05-28,IE000EGGFVG6,NC,NACCO INDUSTRIES CL A,2.7613e-06,4058.4
2026-05-28,IE000EGGFVG6,NATL,NCR ATLEOSCORP,8.89854e-05,130785.03
2026-05-28,IE000EGGFVG6,NSSC,NAPCO SECURITY TECHNOLOGIES,1.9314e-05,28386.44
2026-05-28,IE000EGGFVG6,NDAQ,NASDAQ INC,0.0005393495,792701.0
2026-05-28,IE000EGGFVG6,NTRA,NATERA INC,0.0001825368,268280.76
2026-05-28,IE000EGGFVG6,NBHC,NATIONAL BANK HOLD CL A,2.81648e-05,41394.78
2026-05-28,IE000EGGFVG6,NKSH,NATIONAL BANKSHARES INC/VA,2.0603e-06,3028.06
2026-05-28,IE000EGGFVG6,FIZZ,NATIONAL BEVERAGE CORP,6.0963e-05,89599.44
2026-05-28,IE000EGGFVG6,NCMI,NATIONAL CINEMEDIA INC,2.9392e-06,4319.82
2026-05-28,IE000EGGFVG6,NHC,NATIONAL HEALTHCARE CORP,5.52105e-05,81144.76
2026-05-28,IE000EGGFVG6,NFG,NATIONAL FUEL GAS CO,8.70105e-05,127882.44
2026-05-28,IE000EGGFVG6,NGG,NATIONAL GRID PLC SP ADR,0.0003881745,570513.78
2026-05-28,IE000EGGFVG6,NHI,NATL HEALTH INVESTORS INC,1.8654e-05,27416.48
2026-05-28,IE000EGGFVG6,NRC,NRC HEALTH,3.906e-06,5740.72
2026-05-28,IE000EGGFVG6,NNN,NNN REIT INC,7.44583e-05,109434.0
2026-05-28,IE000EGGFVG6,NSA,NATIONAL STORAGE AFFILIATES,2.3516e-05,34562.32
2026-05-28,IE000EGGFVG6,EYE,NATIONAL VISION HOLDINGS INC,2.31893e-05,34082.18
2026-05-28,IE000EGGFVG6,NGS,NATURAL GAS SERVICES GROUP,4.7713e-06,7012.5
2026-05-28,IE000EGGFVG6,NGVC,NATURAL GROCERS BY VITAMIN C,8.3777e-06,12313.05
2026-05-28,IE000EGGFVG6,NATR,NATURES SUNSHINE PRODS INC,3.5218e-06,5176.08
2026-05-28,IE000EGGFVG6,NWG,NATWEST GROUP PLC  SPON ADR,9.35754e-05,137531.04
2026-05-28,IE000EGGFVG6,NAUT,NAUTILUS BIOTECHNOLOGY INC,3.0286e-06,4451.2
2026-05-28,IE000EGGFVG6,NAVI,NAVIENT CORP,7.486e-06,11002.44
2026-05-28,IE000EGGFVG6,NVTS,NAVITAS SEMICONDUCTOR CORP,6.983e-07,1026.36
2026-05-28,IE000EGGFVG6,NBBK,NB BANCORPINC,8.8047e-06,12940.56
2026-05-28,IE000EGGFVG6,NCNO,NCINO INC,1.71577e-05,25217.35
2026-05-28,IE000EGGFVG6,NNI,NELNET INCCL A,6.16189e-05,90563.52
2026-05-28,IE000EGGFVG6,NEOG,NEOGEN CORP,3.21825e-05,47299.8
2026-05-28,IE000EGGFVG6,NEO,NEOGENOMICS INC,2.88075e-05,42339.45
2026-05-28,IE000EGGFVG6,NRDS,NERDWALLETINC CL A,7.2246e-06,10618.23
2026-05-28,IE000EGGFVG6,NMRA,NEUMORA THERAPEUTICS INC,2.8998e-06,4261.96
2026-05-28,IE000EGGFVG6,NPWR,NET POWERINC,1.3948e-06,2050.0
2026-05-28,IE000EGGFVG6,NTAP,NETAPP INC,0.0005973157,877896.0
2026-05-28,IE000EGGFVG6,NFLX,NETFLIX INC,0.0025836865,3797335.56
2026-05-28,IE000EGGFVG6,NLOP,NET LEASEOFFICE PROPERTY,7.133e-07,1048.35
2026-05-28,IE000EGGFVG6,NTGR,NETGEAR INC,7.1196e-06,10463.97
2026-05-28,IE000EGGFVG6,NTCT,NETSCOUT SYSTEMS INC,5.92964e-05,87150.0
2026-05-28,IE000EGGFVG6,NTST,NETSTREITCORP,7.1748e-06,10545.04
2026-05-28,IE000EGGFVG6,NBIX,NEUROCRINEBIOSCIENCES INC,0.0002372874,348749.7
2026-05-28,IE000EGGFVG6,NGNE,NEUROGENEINC,3.9293e-06,5775.0
2026-05-28,IE000EGGFVG6,AESI,ATLAS ENERGY SOLUTIONS INC,1.94781e-05,28627.64
2026-05-28,IE000EGGFVG6,HKL,HONGKONG LAND HOLDINGS LTD,7.03256e-05,103360.0
2026-05-28,IE000EGGFVG6,VNOM,VIPER ENERGY INC CL A,0.0001392496,204660.0
2026-05-28,IE000EGGFVG6,NJR,NEW JERSEYRESOURCES CORP,0.0001468258,215795.04
2026-05-28,IE000EGGFVG6,NEWP,NEW PACIFIC METALS CORP,2.206e-06,3242.25
2026-05-28,IE000EGGFVG6,FLG,FLAGSTAR BANK NA,0.0001799914,264539.73
2026-05-28,IE000EGGFVG6,NYT,NEW YORK TIMES CO A,0.0002349913,345375.0
2026-05-28,IE000EGGFVG6,NWL,NEWELL BRANDS INC,1.41951e-05,20863.08
2026-05-28,IE000EGGFVG6,NEU,NEWMARKETCORP,0.0002629561,386475.92
2026-05-28,IE000EGGFVG6,NMRK,NEWMARK GROUP INC CLASS A,6.32113e-05,92903.9
2026-05-28,IE000EGGFVG6,NEM,NEWMONT CORP,0.0019522463,2869285.53
2026-05-28,IE000EGGFVG6,NPKI,NPK INTERNATIONAL INC,2.65874e-05,39076.51
2026-05-28,IE000EGGFVG6,NWSA,NEWS CORPCLASS A,0.0002123425,312087.36
2026-05-28,IE000EGGFVG6,NWS,NEWS CORPCLASS B,0.0001230952,180917.42
2026-05-28,IE000EGGFVG6,NXT,NEXTPOWERINC CL A,0.0003969313,583384.01
2026-05-28,IE000EGGFVG6,NXST,NEXSTAR MEDIA GROUP INC,0.0001810395,266080.14
2026-05-28,IE000EGGFVG6,NEE,NEXTERA ENERGY INC,0.0008379882,1231621.0
2026-05-28,IE000EGGFVG6,NXRT,NEXPOINT RESIDENTIAL,3.023e-06,4443.0
2026-05-28,IE000EGGFVG6,NODK,NI HOLDINGS INC,2.889e-06,4246.12
2026-05-28,IE000EGGFVG6,NICE,NICE LTDSPON ADR,2.67652e-05,39337.76
2026-05-28,IE000EGGFVG6,NIC,NICOLET BANKSHARES INC,2.75315e-05,40464.0
2026-05-28,IE000EGGFVG6,NKE,NIKE INCCL B,0.0005981942,879187.2
2026-05-28,IE000EGGFVG6,MASS,908 DEVICES INC,2.9833e-06,4384.63
2026-05-28,IE000EGGFVG6,NI,NISOURCE INC,0.0002712512,398667.48
2026-05-28,IE000EGGFVG6,NOK,NOKIA CORPSPON ADR,0.0001784963,262342.32
2026-05-28,IE000EGGFVG6,NMR,NOMURA HOLDINGS INC SPON ADR,1.0873e-06,1598.0
2026-05-28,IE000EGGFVG6,NDSN,NORDSON CORP,0.0002632754,386945.16
2026-05-28,IE000EGGFVG6,NSC,NORFOLK SOUTHERN CORP,0.0007162117,1052641.72
2026-05-28,IE000EGGFVG6,NOA,NORTH AMERICAN CONSTRUCTION,2.04376e-05,30037.9
2026-05-28,IE000EGGFVG6,NBN,NORTHEASTBANK,2.04255e-05,30020.1
2026-05-28,IE000EGGFVG6,NECB,NORTHEASTCOMMUNITY BANCORP,3.5933e-06,5281.2
2026-05-28,IE000EGGFVG6,NOG,NORTHERN OIL AND GAS INC,2.64773e-05,38914.6
2026-05-28,IE000EGGFVG6,NTIC,NORTHERN TECHNOLOGIES INTL,7.019e-07,1031.68
2026-05-28,IE000EGGFVG6,NTRS,NORTHERN TRUST CORP,0.0006931083,1018685.85
2026-05-28,IE000EGGFVG6,NFBK,NORTHFIELDBANCORP INC,5.5013e-06,8085.42
2026-05-28,IE000EGGFVG6,NRIM,NORTHRIM BANCORP INC,5.4034e-06,7941.54
2026-05-28,IE000EGGFVG6,NOC,NORTHROP GRUMMAN CORP,0.0007766778,1141510.89
2026-05-28,IE000EGGFVG6,NWBI,NORTHWESTBANCSHARES INC,3.47314e-05,51045.96
2026-05-28,IE000EGGFVG6,NWN,NORTHWESTNATURAL HOLDING CO,1.17714e-05,17300.8
2026-05-28,IE000EGGFVG6,NWPX,NWPX INFRASTRUCTURE INC,1.06407e-05,15639.0
2026-05-28,IE000EGGFVG6,NWE,NORTHWESTERN ENERGY GROUP IN,9.36556e-05,137648.96
2026-05-28,IE000EGGFVG6,GEN,GEN DIGITAL INC,0.000416022,611442.3
2026-05-28,IE000EGGFVG6,NWFL,NORWOOD FINANCIAL CORP,3.1562e-06,4638.72
2026-05-28,IE000EGGFVG6,NVA,NOVA MINERALS LTD ADR,1.84e-08,27.0
2026-05-28,IE000EGGFVG6,NVS,NOVARTIS AG SPONSORED ADR,0.0020474613,3009226.4
2026-05-28,IE000EGGFVG6,NVAX,NOVAVAX INC,1.3917e-05,20454.24
2026-05-28,IE000EGGFVG6,NOVT,NOVANTA INC,0.0001220666,179405.58
2026-05-28,IE000EGGFVG6,NVO,NOVO NORDISK A/S SPONS ADR,7.85576e-05,115458.87
2026-05-28,IE000EGGFVG6,DNOW,DNOW INC,2.165e-07,318.24
2026-05-28,IE000EGGFVG6,NUS,NU SKIN ENTERPRISES INC   A,2.9189e-06,4290.0
2026-05-28,IE000EGGFVG6,NUE,NUCOR CORP,0.0006784895,997200.0
2026-05-28,IE000EGGFVG6,NTNX,NUTANIX INC   A,8.16967e-05,120072.6
2026-05-28,IE000EGGFVG6,NVDA,NVIDIA CORP,0.0379643541,55797556.0
2026-05-28,IE000EGGFVG6,NTR,NUTRIEN LTD,0.0004397744,646352.0
2026-05-28,IE000EGGFVG6,NRIX,NURIX THERAPEUTICS INC,2.99242e-05,43980.63
2026-05-28,IE000EGGFVG6,NUVB,NUVATION BIO INC,1.939e-07,285.0
2026-05-28,IE000EGGFVG6,OGE,OGE ENERGYCORP,0.0001154733,169715.16
2026-05-28,IE000EGGFVG6,OI,O I GLASSINC,3.29569e-05,48437.87
2026-05-28,IE000EGGFVG6,ORLY,O REILLY AUTOMOTIVE INC,0.0006467608,950567.19
2026-05-28,IE000EGGFVG6,OFG,OFG BANCORP,3.50179e-05,51467.09
2026-05-28,IE000EGGFVG6,OSIS,OSI SYSTEMS INC,9.1339e-05,134244.12
2026-05-28,IE000EGGFVG6,OPBK,OP BANCORP,1.9324e-06,2840.12
2026-05-28,IE000EGGFVG6,OVLY,OAK VALLEYBANCORP,2.5519e-06,3750.6
2026-05-28,IE000EGGFVG6,CHRD,CHORD ENERGY CORP,0.0001964984,288800.73
2026-05-28,IE000EGGFVG6,OBE,OBSIDIAN ENERGY LTD,3.09016e-05,45417.22
2026-05-28,IE000EGGFVG6,OXY,OCCIDENTALPETROLEUM CORP,0.0007645992,1123758.6
2026-05-28,IE000EGGFVG6,OII,OCEANEERING INTL INC,8.15177e-05,119809.41
2026-05-28,IE000EGGFVG6,OCFC,OCEANFIRSTFINANCIAL CORP,2.5327e-05,37224.0
2026-05-28,IE000EGGFVG6,ONIT,ONITY GROUP INC,2.8411e-06,4175.71
2026-05-28,IE000EGGFVG6,OCUL,OCULAR THERAPEUTIX INC,3.06549e-05,45054.6
2026-05-28,IE000EGGFVG6,OVBC,OHIO VALLEY BANC CORP,2.1429e-06,3149.44
2026-05-28,IE000EGGFVG6,ODC,OIL DRI CORP OF AMERICA,1.81335e-05,26651.52
2026-05-28,IE000EGGFVG6,OIS,OIL STATESINTERNATIONAL INC,4.6075e-06,6771.85
2026-05-28,IE000EGGFVG6,OKTA,OKTA INC,0.0002358759,346675.2
2026-05-28,IE000EGGFVG6,ODFL,OLD DOMINION FREIGHT LINE,0.0007179994,1055269.08
2026-05-28,IE000EGGFVG6,ONB,OLD NATIONAL BANCORP,0.0001538726,226152.0
2026-05-28,IE000EGGFVG6,ORI,OLD REPUBLIC INTL CORP,0.0001546231,227255.0
2026-05-28,IE000EGGFVG6,OSBC,OLD SECONDBANCORP INC,1.07534e-05,15804.6
2026-05-28,IE000EGGFVG6,OLMA,OLEMA PHARMACEUTICALS INC,2.16265e-05,31785.16
2026-05-28,IE000EGGFVG6,OLN,OLIN CORP,5.63671e-05,82844.75
2026-05-28,IE000EGGFVG6,OLLI,OLLIE S BARGAIN OUTLET HOLDI,0.0002337931,343614.02
2026-05-28,IE000EGGFVG6,OMC,OMNICOM GROUP,0.0005912136,868927.52
2026-05-28,IE000EGGFVG6,OHI,OMEGA HEALTHCARE INVESTORS,0.0002703847,397393.92
2026-05-28,IE000EGGFVG6,OFLX,OMEGA FLEXINC,3.1206e-06,4586.52
2026-05-28,IE000EGGFVG6,OMCL,OMNICELL INC,3.26484e-05,47984.56
2026-05-28,IE000EGGFVG6,ON,ON SEMICONDUCTOR,0.0006023716,885326.81
2026-05-28,IE000EGGFVG6,OGS,ONE GAS INC,0.0001243224,182721.0
2026-05-28,IE000EGGFVG6,OLP,ONE LIBERTY PROPERTIES INC,2.064e-06,3033.6
2026-05-28,IE000EGGFVG6,FLWS,1 800 FLOWERS.COM INC CL A,1.5217e-06,2236.5
2026-05-28,IE000EGGFVG6,OSS,ONE STOP SYSTEMS INC,2.9002e-06,4262.58
2026-05-28,IE000EGGFVG6,OKE,ONEOK INC,0.0007216855,1060686.78
2026-05-28,IE000EGGFVG6,OMF,ONEMAIN HOLDINGS INC,0.0002698337,396584.16
2026-05-28,IE000EGGFVG6,ONEW,ONEWATER MARINE INC CL A,1.7144e-06,2519.7
2026-05-28,IE000EGGFVG6,OSPN,ONESPAN INC,5.2811e-06,7761.78
2026-05-28,IE000EGGFVG6,ONTO,ONTO INNOVATION INC,0.0001919413,282102.9
2026-05-28,IE000EGGFVG6,OOMA,OOMA INC,4.534e-06,6663.75
2026-05-28,IE000EGGFVG6,OPAL,OPAL FUELSINC A,3.822e-07,561.66
2026-05-28,IE000EGGFVG6,OPEN,OPENDOOR TECHNOLOGIES INC,7.99307e-05,117476.97
2026-05-28,IE000EGGFVG6,OTEX,OPEN TEXTCORP,0.000136618,200792.34
2026-05-28,IE000EGGFVG6,OPRT,OPORTUN FINANCIAL CORP,2.156e-06,3168.71
2026-05-28,IE000EGGFVG6,OPY,OPPENHEIMER HOLDINGS CL A,2.34997e-05,34538.27
2026-05-28,IE000EGGFVG6,OCC,OPTICAL CABLE CORP,1.1839e-06,1739.98
2026-05-28,IE000EGGFVG6,OPXS,OPTEX SYSTEMS HOLDINGS INC,5.944e-07,873.6
2026-05-28,IE000EGGFVG6,OPFI,OPPFI INC,1.4129e-06,2076.66
2026-05-28,IE000EGGFVG6,ORCL,ORACLE CORP,0.0031680359,4656174.6
2026-05-28,IE000EGGFVG6,OR,OR ROYALTIES INC,1.46435e-05,21522.0
2026-05-28,IE000EGGFVG6,OPRX,OPTIMIZERXCORP,1.0028e-06,1473.9
2026-05-28,IE000EGGFVG6,ORMP,ORAMED PHARMACEUTICALS INC,1.455e-06,2138.4
2026-05-28,IE000EGGFVG6,OPCH,OPTION CARE HEALTH INC,9.60409e-05,141154.78
2026-05-28,IE000EGGFVG6,OBT,ORANGE COUNTY BANCORP INC,4.2412e-06,6233.5
2026-05-28,IE000EGGFVG6,OSUR,ORASURE TECHNOLOGIES INC,7.051e-07,1036.35
2026-05-28,IE000EGGFVG6,ORGO,ORGANOGENESIS HOLDINGS INC,3.1071e-06,4566.66
2026-05-28,IE000EGGFVG6,OBK,ORIGIN BANCORP INC,2.37465e-05,34901.12
2026-05-28,IE000EGGFVG6,ORIC,ORIC PHARMACEUTICALS INC,2.02089e-05,29701.75
2026-05-28,IE000EGGFVG6,OGN,ORGANON +CO,5.073e-05,74559.75
2026-05-28,IE000EGGFVG6,ORN,ORION GROUP HOLDINGS INC,5.2785e-06,7757.94
2026-05-28,IE000EGGFVG6,ORA,ORMAT TECHNOLOGIES INC,0.0002004682,294635.2
2026-05-28,IE000EGGFVG6,ORRF,ORRSTOWN FINL SERVICES INC,7.0737e-06,10396.4
2026-05-28,IE000EGGFVG6,KIDS,ORTHOPEDIATRICS CORP,4.4836e-06,6589.7
2026-05-28,IE000EGGFVG6,OFIX,ORTHOFIX MEDICAL INC,3.6934e-06,5428.28
2026-05-28,IE000EGGFVG6,OSCR,OSCAR HEALTH INC   CLASS A,4.70686e-05,69178.34
2026-05-28,IE000EGGFVG6,OSK,OSHKOSH CORP,0.000135319,198883.1
2026-05-28,IE000EGGFVG6,OTIS,OTIS WORLDWIDE CORP,0.0003299506,484940.1
2026-05-28,IE000EGGFVG6,OTTR,OTTER TAILCORP,8.45143e-05,124213.67
2026-05-28,IE000EGGFVG6,OUT,OUTFRONT MEDIA INC,7.42313e-05,109100.32
2026-05-28,IE000EGGFVG6,OM,OUTSET MEDICAL INC,8.386e-07,1232.46
2026-05-28,IE000EGGFVG6,BBBY,BED BATH +BEYOND INC,2.6209e-06,3852.0
2026-05-28,IE000EGGFVG6,OVID,OVID THERAPEUTICS INC,1.03823e-05,15259.2
2026-05-28,IE000EGGFVG6,OVV,OVINTIV INC,0.000266835,392176.87
2026-05-28,IE000EGGFVG6,OC,OWENS CORNING,0.0001720231,252828.4
2026-05-28,IE000EGGFVG6,OXM,OXFORD INDUSTRIES INC,7.5166e-06,11047.35
2026-05-28,IE000EGGFVG6,PAMT,PAMT CORP,2.4203e-06,3557.25
2026-05-28,IE000EGGFVG6,PBF,PBF ENERGYINC CLASS A,0.0001449221,212997.18
2026-05-28,IE000EGGFVG6,CNXN,PC CONNECTION INC,3.18544e-05,46817.55
2026-05-28,IE000EGGFVG6,PCB,PCB BANCORP,3.2537e-06,4782.1
2026-05-28,IE000EGGFVG6,PDFS,PDF SOLUTIONS INC,3.35247e-05,49272.51
2026-05-28,IE000EGGFVG6,PCG,P G + E CORP,0.0004624976,679749.12
2026-05-28,IE000EGGFVG6,PJT,PJT PARTNERS INC   A,4.66035e-05,68494.8
2026-05-28,IE000EGGFVG6,PNC,PNC FINANCIAL SERVICES GROUP,0.0008719509,1281537.18
2026-05-28,IE000EGGFVG6,PPG,PPG INDUSTRIES INC,0.0004902999,720611.1
2026-05-28,IE000EGGFVG6,PPL,PPL CORP,0.0002324988,341711.76
2026-05-28,IE000EGGFVG6,PRAA,PRA GROUPINC,5.8925e-06,8660.42
2026-05-28,IE000EGGFVG6,PVH,PVH CORP,9.93099e-05,145959.32
2026-05-28,IE000EGGFVG6,PTCT,PTC THERAPEUTICS INC,0.0001241907,182527.45
2026-05-28,IE000EGGFVG6,PTC,PTC INC,0.0002478839,364323.75
2026-05-28,IE000EGGFVG6,PCAR,PACCAR INC,0.0005746393,844567.72
2026-05-28,IE000EGGFVG6,PACS,PACS GROUPINC,0.000103601,152266.0
2026-05-28,IE000EGGFVG6,PACB,PACIFIC BIOSCIENCES OF CALIF,8.1895e-06,12036.36
2026-05-28,IE000EGGFVG6,PCRX,PACIRA BIOSCIENCES INC,2.46993e-05,36301.44
2026-05-28,IE000EGGFVG6,PKG,PACKAGINGCORP OF AMERICA,0.0005279345,775923.98
2026-05-28,IE000EGGFVG6,PD,PAGERDUTYINC,1.1187e-06,1644.24
2026-05-28,IE000EGGFVG6,PLTR,PALANTIR TECHNOLOGIES INC A,0.000402302,591277.5
2026-05-28,IE000EGGFVG6,PANW,PALO ALTONETWORKS INC,0.0004289925,630505.42
2026-05-28,IE000EGGFVG6,PLMR,PALOMAR HOLDINGS INC,7.37711e-05,108424.07
2026-05-28,IE000EGGFVG6,PAAS,PAN AMERICAN SILVER CORP,0.000317471,466598.44
2026-05-28,IE000EGGFVG6,PZZA,PAPA JOHNS INTL INC,4.44637e-05,65349.9
2026-05-28,IE000EGGFVG6,PAR,PAR TECHNOLOGY CORP/DEL,5.919e-06,8699.42
2026-05-28,IE000EGGFVG6,PSKY,PARAMOUNTSKYDANCE CL B,0.0001067735,156928.77
2026-05-28,IE000EGGFVG6,PKE,PARK AEROSPACE CORP,6.664e-06,9794.29
2026-05-28,IE000EGGFVG6,TRAK,REPOSITRAKINC,1.2789e-06,1879.68
2026-05-28,IE000EGGFVG6,PK,PARK HOTELS + RESORTS INC,7.20643e-05,105915.51
2026-05-28,IE000EGGFVG6,PRK,PARK NATIONAL CORP,5.39413e-05,79279.49
2026-05-28,IE000EGGFVG6,PKOH,PARK OHIOHOLDINGS CORP,4.4421e-06,6528.76
2026-05-28,IE000EGGFVG6,PKBK,PARKE BANCORP INC,3.3318e-06,4896.83
2026-05-28,IE000EGGFVG6,PH,PARKER HANNIFIN CORP,0.0009835192,1445512.95
2026-05-28,IE000EGGFVG6,PSN,PARSONS CORP,0.0002182305,320741.16
2026-05-28,IE000EGGFVG6,PBHC,PATHFINDERBANCORP INC,6.148e-07,903.54
2026-05-28,IE000EGGFVG6,PATK,PATRICK INDUSTRIES INC,8.35691e-05,122824.42
2026-05-28,IE000EGGFVG6,PTEN,PATTERSONUTI ENERGY INC,0.0001405758,206609.2
2026-05-28,IE000EGGFVG6,PAYX,PAYCHEX INC,0.0004249335,624539.89
2026-05-28,IE000EGGFVG6,PAYC,PAYCOM SOFTWARE INC,0.0001256553,184680.0
2026-05-28,IE000EGGFVG6,PCTY,PAYLOCITYHOLDING CORP,4.6925e-05,68967.36
2026-05-28,IE000EGGFVG6,PAY,PAYMENTUSHOLDINGS INC A,2.20836e-05,32457.0
2026-05-28,IE000EGGFVG6,PYPL,PAYPAL HOLDINGS INC,0.0002299631,337984.92
2026-05-28,IE000EGGFVG6,PAYS,PAYSIGN INC,3.0428e-06,4472.18
2026-05-28,IE000EGGFVG6,PAYO,PAYONEER GLOBAL INC,1.85021e-05,27193.2
2026-05-28,IE000EGGFVG6,BTU,PEABODY ENERGY CORP,0.0001201829,176637.0
2026-05-28,IE000EGGFVG6,PGC,PEAPACK GLADSTONE FINL CORP,7.5628e-06,11115.25
2026-05-28,IE000EGGFVG6,PSO,PEARSON PLC SPONSORED ADR,2.2948e-05,33727.47
2026-05-28,IE000EGGFVG6,PEB,PEBBLEBROOK HOTEL TRUST,7.6071e-06,11180.45
2026-05-28,IE000EGGFVG6,PEGA,PEGASYSTEMS INC,9.2858e-05,136476.72
2026-05-28,IE000EGGFVG6,PBA,PEMBINA PIPELINE CORP,0.0002978287,437729.4
2026-05-28,IE000EGGFVG6,PENG,PENGUIN SOLUTIONS INC,6.98622e-05,102678.93
2026-05-28,IE000EGGFVG6,PENN,PENN ENTERTAINMENT INC,4.25376e-05,62519.04
2026-05-28,IE000EGGFVG6,PNTG,PENNANT GROUP INC/THE,2.39394e-05,35184.64
2026-05-28,IE000EGGFVG6,PFSI,PENNYMAC FINANCIAL SERVICES,0.0001378215,202561.1
2026-05-28,IE000EGGFVG6,PAG,PENSKE AUTOMOTIVE GROUP INC,0.0001591609,233924.47
2026-05-28,IE000EGGFVG6,PEN,PENUMBRA INC,0.0001147993,168724.55
2026-05-28,IE000EGGFVG6,PEBO,PEOPLES BANCORP INC,2.71659e-05,39926.64
2026-05-28,IE000EGGFVG6,PEBK,PEOPLES BANCORP OF NC,2.1328e-06,3134.64
2026-05-28,IE000EGGFVG6,PFIS,PEOPLES FINANCIAL SERVICES,6.0041e-06,8824.41
2026-05-28,IE000EGGFVG6,PEPG,PEPGEN INC,1.22e-08,18.0
2026-05-28,IE000EGGFVG6,PEP,PEPSICO INC,0.001841197,2706072.42
2026-05-28,IE000EGGFVG6,PRDO,PERDOCEO EDUCATION CORP,4.75951e-05,69952.26
2026-05-28,IE000EGGFVG6,PWP,PERELLA WEINBERG PARTNERS,1.62212e-05,23840.8
2026-05-28,IE000EGGFVG6,PFGC,PERFORMANCE FOOD GROUP CO,0.0004444024,653153.99
2026-05-28,IE000EGGFVG6,PRM,PERIMETERSOLUTIONS INC,9.7347e-05,143074.4
2026-05-28,IE000EGGFVG6,RVTY,REVVITY INC,0.0001999283,293841.66
2026-05-28,IE000EGGFVG6,PESI,PERMA FIXENVIRONMENTAL SVCS,1.718e-06,2525.06
2026-05-28,IE000EGGFVG6,PPIH,PERMA PIPEINTERNATIONAL HOL,2.5812e-06,3793.72
2026-05-28,IE000EGGFVG6,PR,PERMIAN RESOURCES CORP CL A,0.0004362242,641134.2
2026-05-28,IE000EGGFVG6,PSNL,PERSONALISINC,2.71337e-05,39879.36
2026-05-28,IE000EGGFVG6,WOOF,PETCO HEALTH AND WELLNESS CO,6.7603e-06,9935.8
2026-05-28,IE000EGGFVG6,PETS,PETMED EXPRESS INC,6e-09,8.8
2026-05-28,IE000EGGFVG6,PFE,PFIZER INC,0.001608593,2364206.16
2026-05-28,IE000EGGFVG6,PAHC,PHIBRO ANIMAL HEALTH CORP A,1.54198e-05,22662.96
2026-05-28,IE000EGGFVG6,PM,PHILIP MORRIS INTERNATIONAL,0.0012694117,1865699.36
2026-05-28,IE000EGGFVG6,PECO,PHILLIPS EDISON + COMPANY IN,3.92757e-05,57724.92
2026-05-28,IE000EGGFVG6,PSX,PHILLIPS 66,0.0006743842,991166.39
2026-05-28,IE000EGGFVG6,PHIN,PHINIA INC,4.68291e-05,68826.38
2026-05-28,IE000EGGFVG6,PLAB,PHOTRONICSINC,4.18498e-05,61508.16
2026-05-28,IE000EGGFVG6,PHR,PHREESIA INC,5.2274e-06,7682.85
2026-05-28,IE000EGGFVG6,PDM,PIEDMONT REALTY TRUST INC,4.2408e-06,6232.8
2026-05-28,IE000EGGFVG6,PPC,PILGRIM SPRIDE CORP,9.63156e-05,141558.4
2026-05-28,IE000EGGFVG6,PNW,PINNACLE WEST CAPITAL,0.0002134013,313643.5
2026-05-28,IE000EGGFVG6,PNFP,PINNACLE FINANCIAL PARTNERS,0.0004111928,604344.69
2026-05-28,IE000EGGFVG6,PINS,PINTERESTINC  CLASS A,0.0001876538,275801.4
2026-05-28,IE000EGGFVG6,PBFS,PIONEER BANCORP INC/NY,3.4802e-06,5115.0
2026-05-28,IE000EGGFVG6,PIPR,PIPER SANDLER COS,0.0001104029,162263.04
2026-05-28,IE000EGGFVG6,PBI,PITNEY BOWES INC,4.05499e-05,59597.6
2026-05-28,IE000EGGFVG6,PLNT,PLANET FITNESS INC   CL A,4.13918e-05,60835.0
2026-05-28,IE000EGGFVG6,PL,PLANET LABS PBC,0.0001205145,177124.4
2026-05-28,IE000EGGFVG6,PLXS,PLEXUS CORP,0.0001802659,264943.21
2026-05-28,IE000EGGFVG6,PLUG,PLUG POWERINC,0.0004120433,605594.68
2026-05-28,IE000EGGFVG6,PLBC,PLUMAS BANCORP,3.3986e-06,4995.1
2026-05-28,IE000EGGFVG6,PII,POLARIS INC,0.0001158013,170197.2
2026-05-28,IE000EGGFVG6,PDLB,PONCE FINANCIAL GROUP INC,4.6074e-06,6771.6
2026-05-28,IE000EGGFVG6,POOL,POOL CORP,8.19361e-05,120424.4
2026-05-28,IE000EGGFVG6,BPOP,POPULAR INC,0.0001606254,236076.9
2026-05-28,IE000EGGFVG6,PRCH,PORCH GROUP INC,1.8348e-05,26966.72
2026-05-28,IE000EGGFVG6,PTLO,PORTILLO SINC CL A,2.8666e-06,4213.14
2026-05-28,IE000EGGFVG6,POR,PORTLAND GENERAL ELECTRIC CO,0.0001078741,158546.43
2026-05-28,IE000EGGFVG6,POST,POST HOLDINGS INC,0.0001380241,202858.85
2026-05-28,IE000EGGFVG6,PSTL,POSTAL REALTY TRUST INC  A,2.4582e-06,3612.84
2026-05-28,IE000EGGFVG6,POWL,POWELL INDUSTRIES INC,9.76933e-05,143583.3
2026-05-28,IE000EGGFVG6,POWI,POWER INTEGRATIONS INC,0.0001257114,184762.54
2026-05-28,IE000EGGFVG6,AIOT,POWERFLEETINC,4.7454e-06,6974.52
2026-05-28,IE000EGGFVG6,PSIX,POWER SOLUTIONS INTERNATIONA,2.07417e-05,30484.74
2026-05-28,IE000EGGFVG6,PDS,PRECISIONDRILLING CORP,1.83338e-05,26945.88
2026-05-28,IE000EGGFVG6,PFBC,PREFERREDBANK/LOS ANGELES,2.65321e-05,38995.1
2026-05-28,IE000EGGFVG6,PLPC,PREFORMEDLINE PRODUCTS CO,1.79547e-05,26388.6
2026-05-28,IE000EGGFVG6,PBH,PRESTIGE CONSUMER HEALTHCARE,2.15351e-05,31650.91
2026-05-28,IE000EGGFVG6,TROW,T ROWE PRICE GROUP INC,0.0005069227,745042.25
2026-05-28,IE000EGGFVG6,PSMT,PRICESMARTINC,0.0001150742,169128.58
2026-05-28,IE000EGGFVG6,PNRG,PRIMEENERGY RESOURCES CORP,4.8169e-06,7079.6
2026-05-28,IE000EGGFVG6,PRIM,PRIMORIS SERVICES CORP,0.0001462738,214983.78
2026-05-28,IE000EGGFVG6,PRI,PRIMERICAINC,0.0001867789,274515.5
2026-05-28,IE000EGGFVG6,FRST,PRIMIS FINANCIAL CORP,3.2822e-06,4824.0
2026-05-28,IE000EGGFVG6,BPRN,PRINCETONBANCORP INC,2.266e-06,3330.4
2026-05-28,IE000EGGFVG6,PFG,PRINCIPALFINANCIAL GROUP,0.000739117,1086306.48
2026-05-28,IE000EGGFVG6,PDEX,PRO DEX INC,2.2045e-06,3240.0
2026-05-28,IE000EGGFVG6,PG,PROCTER +GAMBLE CO/THE,0.0038221403,5617535.0
2026-05-28,IE000EGGFVG6,PRTH,PRIORITY TECHNOLOGY HOLDINGS,3.0308e-06,4454.45
2026-05-28,IE000EGGFVG6,PCOR,PROCORE TECHNOLOGIES INC,5.5441e-05,81483.56
2026-05-28,IE000EGGFVG6,PRCT,PROCEPT BIOROBOTICS CORP,1.00306e-05,14742.4
2026-05-28,IE000EGGFVG6,PRVA,PRIVIA HEALTH GROUP INC,5.47633e-05,80487.52
2026-05-28,IE000EGGFVG6,ACDC,PROFRAC HOLDING CORP A,5.4433e-06,8000.26
2026-05-28,IE000EGGFVG6,PRG,PROG HOLDINGS INC,1.51905e-05,22326.0
2026-05-28,IE000EGGFVG6,PRGS,PROGRESS SOFTWARE CORP,1.63948e-05,24096.06
2026-05-28,IE000EGGFVG6,PGR,PROGRESSIVE CORP,0.0011400073,1675509.14
2026-05-28,IE000EGGFVG6,PGNY,PROGYNY INC,2.94002e-05,43210.58
2026-05-28,IE000EGGFVG6,PLD,PROLOGIS INC,0.0013565786,1993811.6
2026-05-28,IE000EGGFVG6,PUMP,PROPETRO HOLDING CORP,1.63283e-05,23998.28
2026-05-28,IE000EGGFVG6,PB,PROSPERITYBANCSHARES INC,0.000157744,231841.95
2026-05-28,IE000EGGFVG6,PLX,PROTALIX BIOTHERAPEUTICS INC,2.29e-08,33.6
2026-05-28,IE000EGGFVG6,TARA,PROTARA THERAPEUTIC INC,1.6903e-06,2484.25
2026-05-28,IE000EGGFVG6,PTGX,PROTAGONIST THERAPEUTICS INC,6.01202e-05,88360.8
2026-05-28,IE000EGGFVG6,PRLB,PROTO LABSINC,3.21346e-05,47229.36
2026-05-28,IE000EGGFVG6,PROV,PROVIDENTFINANCIAL HLDGS,1.0245e-06,1505.68
2026-05-28,IE000EGGFVG6,PFS,PROVIDENTFINANCIAL SERVICES,6.04308e-05,88817.28
2026-05-28,IE000EGGFVG6,PRU,PRUDENTIALFINANCIAL INC,0.0006435407,945834.61
2026-05-28,IE000EGGFVG6,PUK,PRUDENTIALPLC ADR,0.0003578496,525944.25
2026-05-28,IE000EGGFVG6,PEG,PUBLIC SERVICE ENTERPRISE GP,0.0005128443,753745.45
2026-05-28,IE000EGGFVG6,PSA,PUBLIC STORAGE,0.0005437047,799102.0
2026-05-28,IE000EGGFVG6,PUBM,PUBMATIC INC CLASS A,4.0242e-06,5914.48
2026-05-28,IE000EGGFVG6,PHM,PULTEGROUPINC,0.0005458343,802231.98
2026-05-28,IE000EGGFVG6,PBYI,PUMA BIOTECHNOLOGY INC,4.4926e-06,6602.88
2026-05-28,IE000EGGFVG6,PCYO,PURE CYCLECORP,1.5275e-06,2245.04
2026-05-28,IE000EGGFVG6,P,EVERPURE INC A,0.0003106498,456573.04
2026-05-28,IE000EGGFVG6,QCRH,QCR HOLDINGS INC,2.97194e-05,43679.64
2026-05-28,IE000EGGFVG6,QUAD,QUAD GRAPHICS INC,4.1122e-06,6043.84
2026-05-28,IE000EGGFVG6,KWR,QUAKER CHEMICAL CORPORATION,5.56873e-05,81845.58
2026-05-28,IE000EGGFVG6,PYXS,PYXIS ONCOLOGY INC,1.0222e-06,1502.32
2026-05-28,IE000EGGFVG6,QRVO,QORVO INC,0.0001767469,259771.22
2026-05-28,IE000EGGFVG6,QTWO,Q2 HOLDINGS INC,2.87781e-05,42296.18
2026-05-28,IE000EGGFVG6,Q,QNITY ELECTRONICS INC,0.0004424642,650305.36
2026-05-28,IE000EGGFVG6,QCOM,QUALCOMM INC,0.0037407191,5497867.42
2026-05-28,IE000EGGFVG6,QLYS,QUALYS INC,7.95593e-05,116931.05
2026-05-28,IE000EGGFVG6,PWR,QUANTA SERVICES INC,0.0007774233,1142606.5
2026-05-28,IE000EGGFVG6,QTRX,QUANTERIXCORP,1.3302e-06,1955.05
2026-05-28,IE000EGGFVG6,QS,QUANTUMSCAPE CORP,0.000138186,203096.85
2026-05-28,IE000EGGFVG6,DGX,QUEST DIAGNOSTICS INC,0.0005593374,822078.0
2026-05-28,IE000EGGFVG6,QNST,QUINSTREETINC,6.5121e-06,9571.1
2026-05-28,IE000EGGFVG6,RBB,RBB BANCORP,3.736e-06,5490.87
2026-05-28,IE000EGGFVG6,RBA,RB GLOBALINC,0.0001187671,174556.16
2026-05-28,IE000EGGFVG6,RCMT,RCM TECHNOLOGIES INC,1.9702e-06,2895.74
2026-05-28,IE000EGGFVG6,RFIL,RF INDUSTRIES LTD,1.8271e-06,2685.4
2026-05-28,IE000EGGFVG6,RGCO,RGC RESOURCES INC,1.4066e-06,2067.3
2026-05-28,IE000EGGFVG6,RLI,RLI CORP,0.0001178756,173246.0
2026-05-28,IE000EGGFVG6,RLJ,RLJ LODGING TRUST,6.5454e-06,9620.0
2026-05-28,IE000EGGFVG6,RES,RPC INC,2.64629e-05,38893.5
2026-05-28,IE000EGGFVG6,RMR,RMR GROUPINC/THE   A,3.0259e-06,4447.2
2026-05-28,IE000EGGFVG6,RH,RH,3.37931e-05,49666.95
2026-05-28,IE000EGGFVG6,RPM,RPM INTERNATIONAL INC,0.0002801983,411817.32
2026-05-28,IE000EGGFVG6,RXO,RXO INC,9.81734e-05,144288.9
2026-05-28,IE000EGGFVG6,RDN,RADIAN GROUP INC,5.82959e-05,85679.52
2026-05-28,IE000EGGFVG6,RLGT,RADIANT LOGISTICS INC,3.6393e-06,5348.76
2026-05-28,IE000EGGFVG6,RDNT,RADNET INC,0.0001416868,208242.15
2026-05-28,IE000EGGFVG6,RMBS,RAMBUS INC,0.0001834973,269692.44
2026-05-28,IE000EGGFVG6,RAL,RALLIANT CORP,0.0003872986,569226.54
2026-05-28,IE000EGGFVG6,RL,RALPH LAUREN CORP,0.000408425,600276.63
2026-05-28,IE000EGGFVG6,METC,RAMACO RESOURCES INC A,9.23253e-05,135693.8
2026-05-28,IE000EGGFVG6,RRC,RANGE RESOURCES CORP,0.0001771624,260381.87
2026-05-28,IE000EGGFVG6,RNGR,RANGER ENERGY SERVICES CL A,3.5872e-06,5272.2
2026-05-28,IE000EGGFVG6,PACK,RANPAK HOLDINGS CORP,6.0192e-06,8846.62
2026-05-28,IE000EGGFVG6,RPID,RAPID MICRO BIOSYSTEMS INC A,7.422e-07,1090.8
2026-05-28,IE000EGGFVG6,RPD,RAPID7 INC,3.3663e-06,4947.6
2026-05-28,IE000EGGFVG6,RAPP,RAPPORT THERAPEUTICS INC,7.8188e-06,11491.59
2026-05-28,IE000EGGFVG6,RJF,RAYMOND JAMES FINANCIAL INC,0.0005756383,846036.0
2026-05-28,IE000EGGFVG6,RYAM,RAYONIER ADVANCED MATERIALS,1.8501e-05,27191.58
2026-05-28,IE000EGGFVG6,RTX,RTX CORP,0.0014492281,2129981.92
2026-05-28,IE000EGGFVG6,RBC,RBC BEARINGS INC,0.0005181749,761579.94
2026-05-28,IE000EGGFVG6,RMAX,RE/MAX HOLDINGS INC CL A,2.1907e-06,3219.8
2026-05-28,IE000EGGFVG6,O,REALTY INCOME CORP,0.0005190028,762796.85
2026-05-28,IE000EGGFVG6,RXRX,RECURSIONPHARMACEUTICALS A,1.20843e-05,17760.72
2026-05-28,IE000EGGFVG6,RRBI,RED RIVERBANCSHARES INC,1.50321e-05,22093.16
2026-05-28,IE000EGGFVG6,RRGB,RED ROBINGOURMET BURGERS,5.138e-07,755.17
2026-05-28,IE000EGGFVG6,RRR,RED ROCK RESORTS INC CLASS A,5.05175e-05,74247.3
2026-05-28,IE000EGGFVG6,RDVT,RED VIOLETINC,5.1072e-06,7506.23
2026-05-28,IE000EGGFVG6,RDDT,REDDIT INCCL A,0.000159163,233927.55
2026-05-28,IE000EGGFVG6,RRX,REGAL REXNORD CORP,0.0002654087,390080.55
2026-05-28,IE000EGGFVG6,REG,REGENCY CENTERS CORP,0.0003019023,443716.52
2026-05-28,IE000EGGFVG6,REGN,REGENERONPHARMACEUTICALS,0.0005983735,879450.8
2026-05-28,IE000EGGFVG6,RGNX,REGENXBIOINC,3.4362e-06,5050.37
2026-05-28,IE000EGGFVG6,RM,REGIONAL MANAGEMENT CORP,3.2584e-06,4788.96
2026-05-28,IE000EGGFVG6,RF,REGIONS FINANCIAL CORP,0.000324382,476755.73
2026-05-28,IE000EGGFVG6,RGA,REINSURANCE GROUP OF AMERICA,0.000268342,394391.68
2026-05-28,IE000EGGFVG6,RLAY,RELAY THERAPEUTICS INC,5.5052e-05,80911.9
2026-05-28,IE000EGGFVG6,RS,RELIANCE INC,0.000349914,514281.07
2026-05-28,IE000EGGFVG6,RELX,RELX PLCSPON ADR,0.0003028857,445161.9
2026-05-28,IE000EGGFVG6,RELY,REMITLY GLOBAL INC,6.79986e-05,99940.0
2026-05-28,IE000EGGFVG6,RNST,RENASANT CORP,0.000100279,147383.64
2026-05-28,IE000EGGFVG6,RGEN,REPLIGEN CORP,0.0003660017,537925.59
2026-05-28,IE000EGGFVG6,UPBD,UPBOUND GROUP INC,2.48277e-05,36490.18
2026-05-28,IE000EGGFVG6,RTO,RENTOKIL INITIAL PLC SP ADR,5.61965e-05,82594.0
2026-05-28,IE000EGGFVG6,RBCAA,REPUBLIC BANCORP INC CLASS A,3.70614e-05,54470.52
2026-05-28,IE000EGGFVG6,RPAY,REPAY HOLDINGS CORP,3.0014e-06,4411.26
2026-05-28,IE000EGGFVG6,REPL,REPLIMUNEGROUP INC,3.3912e-06,4984.2
2026-05-28,IE000EGGFVG6,RSG,REPUBLIC SERVICES INC,0.0009554365,1404238.86
2026-05-28,IE000EGGFVG6,RSSS,RESEARCH SOLUTIONS INC,5.628e-07,827.2
2026-05-28,IE000EGGFVG6,RMD,RESMED INC,0.0004398538,646468.76
2026-05-28,IE000EGGFVG6,REZI,RESIDEO TECHNOLOGIES INC,0.0001393495,204806.9
2026-05-28,IE000EGGFVG6,RSVR,RESERVOIRMEDIA INC,4.6132e-06,6780.2
2026-05-28,IE000EGGFVG6,RGP,RESOURCESCONNECTION INC,1.3377e-06,1966.02
2026-05-28,IE000EGGFVG6,QSR,RESTAURANTBRANDS INTERN,0.0003469435,509915.22
2026-05-28,IE000EGGFVG6,RVMD,REVOLUTIONMEDICINES INC,0.0003261492,479353.0
2026-05-28,IE000EGGFVG6,RVLV,REVOLVE GROUP INC,2.04476e-05,30052.53
2026-05-28,IE000EGGFVG6,REX,REX AMERICAN RESOURCES CORP,2.37731e-05,34940.24
2026-05-28,IE000EGGFVG6,REXR,REXFORD INDUSTRIAL REALTY IN,5.47108e-05,80410.33
2026-05-28,IE000EGGFVG6,REYN,REYNOLDS CONSUMER PRODUCTS I,7.55896e-05,111096.7
2026-05-28,IE000EGGFVG6,RBKB,RHINEBECKBANCORP INC,1.6202e-06,2381.27
2026-05-28,IE000EGGFVG6,RBBN,RIBBON COMMUNICATIONS INC,5.019e-06,7376.6
2026-05-28,IE000EGGFVG6,RELL,RICHARDSONELEC LTD,1.9582e-06,2878.07
2026-05-28,IE000EGGFVG6,RMBI,RICHMOND MUTUAL BANCORPORATI,1.4164e-06,2081.72
2026-05-28,IE000EGGFVG6,RIGL,RIGEL PHARMACEUTICALS INC,1.72359e-05,25332.15
2026-05-28,IE000EGGFVG6,REPX,RILEY EXPLORATION PERMIAN IN,1.98868e-05,29228.4
2026-05-28,IE000EGGFVG6,RMNI,RIMINI STREET INC,2.0655e-06,3035.79
2026-05-28,IE000EGGFVG6,RNG,RINGCENTRAL INC CLASS A,5.09531e-05,74887.54
2026-05-28,IE000EGGFVG6,RIO,RIO TINTOPLC SPON ADR,0.0008100421,1190547.54
2026-05-28,IE000EGGFVG6,RIOT,RIOT PLATFORMS INC,0.000327976,482037.98
2026-05-28,IE000EGGFVG6,RVSB,RIVERVIEWBANCORP INC,1.0783e-06,1584.84
2026-05-28,IE000EGGFVG6,RIVN,RIVIAN AUTOMOTIVE INC A,0.0004022313,591173.6
2026-05-28,IE000EGGFVG6,RHI,ROBERT HALF INC,2.65114e-05,38964.8
2026-05-28,IE000EGGFVG6,HOOD,ROBINHOODMARKETS INC   A,0.0006198476,911011.92
2026-05-28,IE000EGGFVG6,RBLX,ROBLOX CORP  CLASS A,9.81058e-05,144189.57
2026-05-28,IE000EGGFVG6,RKT,ROCKET COSINC CLASS A,0.0001234802,181483.2
2026-05-28,IE000EGGFVG6,RKLB,ROCKET LABCORP,0.0002181569,320632.98
2026-05-28,IE000EGGFVG6,RCKT,ROCKET PHARMACEUTICALS INC,3.0164e-06,4433.36
2026-05-28,IE000EGGFVG6,ROK,ROCKWELL AUTOMATION INC,0.0005096534,749055.6
2026-05-28,IE000EGGFVG6,RCKY,ROCKY BRANDS INC,2.6809e-06,3940.26
2026-05-28,IE000EGGFVG6,RCI,ROGERS COMMUNICATIONS INC B,0.0001365016,200621.25
2026-05-28,IE000EGGFVG6,ROG,ROGERS CORP,6.36076e-05,93486.3
2026-05-28,IE000EGGFVG6,ROKU,ROKU INC,0.0002713249,398775.78
2026-05-28,IE000EGGFVG6,ROL,ROLLINS INC,0.0003837296,563981.04
2026-05-28,IE000EGGFVG6,ROOT,ROOT INC/OH  CLASS A,8.2872e-06,12180.0
2026-05-28,IE000EGGFVG6,ROP,ROPER TECHNOLOGIES INC,0.0004290208,630547.0
2026-05-28,IE000EGGFVG6,ROST,ROSS STORES INC,0.0008992247,1321622.4
2026-05-28,IE000EGGFVG6,RY,ROYAL BANKOF CANADA,0.0024633377,3620454.63
2026-05-28,IE000EGGFVG6,SHEL,SHELL PLCADR,0.0021196267,3115290.46
2026-05-28,IE000EGGFVG6,RGLD,ROYAL GOLDINC,0.0004343799,638423.56
2026-05-28,IE000EGGFVG6,RUSHA,RUSH ENTERPRISES INC CL A,0.000114941,168932.79
2026-05-28,IE000EGGFVG6,RUSHB,RUSH ENTERPRISES INC   CL B,2.71481e-05,39900.56
2026-05-28,IE000EGGFVG6,RSI,RUSH STREET INTERACTIVE INC,3.22238e-05,47360.52
2026-05-28,IE000EGGFVG6,RXST,RXSIGHT INC,2.3353e-06,3432.26
2026-05-28,IE000EGGFVG6,R,RYDER SYSTEM INC,0.0002730631,401330.53
2026-05-28,IE000EGGFVG6,RYZ,RYERSON HOLDING CORP,2.7719e-05,40739.65
2026-05-28,IE000EGGFVG6,RHP,RYMAN HOSPITALITY PROPERTIES,7.92383e-05,116459.4
2026-05-28,IE000EGGFVG6,STBA,S + T BANCORP INC,2.50314e-05,36789.48
2026-05-28,IE000EGGFVG6,SES,SES AI CORP,7.14e-08,104.88
2026-05-28,IE000EGGFVG6,SBFG,SB FINANCIAL GROUP INC,1.2712e-06,1868.3
2026-05-28,IE000EGGFVG6,SPGI,S+P GLOBALINC,0.0008883692,1305667.68
2026-05-28,IE000EGGFVG6,SBAC,SBA COMMUNICATIONS CORP,0.000167206,245748.62
2026-05-28,IE000EGGFVG6,SEIC,SEI INVESTMENTS COMPANY,0.0002115329,310897.4
2026-05-28,IE000EGGFVG6,SMHI,SEACOR MARINE HOLDINGS INC,1.925e-06,2829.18
2026-05-28,IE000EGGFVG6,HTO,H2O AMERICA,1.21553e-05,17865.12
2026-05-28,IE000EGGFVG6,SEZL,SEZZLE INC,5.49766e-05,80801.0
2026-05-28,IE000EGGFVG6,SLG,SL GREEN REALTY CORP,2.58881e-05,38048.65
2026-05-28,IE000EGGFVG6,SLM,SLM CORP,0.0001247831,183398.16
2026-05-28,IE000EGGFVG6,SM,SM ENERGYCO,7.07905e-05,104043.24
2026-05-28,IE000EGGFVG6,SPSC,SPS COMMERCE INC,1.86443e-05,27402.24
2026-05-28,IE000EGGFVG6,SSNC,SS+C TECHNOLOGIES HOLDINGS,0.0004435565,651910.71
2026-05-28,IE000EGGFVG6,SPXC,SPX TECHNOLOGIES INC,0.0001565386,230070.32
2026-05-28,IE000EGGFVG6,SBRA,SABRA HEALTH CARE REIT INC,9.87966e-05,145204.8
2026-05-28,IE000EGGFVG6,SOC,SABLE OFFSHORE CORP,1.6392e-06,2409.16
2026-05-28,IE000EGGFVG6,SAFT,SAFETY INSURANCE GROUP INC,2.0953e-05,30795.39
2026-05-28,IE000EGGFVG6,SGA,SAGA COMMUNICATIONS INC CL A,5.7e-07,837.81
2026-05-28,IE000EGGFVG6,SGMT,SAGIMET BIOSCIENCES INC A,2.0825e-06,3060.67
2026-05-28,IE000EGGFVG6,SAIA,SAIA INC,0.0002084689,306394.13
2026-05-28,IE000EGGFVG6,JOE,ST JOE CO/THE,7.4631e-05,109687.76
2026-05-28,IE000EGGFVG6,CRM,SALESFORCEINC,0.0004484154,659051.97
2026-05-28,IE000EGGFVG6,SBH,SALLY BEAUTY HOLDINGS INC,3.79361e-05,55756.0
2026-05-28,IE000EGGFVG6,IOT,SAMSARA INC CL A,9.43404e-05,138655.44
2026-05-28,IE000EGGFVG6,SNDK,SANDISK CORP,0.0033397192,4908503.6
2026-05-28,IE000EGGFVG6,SD,SANDRIDGEENERGY INC,4.903e-06,7206.06
2026-05-28,IE000EGGFVG6,JBSS,JOHN B. SANFILIPPO + SON INC,6.8611e-06,10084.06
2026-05-28,IE000EGGFVG6,SANM,SANMINA CORP,0.0001422056,209004.62
2026-05-28,IE000EGGFVG6,SAP,SAP SE SPONSORED ADR,0.0003075281,451984.96
2026-05-28,IE000EGGFVG6,SRPT,SAREPTA THERAPEUTICS INC,1.67381e-05,24600.6
2026-05-28,IE000EGGFVG6,BFS,SAUL CENTERS INC,3.3969e-06,4992.48
2026-05-28,IE000EGGFVG6,SVV,SAVERS VALUE VILLAGE INC,2.64954e-05,38941.22
2026-05-28,IE000EGGFVG6,ELVR,ELEVRA LITHIUM LTD,9.4222e-06,13848.12
2026-05-28,IE000EGGFVG6,SCSC,SCANSOURCEINC,2.66864e-05,39221.92
2026-05-28,IE000EGGFVG6,HSIC,HENRY SCHEIN INC,0.0001576525,231707.52
2026-05-28,IE000EGGFVG6,SLB,SLB LTD,0.0010930351,1606472.4
2026-05-28,IE000EGGFVG6,SNDR,SCHNEIDERNATIONAL INC CL B,8.39858e-05,123436.9
2026-05-28,IE000EGGFVG6,SCHL,SCHOLASTICCORP,9.6842e-06,14233.2
2026-05-28,IE000EGGFVG6,SDGR,SCHRODINGER INC,2.08681e-05,30670.56
2026-05-28,IE000EGGFVG6,SCHW,SCHWAB (CHARLES) CORP,0.0009585311,1408787.1
2026-05-28,IE000EGGFVG6,MATV,MATIV HOLDINGS INC,1.66706e-05,24501.42
2026-05-28,IE000EGGFVG6,SAIC,SCIENCE APPLICATIONS INTE,0.0001131733,166334.8
2026-05-28,IE000EGGFVG6,SMG,SCOTTS MIRACLE GRO CO,5.23843e-05,76991.04
2026-05-28,IE000EGGFVG6,SSP,EW SCRIPPSCO/THE A,3.3125e-06,4868.5
2026-05-28,IE000EGGFVG6,SEB,SEABOARD CORP,0.0001270617,186747.14
2026-05-28,IE000EGGFVG6,SBCF,SEACOAST BANKING CORP/FL,5.5987e-05,82286.06
2026-05-28,IE000EGGFVG6,SA,SEABRIDGEGOLD INC,2.99289e-05,43987.52
2026-05-28,IE000EGGFVG6,PRKS,UNITED PARKS + RESORTS INC,1.26665e-05,18616.36
2026-05-28,IE000EGGFVG6,SNFCA,SECURITY NATL FINL CORP CL A,1.9482e-06,2863.35
2026-05-28,IE000EGGFVG6,SEER,SEER INC,1.05e-08,15.44
2026-05-28,IE000EGGFVG6,WTTR,SELECT WATER SOLUTIONS INC,4.15567e-05,61077.38
2026-05-28,IE000EGGFVG6,SEM,SELECT MEDICAL HOLDINGS CORP,3.13634e-05,46095.92
2026-05-28,IE000EGGFVG6,SIGI,SELECTIVEINSURANCE GROUP,0.0001512705,222327.63
2026-05-28,IE000EGGFVG6,WGS,GENEDX HOLDINGS CORP,3.33711e-05,49046.7
2026-05-28,IE000EGGFVG6,SMTC,SEMTECH CORP,4.527e-07,665.32
2026-05-28,IE000EGGFVG6,SRE,SEMPRA,0.0004883935,717809.19
2026-05-28,IE000EGGFVG6,SENEA,SENECA FOODS CORP   CL A,7.1298e-06,10478.88
2026-05-28,IE000EGGFVG6,SXT,SENSIENT TECHNOLOGIES CORP,8.74336e-05,128504.22
2026-05-28,IE000EGGFVG6,SENS,SENSEONICSHOLDINGS INC,2.533e-06,3722.88
2026-05-28,IE000EGGFVG6,SRTS,SENSUS HEALTHCARE INC,4.803e-07,705.96
2026-05-28,IE000EGGFVG6,S,SENTINELONE INC  CLASS A,9.82205e-05,144358.22
2026-05-28,IE000EGGFVG6,SERA,SERA PROGNOSTICS INC A,7.426e-07,1091.4
2026-05-28,IE000EGGFVG6,MCRB,SERES THERAPEUTICS INC,2.06e-08,30.32
2026-05-28,IE000EGGFVG6,SRG,SERITAGE GROWTH PROP  A,9.105e-07,1338.24
2026-05-28,IE000EGGFVG6,SCI,SERVICE CORP INTERNATIONAL,0.0002632738,386942.88
2026-05-28,IE000EGGFVG6,SVC,SERVICE PROPERTIES TRUST,9.8e-09,14.4
2026-05-28,IE000EGGFVG6,NOW,SERVICENOWINC,0.0002378435,349566.95
2026-05-28,IE000EGGFVG6,TTAN,SERVICETITAN INC A,5.9087e-06,8684.28
2026-05-28,IE000EGGFVG6,SFBS,SERVISFIRST BANCSHARES INC,0.0001950884,286728.28
2026-05-28,IE000EGGFVG6,SHAK,SHAKE SHACK INC   CLASS A,4.81488e-05,70766.07
2026-05-28,IE000EGGFVG6,SHEN,SHENANDOAHTELECOMMUNICATION,2.83584e-05,41679.36
2026-05-28,IE000EGGFVG6,SHW,SHERWIN WILLIAMS CO/THE,0.0012517144,1839689.06
2026-05-28,IE000EGGFVG6,SCVL,SHOE CARNIVAL INC,1.19869e-05,17617.6
2026-05-28,IE000EGGFVG6,SHLS,SHOALS TECHNOLOGIES GROUP  A,4.50153e-05,66160.6
2026-05-28,IE000EGGFVG6,SHOP,SHOPIFY INC   CLASS A,0.0001206076,177261.23
2026-05-28,IE000EGGFVG6,SHBI,SHORE BANCSHARES INC,1.72031e-05,25284.0
2026-05-28,IE000EGGFVG6,SSTI,SOUNDTHINKING INC,8.461e-07,1243.56
2026-05-28,IE000EGGFVG6,SIBN,SI BONE INC,1.23929e-05,18214.24
2026-05-28,IE000EGGFVG6,SIEB,SIEBERT FINANCIAL CORP,7.233e-07,1063.12
2026-05-28,IE000EGGFVG6,BSRR,SIERRA BANCORP,1.72296e-05,25322.91
2026-05-28,IE000EGGFVG6,SGHT,SIGHT SCIENCES INC,4.13e-08,60.72
2026-05-28,IE000EGGFVG6,SIGA,SIGA TECHNOLOGIES INC,1.3013e-05,19125.68
2026-05-28,IE000EGGFVG6,SLAB,SILICON LABORATORIES INC,9.4067e-05,138253.53
2026-05-28,IE000EGGFVG6,SLGN,SILGAN HOLDINGS INC,7.1851e-05,105602.0
2026-05-28,IE000EGGFVG6,SVCO,SILVACO GROUP INC,2.0462e-06,3007.37
2026-05-28,IE000EGGFVG6,SAMG,SILVERCREST ASSET MANAGEME A,8.436e-07,1239.87
2026-05-28,IE000EGGFVG6,SPRY,ARS PHARMACEUTICALS INC,8.5702e-06,12596.0
2026-05-28,IE000EGGFVG6,SFNC,SIMMONS FIRST NATL CORP CL A,6.84707e-05,100633.8
2026-05-28,IE000EGGFVG6,SPG,SIMON PROPERTY GROUP INC,0.0006789467,997872.02
2026-05-28,IE000EGGFVG6,SMPL,SIMPLY GOOD FOODS CO/THE,1.10795e-05,16284.0
2026-05-28,IE000EGGFVG6,SSD,SIMPSON MANUFACTURING CO INC,0.0001493528,219509.08
2026-05-28,IE000EGGFVG6,SLP,SIMULATIONS PLUS INC,3.4449e-06,5063.13
2026-05-28,IE000EGGFVG6,SBGI,SINCLAIR INC,2.1269e-05,31259.8
2026-05-28,IE000EGGFVG6,SITE,SITEONE LANDSCAPE SUPPLY INC,0.0001435138,210927.36
2026-05-28,IE000EGGFVG6,SITM,SITIME CORP,0.0001990382,292533.51
2026-05-28,IE000EGGFVG6,SIRI,SIRIUS XMHOLDINGS INC,0.0001725862,253656.04
2026-05-28,IE000EGGFVG6,SKLZ,SKILLZ INC,9.727e-07,1429.68
2026-05-28,IE000EGGFVG6,SKY,CHAMPION HOMES INC,0.0001168513,171740.55
2026-05-28,IE000EGGFVG6,SKYW,SKYWEST INC,7.16869e-05,105360.84
2026-05-28,IE000EGGFVG6,SWKS,SKYWORKS SOLUTIONS INC,0.0001838979,270281.2
2026-05-28,IE000EGGFVG6,SKYT,SKYWATER TECHNOLOGY INC,8.7234e-06,12821.13
2026-05-28,IE000EGGFVG6,SKWD,SKYWARD SPECIALTY INSURANCE,1.70583e-05,25071.2
2026-05-28,IE000EGGFVG6,SWBI,SMITH + WESSON BRANDS INC,1.3773e-05,20242.6
2026-05-28,IE000EGGFVG6,SNN,SMITH + NEPHEW PLC  SPON ADR,6.29941e-05,92584.7
2026-05-28,IE000EGGFVG6,AOS,SMITH (A.O.) CORP,0.0001627764,239238.24
2026-05-28,IE000EGGFVG6,SMBK,SMARTFINANCIAL INC,6.5588e-06,9639.63
2026-05-28,IE000EGGFVG6,SND,SMART SANDINC,1.8626e-06,2737.6
2026-05-28,IE000EGGFVG6,SDHC,SMITH DOUGLAS HOMES CORP,6.04e-07,887.76
2026-05-28,IE000EGGFVG6,SMID,SMITH MIDLAND CORP,1.7206e-06,2528.76
2026-05-28,IE000EGGFVG6,SFD,SMITHFIELDFOODS INC,8.8555e-06,13015.2
2026-05-28,IE000EGGFVG6,SJM,JM SMUCKERCO/THE,0.0002915399,428486.52
2026-05-28,IE000EGGFVG6,SNA,SNAP ON INC,0.000510835,750792.3
2026-05-28,IE000EGGFVG6,SNAP,SNAP INCA,6.21064e-05,91279.95
2026-05-28,IE000EGGFVG6,SNOW,SNOWFLAKEINC,0.0001933475,284169.6
2026-05-28,IE000EGGFVG6,SOFI,SOFI TECHNOLOGIES INC,0.0010952816,1609774.2
2026-05-28,IE000EGGFVG6,SEDG,SOLAREDGETECHNOLOGIES INC,4.03862e-05,59357.09
2026-05-28,IE000EGGFVG6,SEI,SOLARIS ENERGY INFRASTRUCTUR,5.69633e-05,83720.92
2026-05-28,IE000EGGFVG6,SLDB,SOLID BIOSCIENCES INC,1.94484e-05,28584.01
2026-05-28,IE000EGGFVG6,SLDP,SOLID POWER INC,1.532e-05,22516.38
2026-05-28,IE000EGGFVG6,SOLS,SOLSTICE ADV MATERIALS INC,0.0003038739,446614.17
2026-05-28,IE000EGGFVG6,SOLV,SOLVENTUMCORP,0.0001637912,240729.8
2026-05-28,IE000EGGFVG6,SAH,SONIC AUTOMOTIVE INC CLASS A,3.8459e-05,56524.5
2026-05-28,IE000EGGFVG6,SOTK,SONO TEK CORP,7.043e-07,1035.18
2026-05-28,IE000EGGFVG6,SON,SONOCO PRODUCTS CO,0.0001240581,182332.64
2026-05-28,IE000EGGFVG6,SONO,SONOS INC,3.35822e-05,49356.9
2026-05-28,IE000EGGFVG6,SHC,SOTERA HEALTH CO,0.0001835152,269718.75
2026-05-28,IE000EGGFVG6,SFBC,SOUND FINANCIAL BANCORP INC,1.0309e-06,1515.15
2026-05-28,IE000EGGFVG6,SOBO,SOUTH BOWCORP,0.0001375501,202162.3
2026-05-28,IE000EGGFVG6,BCAL,CALIFORNIABANCORP,1.4098e-05,20720.36
2026-05-28,IE000EGGFVG6,SO,SOUTHERN CO/THE,0.0010811681,1589031.0
2026-05-28,IE000EGGFVG6,SCCO,SOUTHERN COPPER CORP,0.0002899395,426134.35
2026-05-28,IE000EGGFVG6,SFST,SOUTHERN FIRST BANCSHARES,1.53008e-05,22488.09
2026-05-28,IE000EGGFVG6,SMBC,SOUTHERN MISSOURI BANCORP,1.96366e-05,28860.57
2026-05-28,IE000EGGFVG6,SBSI,SOUTHSIDEBANCSHARES INC,1.71749e-05,25242.56
2026-05-28,IE000EGGFVG6,SSB,SOUTHSTATEBANK CORP,0.0001552036,228108.21
2026-05-28,IE000EGGFVG6,LUV,SOUTHWESTAIRLINES CO,0.0008370943,1230307.17
2026-05-28,IE000EGGFVG6,SWX,SOUTHWESTGAS HOLDINGS INC,0.0001176082,172852.89
2026-05-28,IE000EGGFVG6,SPRO,SPERO THERAPEUTICS INC,1.5272e-06,2244.6
2026-05-28,IE000EGGFVG6,SR,SPIRE INC,8.45188e-05,124220.25
2026-05-28,IE000EGGFVG6,SPOK,SPOK HOLDINGS INC,2.0046e-06,2946.24
2026-05-28,IE000EGGFVG6,SPWH,SPORTSMANS WAREHOUSE HOLDIN,7.3e-09,10.72
2026-05-28,IE000EGGFVG6,SII,SPROTT INC,5.3374e-05,78445.61
2026-05-28,IE000EGGFVG6,SFM,SPROUTS FARMERS MARKET INC,0.0001005667,147806.45
2026-05-28,IE000EGGFVG6,CXM,SPRINKLR INC A,1.50691e-05,22147.52
2026-05-28,IE000EGGFVG6,SPT,SPROUT SOCIAL INC   CLASS A,3.4338e-06,5046.78
2026-05-28,IE000EGGFVG6,XYZ,BLOCK INC,0.0006383616,938222.65
2026-05-28,IE000EGGFVG6,SRBK,SR BANCORPINC,1.4854e-06,2183.12
2026-05-28,IE000EGGFVG6,STAA,STAAR SURGICAL CO,2.10917e-05,30999.28
2026-05-28,IE000EGGFVG6,STAG,STAG INDUSTRIAL INC,4.40712e-05,64772.95
2026-05-28,IE000EGGFVG6,STGW,STAGWELL INC,3.23329e-05,47520.79
2026-05-28,IE000EGGFVG6,SLI,STANDARD LITHIUM LTD,1.34938e-05,19832.34
2026-05-28,IE000EGGFVG6,SMP,STANDARD MOTOR PRODS,2.37784e-05,34947.99
2026-05-28,IE000EGGFVG6,SXI,STANDEX INTERNATIONAL CORP,5.00452e-05,73553.16
2026-05-28,IE000EGGFVG6,SARO,STANDARDAERO INC,0.0001558321,229031.9
2026-05-28,IE000EGGFVG6,SWK,STANLEY BLACK + DECKER INC,0.0001982646,291396.52
2026-05-28,IE000EGGFVG6,STN,STANTEC INC,8.67415e-05,127487.1
2026-05-28,IE000EGGFVG6,STHO,STAR HOLDINGS,1.0417e-06,1531.05
2026-05-28,IE000EGGFVG6,SBUX,STARBUCKSCORP,0.000984443,1446870.75
2026-05-28,IE000EGGFVG6,STT,STATE STREET CORP,0.0009619158,1413761.7
2026-05-28,IE000EGGFVG6,STLD,STEEL DYNAMICS INC,0.0006404605,941307.5
2026-05-28,IE000EGGFVG6,SCL,STEPAN CO,2.9458e-05,43295.4
2026-05-28,IE000EGGFVG6,STEL,STELLAR BANCORP INC,3.63234e-05,53385.76
2026-05-28,IE000EGGFVG6,STRL,STERLING INFRASTRUCTURE INC,0.000454248,667624.32
2026-05-28,IE000EGGFVG6,STC,STEWART INFORMATION SERVICES,1.70927e-05,25121.8
2026-05-28,IE000EGGFVG6,SF,STIFEL FINANCIAL CORP,0.0001917024,281751.75
2026-05-28,IE000EGGFVG6,SFIX,STITCH FIXINC CLASS A,1.50991e-05,22191.66
2026-05-28,IE000EGGFVG6,STM,STMICROELECTRONICS NV NY SHS,0.000347596,510874.2
2026-05-28,IE000EGGFVG6,SYBT,STOCK YARDS BANCORP INC,4.2357e-05,62253.63
2026-05-28,IE000EGGFVG6,STOK,STOKE THERAPEUTICS INC,1.97867e-05,29081.2
2026-05-28,IE000EGGFVG6,SRI,STONERIDGEINC,2.0219e-06,2971.6
2026-05-28,IE000EGGFVG6,SNEX,STONEX GROUP INC,0.0001697971,249556.86
2026-05-28,IE000EGGFVG6,STRA,STRATEGICEDUCATION INC,3.04128e-05,44698.8
2026-05-28,IE000EGGFVG6,STRT,STRATTEC SECURITY CORP,3.0723e-06,4515.54
2026-05-28,IE000EGGFVG6,STRS,STRATUS PROPERTIES INC,2.1515e-06,3162.09
2026-05-28,IE000EGGFVG6,STRW,STRAWBERRYFIELDS REIT INC,7.032e-07,1033.5
2026-05-28,IE000EGGFVG6,LRN,STRIDE INC,4.08621e-05,60056.41
2026-05-28,IE000EGGFVG6,SYK,STRYKER CORP,0.0010827595,1591369.99
2026-05-28,IE000EGGFVG6,RGR,STURM RUGER + CO INC,2.03582e-05,29921.2
2026-05-28,IE000EGGFVG6,SMFG,SUMITOMO MITSUI SPONS ADR,0.0002560475,376322.07
2026-05-28,IE000EGGFVG6,INN,SUMMIT HOTEL PROPERTIES INC,2.5506e-06,3748.69
2026-05-28,IE000EGGFVG6,SSBI,SUMMIT STATE BANK,9.055e-07,1330.84
2026-05-28,IE000EGGFVG6,SMMT,SUMMIT THERAPEUTICS INC,6.9001e-05,101413.25
2026-05-28,IE000EGGFVG6,SUI,SUN COMMUNITIES INC,0.0001668668,245250.0
2026-05-28,IE000EGGFVG6,SLF,SUN LIFE FINANCIAL INC,0.0002456928,361103.47
2026-05-28,IE000EGGFVG6,SUNB,SUNBELT RENTALS HOLDINGS INC,0.0001128089,165799.2
2026-05-28,IE000EGGFVG6,SU,SUNCOR ENERGY INC,0.0012913688,1897970.49
2026-05-28,IE000EGGFVG6,SXC,SUNCOKE ENERGY INC,2.79501e-05,41079.25
2026-05-28,IE000EGGFVG6,SUNC,SUNOCOCORPLLC,3.62565e-05,53287.42
2026-05-28,IE000EGGFVG6,RUN,SUNRUN INC,6.33228e-05,93067.73
2026-05-28,IE000EGGFVG6,SHO,SUNSTONE HOTEL INVESTORS INC,2.74506e-05,40345.18
2026-05-28,IE000EGGFVG6,SMCI,SUPER MICRO COMPUTER INC,0.0003864915,568040.2
2026-05-28,IE000EGGFVG6,SGC,SUPERIOR GROUP OF COS INC,1.9563e-06,2875.25
2026-05-28,IE000EGGFVG6,SUPN,SUPERNUS PHARMACEUTICALS INC,6.12347e-05,89998.85
2026-05-28,IE000EGGFVG6,SGRY,SURGERY PARTNERS INC,1.66058e-05,24406.2
2026-05-28,IE000EGGFVG6,SG,SWEETGREENINC   CLASS A,1.01702e-05,14947.44
2026-05-28,IE000EGGFVG6,SLVM,SYLVAMO CORP,2.95033e-05,43362.0
2026-05-28,IE000EGGFVG6,SYM,SYMBOTIC INC,2.7199e-05,39975.39
2026-05-28,IE000EGGFVG6,ACNT,ASCENT INDUSTRIES CO,1.1853e-06,1742.08
2026-05-28,IE000EGGFVG6,SYNA,SYNAPTICSINC,0.0001156034,169906.36
2026-05-28,IE000EGGFVG6,SNPS,SYNOPSYS INC,0.0008103676,1191025.92
2026-05-28,IE000EGGFVG6,SNX,TD SYNNEXCORP,0.0005246938,771161.04
2026-05-28,IE000EGGFVG6,SYF,SYNCHRONYFINANCIAL,0.0003942256,579407.29
2026-05-28,IE000EGGFVG6,SYY,SYSCO CORP,0.0007107288,1044583.28
2026-05-28,IE000EGGFVG6,TFSL,TFS FINANCIAL CORP,5.83938e-05,85823.5
2026-05-28,IE000EGGFVG6,TFII,TFI INTERNATIONAL INC,0.0002587478,380290.8
2026-05-28,IE000EGGFVG6,TJX,TJX COMPANIES INC,0.0015499165,2277967.23
2026-05-28,IE000EGGFVG6,TKO,TKO GROUPHOLDINGS INC,0.0001068375,157022.82
2026-05-28,IE000EGGFVG6,TMUS,T MOBILE US INC,0.0012619653,1854755.13
2026-05-28,IE000EGGFVG6,TPG,TPG INC,3.01332e-05,44287.88
2026-05-28,IE000EGGFVG6,TTMI,TTM TECHNOLOGIES,0.0002703641,397363.64
2026-05-28,IE000EGGFVG6,TCMD,TACTILE SYSTEMS TECHNOLOGY I,1.8966e-05,27875.05
2026-05-28,IE000EGGFVG6,TTWO,TAKE TWO INTERACTIVE SOFTWRE,0.0003062588,450119.42
2026-05-28,IE000EGGFVG6,TAK,TAKEDA PHARMACEUTIC SP ADR,2.1977e-06,3230.0
2026-05-28,IE000EGGFVG6,TLN,TALEN ENERGY CORP,0.0002027086,297928.07
2026-05-28,IE000EGGFVG6,TALO,TALOS ENERGY INC,5.87299e-05,86317.44
2026-05-28,IE000EGGFVG6,SKT,TANGER INC,4.68422e-05,68845.6
2026-05-28,IE000EGGFVG6,TPR,TAPESTRY INC,0.000634885,933113.02
2026-05-28,IE000EGGFVG6,TGT,TARGET CORP,0.0010721013,1575705.2
2026-05-28,IE000EGGFVG6,TRGP,TARGA RESOURCES CORP,0.0010125033,1488112.01
2026-05-28,IE000EGGFVG6,TH,TARGET HOSPITALITY CORP,2.9455e-05,43291.08
2026-05-28,IE000EGGFVG6,TGB,TASEKO MINES LTD,1.27507e-05,18740.16
2026-05-28,IE000EGGFVG6,TASK,TASKUS INCA,4.6539e-06,6840.04
2026-05-28,IE000EGGFVG6,TAYD,TAYLOR DEVICES INC,1.5711e-06,2309.1
2026-05-28,IE000EGGFVG6,TMHC,TAYLOR MORRISON HOME CORP,0.0001934043,284253.2
2026-05-28,IE000EGGFVG6,TSHA,TAYSHA GENE THERAPIES INC,1.933e-07,284.16
2026-05-28,IE000EGGFVG6,TRP,TC ENERGYCORP,0.0002036628,299330.38
2026-05-28,IE000EGGFVG6,TISI,TEAM INC,4.303e-07,632.4
2026-05-28,IE000EGGFVG6,TECK,TECK RESOURCES LTD CLS B,0.0004137889,608160.18
2026-05-28,IE000EGGFVG6,TTGT,TECHTARGETINC,3.2981e-06,4847.36
2026-05-28,IE000EGGFVG6,TECX,TECTONIC THERAPEUTIC INC,5.6937e-06,8368.18
2026-05-28,IE000EGGFVG6,TRC,TEJON RANCH CO,1.99667e-05,29345.82
2026-05-28,IE000EGGFVG6,TDOC,TELADOC HEALTH INC,1.26824e-05,18639.82
2026-05-28,IE000EGGFVG6,TDY,TELEDYNE TECHNOLOGIES INC,0.0005465977,803354.02
2026-05-28,IE000EGGFVG6,TFX,TELEFLEX INC,0.0001700881,249984.48
2026-05-28,IE000EGGFVG6,TDS,TELEPHONEAND DATA SYSTEMS,0.0001438684,211448.49
2026-05-28,IE000EGGFVG6,TLX,TELIX PHARMACEUTICALS LTD,1.297e-07,190.6
2026-05-28,IE000EGGFVG6,TLS,TELOS CORPORATION,3.276e-06,4814.81
2026-05-28,IE000EGGFVG6,SGI,SOMNIGROUPINTERNATIONAL INC,0.0003134579,460700.16
2026-05-28,IE000EGGFVG6,TENB,TENABLE HOLDINGS INC,2.825e-07,415.2
2026-05-28,IE000EGGFVG6,TXG,10X GENOMICS INC CLASS A,7.25586e-05,106641.9
2026-05-28,IE000EGGFVG6,TS,TENARIS SAADR,0.0001146138,168451.92
2026-05-28,IE000EGGFVG6,TENX,TENAX THERAPEUTICS INC,1.40146e-05,20597.78
2026-05-28,IE000EGGFVG6,THC,TENET HEALTHCARE CORP,0.0005169831,759828.4
2026-05-28,IE000EGGFVG6,TNC,TENNANT CO,3.07163e-05,45144.84
2026-05-28,IE000EGGFVG6,TDC,TERADATA CORP,7.8336e-05,115133.2
2026-05-28,IE000EGGFVG6,TER,TERADYNE INC,0.0003959969,582010.65
2026-05-28,IE000EGGFVG6,TEX,TEREX CORP,0.0001016136,149345.08
2026-05-28,IE000EGGFVG6,TRNO,TERRENO REALTY CORP,7.88699e-05,115917.9
2026-05-28,IE000EGGFVG6,TSLA,TESLA INC,0.0017828561,2620326.7
2026-05-28,IE000EGGFVG6,TEVA,TEVA PHARMACEUTICAL SP ADR,0.0002708546,398084.64
2026-05-28,IE000EGGFVG6,TTI,TETRA TECHNOLOGIES INC,3.44631e-05,50651.62
2026-05-28,IE000EGGFVG6,TTEK,TETRA TECHINC,0.00012079,177529.3
2026-05-28,IE000EGGFVG6,TCBI,TEXAS CAPITAL BANCSHARES INC,0.0001221404,179514.0
2026-05-28,IE000EGGFVG6,TXN,TEXAS INSTRUMENTS INC,0.0021570156,3170242.3
2026-05-28,IE000EGGFVG6,TPL,TEXAS PACIFIC LAND CORP,0.0004172295,613216.96
2026-05-28,IE000EGGFVG6,TXRH,TEXAS ROADHOUSE INC,0.0002622295,385407.95
2026-05-28,IE000EGGFVG6,TXT,TEXTRON INC,0.0006289836,924439.44
2026-05-28,IE000EGGFVG6,TGTX,TG THERAPEUTICS INC,7.37977e-05,108463.08
2026-05-28,IE000EGGFVG6,TTD,TRADE DESKINC/THE  CLASS A,6.49292e-05,95428.8
2026-05-28,IE000EGGFVG6,TMO,THERMO FISHER SCIENTIFIC INC,0.0010810275,1588824.42
2026-05-28,IE000EGGFVG6,TCBX,THIRD COAST BANCSHARES INC,1.32971e-05,19543.2
2026-05-28,IE000EGGFVG6,TRI,THOMSON REUTERS CORP,2.15e-05,31599.26
2026-05-28,IE000EGGFVG6,THO,THOR INDUSTRIES INC,8.86412e-05,130279.04
2026-05-28,IE000EGGFVG6,DDD,3D SYSTEMSCORP,2.08561e-05,30653.0
2026-05-28,IE000EGGFVG6,MMM,3M CO,0.001294883,1903135.35
2026-05-28,IE000EGGFVG6,THRY,THRYV HOLDINGS INC,1.5696e-06,2306.9
2026-05-28,IE000EGGFVG6,TDW,TIDEWATERINC,8.42799e-05,123869.18
2026-05-28,IE000EGGFVG6,TSBK,TIMBERLANDBANCORP INC,2.982e-06,4382.72
2026-05-28,IE000EGGFVG6,TKR,TIMKEN CO,0.0002316092,340404.3
2026-05-28,IE000EGGFVG6,MTUS,METALLUS INC,2.23341e-05,32825.17
2026-05-28,IE000EGGFVG6,TIPT,TIPTREE INC,6.6089e-06,9713.32
2026-05-28,IE000EGGFVG6,TWI,TITAN INTERNATIONAL INC,1.77084e-05,26026.6
2026-05-28,IE000EGGFVG6,TITN,TITAN MACHINERY INC,2.09651e-05,30813.14
2026-05-28,IE000EGGFVG6,TOST,TOAST INCCLASS A,0.0002127756,312723.84
2026-05-28,IE000EGGFVG6,TOL,TOLL BROTHERS INC,0.0003582888,526589.68
2026-05-28,IE000EGGFVG6,TMP,TOMPKINS FINANCIAL CORP,3.04346e-05,44730.84
2026-05-28,IE000EGGFVG6,TR,TOOTSIE ROLL INDS,2.33126e-05,34263.3
2026-05-28,IE000EGGFVG6,BLD,TOPBUILD CORP,0.0002868008,421521.36
2026-05-28,IE000EGGFVG6,TTC,TORO CO,0.0001458383,214343.75
2026-05-28,IE000EGGFVG6,TD,TORONTO DOMINION BANK,0.0007721617,1134873.42
2026-05-28,IE000EGGFVG6,TOWN,TOWNE BANK,3.76964e-05,55403.7
2026-05-28,IE000EGGFVG6,TSQ,TOWNSQUAREMEDIA INC   CL A,6.071e-07,892.32
2026-05-28,IE000EGGFVG6,TM,TOYOTA MOTOR CORP  SPON ADR,6.91793e-05,101675.2
2026-05-28,IE000EGGFVG6,TSCO,TRACTOR SUPPLY COMPANY,0.0005546446,815180.82
2026-05-28,IE000EGGFVG6,TW,TRADEWEB MARKETS INC CLASS A,0.0001663166,244441.45
2026-05-28,IE000EGGFVG6,TAC,TRANSALTACORP,6.52178e-05,95852.96
2026-05-28,IE000EGGFVG6,TRNS,TRANSCAT INC,2.27252e-05,33400.08
2026-05-28,IE000EGGFVG6,TDG,TRANSDIGMGROUP INC,0.0006068217,891867.3
2026-05-28,IE000EGGFVG6,TMDX,TRANSMEDICS GROUP INC,4.01977e-05,59079.93
2026-05-28,IE000EGGFVG6,TRU,TRANSUNION,0.0002561209,376429.98
2026-05-28,IE000EGGFVG6,TNL,TRAVEL   LEISURE CO,8.13706e-05,119593.3
2026-05-28,IE000EGGFVG6,TRV,TRAVELERSCOS INC/THE,0.0012014816,1765860.0
2026-05-28,IE000EGGFVG6,TZOO,TRAVELZOO,6.865e-07,1008.96
2026-05-28,IE000EGGFVG6,TMCI,TREACE MEDICAL CONCEPTS INC,1.8337e-06,2695.0
2026-05-28,IE000EGGFVG6,TG,TREDEGAR CORP,2.5672e-06,3773.04
2026-05-28,IE000EGGFVG6,TREX,TREX COMPANY INC,4.60606e-05,67696.83
2026-05-28,IE000EGGFVG6,TCBK,TRICO BANCSHARES,3.90339e-05,57369.48
2026-05-28,IE000EGGFVG6,TRS,TRIMAS CORP,2.50195e-05,36772.08
2026-05-28,IE000EGGFVG6,TRMB,TRIMBLE INC,0.0002665407,391744.36
2026-05-28,IE000EGGFVG6,TNET,TRINET GROUP INC,1.91251e-05,28108.79
2026-05-28,IE000EGGFVG6,TRN,TRINITY INDUSTRIES INC,4.65275e-05,68383.05
2026-05-28,IE000EGGFVG6,TFIN,TRIUMPH FINANCIAL INC,3.30253e-05,48538.4
2026-05-28,IE000EGGFVG6,TFPM,TRIPLE FLAG PRECIOUS MET,2.44587e-05,35947.88
2026-05-28,IE000EGGFVG6,TRIP,TRIPADVISOR INC,4.89698e-05,71972.7
2026-05-28,IE000EGGFVG6,TBI,TRUEBLUE INC,1.6906e-06,2484.72
2026-05-28,IE000EGGFVG6,TRUP,TRUPANIONINC,6.3297e-06,9303.0
2026-05-28,IE000EGGFVG6,TFC,TRUIST FINANCIAL CORP,0.0005382533,791090.0
2026-05-28,IE000EGGFVG6,TRST,TRUSTCO BANK CORP NY,2.52303e-05,37081.92
2026-05-28,IE000EGGFVG6,TRMK,TRUSTMARKCORP,5.61355e-05,82504.4
2026-05-28,IE000EGGFVG6,TTEC,TTEC HOLDINGS INC,1.3331e-06,1959.33
2026-05-28,IE000EGGFVG6,TPB,TURNING POINT BRANDS INC,4.48442e-05,65909.1
2026-05-28,IE000EGGFVG6,TBCH,TURTLE BEACH CORP,2.813e-06,4134.4
2026-05-28,IE000EGGFVG6,TPC,TUTOR PERINI CORP,0.0001082298,159069.17
2026-05-28,IE000EGGFVG6,TWLO,TWILIO INCA,0.0005702278,838084.0
2026-05-28,IE000EGGFVG6,TWIN,TWIN DISCINC,2.2977e-06,3377.08
2026-05-28,IE000EGGFVG6,TWST,TWIST BIOSCIENCE CORP,2.98714e-05,43903.08
2026-05-28,IE000EGGFVG6,TYL,TYLER TECHNOLOGIES INC,0.0001166077,171382.4
2026-05-28,IE000EGGFVG6,TYRA,TYRA BIOSCIENCES INC,1.22294e-05,17974.0
2026-05-28,IE000EGGFVG6,TSN,TYSON FOODS INC CL A,0.0002617546,384710.0
2026-05-28,IE000EGGFVG6,UDR,UDR INC,0.0001296399,190536.4
2026-05-28,IE000EGGFVG6,UFPT,UFP TECHNOLOGIES INC,3.97115e-05,58365.44
2026-05-28,IE000EGGFVG6,UGI,UGI CORP,0.0001046022,153737.62
2026-05-28,IE000EGGFVG6,UMBF,UMB FINANCIAL CORP,0.0001643904,241610.4
2026-05-28,IE000EGGFVG6,UFPI,UFP INDUSTRIES INC,9.86615e-05,145006.29
2026-05-28,IE000EGGFVG6,USB,US BANCORP,0.0008359765,1228664.25
2026-05-28,IE000EGGFVG6,UMH,UMH PROPERTIES INC,1.74199e-05,25602.68
2026-05-28,IE000EGGFVG6,USNA,USANA HEALTH SCIENCES INC,3.5251e-06,5181.0
2026-05-28,IE000EGGFVG6,USPH,U.S. PHYSICAL THERAPY INC,1.9866e-05,29197.73
2026-05-28,IE000EGGFVG6,UBER,UBER TECHNOLOGIES INC,0.0010757171,1581019.56
2026-05-28,IE000EGGFVG6,USCB,USCB FINANCIAL HOLDINGS INC,3.1032e-06,4560.84
2026-05-28,IE000EGGFVG6,PATH,UIPATH INCCLASS A,0.000163071,239671.26
2026-05-28,IE000EGGFVG6,ULS,UL SOLUTIONS INC   CLASS A,9.77588e-05,143679.51
2026-05-28,IE000EGGFVG6,ULTA,ULTA BEAUTY INC,0.0005662516,832240.0
2026-05-28,IE000EGGFVG6,UCTT,ULTRA CLEAN HOLDINGS INC,5.86196e-05,86155.23
2026-05-28,IE000EGGFVG6,ULBI,ULTRALIFECORP,1.188e-06,1746.0
2026-05-28,IE000EGGFVG6,UAA,UNDER ARMOUR INC CLASS A,2.26561e-05,33298.41
2026-05-28,IE000EGGFVG6,UA,UNDER ARMOUR INC CLASS C,2.90582e-05,42707.92
2026-05-28,IE000EGGFVG6,UFI,UNIFI INC,6.851e-07,1006.88
2026-05-28,IE000EGGFVG6,UNF,UNIFIRST CORP/MA,0.0001156201,169931.02
2026-05-28,IE000EGGFVG6,UL,UNILEVER PLC SPONSORED ADR,0.0007542896,1108606.17
2026-05-28,IE000EGGFVG6,UNB,UNION BANKSHARES INC /VT,9.909e-07,1456.38
2026-05-28,IE000EGGFVG6,UNP,UNION PACIFIC CORP,0.0023872644,3508647.0
2026-05-28,IE000EGGFVG6,UIS,UNISYS CORP,1.6436e-06,2415.69
2026-05-28,IE000EGGFVG6,UCB,UNITED COMMUNITY BANKS/GA,0.0001049256,154212.9
2026-05-28,IE000EGGFVG6,UBSI,UNITED BANKSHARES INC,0.000184459,271105.92
2026-05-28,IE000EGGFVG6,UBCP,UNITED BANCORP INC/OHIO,8.589e-07,1262.42
2026-05-28,IE000EGGFVG6,UAL,UNITED AIRLINES HOLDINGS INC,0.0010614826,1560098.54
2026-05-28,IE000EGGFVG6,UFCS,UNITED FIRE GROUP INC,2.80611e-05,41242.38
2026-05-28,IE000EGGFVG6,ACIC,AMERICAN COASTAL INSURANCE C,1.2476e-05,18336.36
2026-05-28,IE000EGGFVG6,UNFI,UNITED NATURAL FOODS INC,9.70506e-05,142638.74
2026-05-28,IE000EGGFVG6,UPS,UNITED PARCEL SERVICE CL B,0.001594677,2343753.24
2026-05-28,IE000EGGFVG6,URI,UNITED RENTALS INC,0.0012145632,1785086.52
2026-05-28,IE000EGGFVG6,AD,ARRAY DIGITAL INFRASTRUCTURE,3.13158e-05,46026.0
2026-05-28,IE000EGGFVG6,USLM,UNITED STATES LIME + MINERAL,7.63337e-05,112190.4
2026-05-28,IE000EGGFVG6,USFD,US FOODS HOLDING CORP,0.000522932,768571.65
2026-05-28,IE000EGGFVG6,UNIT,UNITI GROUP INC,1.62382e-05,23865.84
2026-05-28,IE000EGGFVG6,UTHR,UNITED THERAPEUTICS CORP,0.0004600789,676194.27
2026-05-28,IE000EGGFVG6,UNH,UNITEDHEALTH GROUP INC,0.0017956119,2639074.47
2026-05-28,IE000EGGFVG6,UTL,UNITIL CORP,2.02113e-05,29705.28
2026-05-28,IE000EGGFVG6,UNTY,UNITY BANCORP INC,1.9404e-05,28518.75
2026-05-28,IE000EGGFVG6,U,UNITY SOFTWARE INC,0.0002609731,383561.34
2026-05-28,IE000EGGFVG6,UVV,UNIVERSALCORP/VA,2.66637e-05,39188.56
2026-05-28,IE000EGGFVG6,OLED,UNIVERSALDISPLAY CORP,0.0001100536,161749.7
2026-05-28,IE000EGGFVG6,UHT,UNIVERSALHEALTH RLTY INCOME,2.3366e-06,3434.16
2026-05-28,IE000EGGFVG6,UVE,UNIVERSALINSURANCE HOLDINGS,3.04193e-05,44708.3
2026-05-28,IE000EGGFVG6,ULH,UNIVERSALLOGISTICS HOLDINGS,3.8682e-06,5685.21
2026-05-28,IE000EGGFVG6,UHS,UNIVERSALHEALTH SERVICES B,0.0001623018,238540.68
2026-05-28,IE000EGGFVG6,UTI,UNIVERSALTECHNICAL INSTITUT,3.9754e-05,58427.91
2026-05-28,IE000EGGFVG6,UVSP,UNIVEST FINANCIAL CORP,2.66868e-05,39222.48
2026-05-28,IE000EGGFVG6,UNM,UNUM GROUP,0.0003515134,516631.7
2026-05-28,IE000EGGFVG6,UPST,UPSTART HOLDINGS INC,3.56318e-05,52369.38
2026-05-28,IE000EGGFVG6,UPWK,UPWORK INC,2.54649e-05,37426.63
2026-05-28,IE000EGGFVG6,UEC,URANIUM ENERGY CORP,8.74455e-05,128521.75
2026-05-28,IE000EGGFVG6,URBN,URBAN OUTFITTERS INC,0.0001828808,268786.35
2026-05-28,IE000EGGFVG6,UE,URBAN EDGEPROPERTIES,2.98664e-05,43895.7
2026-05-28,IE000EGGFVG6,UTMD,UTAH MEDICAL PRODUCTS INC,1.9389e-06,2849.61
2026-05-28,IE000EGGFVG6,UTZ,UTZ BRANDSINC,6.0572e-06,8902.5
2026-05-28,IE000EGGFVG6,VFC,VF CORP,0.00013112,192711.64
2026-05-28,IE000EGGFVG6,UWMC,UWM HOLDINGS CORP,6.1551e-06,9046.34
2026-05-28,IE000EGGFVG6,VSEC,VSE CORP,8.36609e-05,122959.4
2026-05-28,IE000EGGFVG6,EGY,VAALCO ENERGY INC,6.8268e-06,10033.52
2026-05-28,IE000EGGFVG6,MTN,VAIL RESORTS INC,8.01529e-05,117803.58
2026-05-28,IE000EGGFVG6,VLO,VALERO ENERGY CORP,0.0008429687,1238941.0
2026-05-28,IE000EGGFVG6,VLY,VALLEY NATIONAL BANCORP,0.0001774773,260844.64
2026-05-28,IE000EGGFVG6,VMI,VALMONT INDUSTRIES,0.0001671093,245606.4
2026-05-28,IE000EGGFVG6,VVV,VALVOLINEINC,7.13723e-05,104898.42
2026-05-28,IE000EGGFVG6,VNDA,VANDA PHARMACEUTICALS INC,1.73891e-05,25557.36
2026-05-28,IE000EGGFVG6,VREX,VAREX IMAGING CORP,1.6062e-05,23606.88
2026-05-28,IE000EGGFVG6,VECO,VEECO INSTRUMENTS INC,6.63019e-05,97446.24
2026-05-28,IE000EGGFVG6,VVX,V2X INC,4.22084e-05,62035.23
2026-05-28,IE000EGGFVG6,PCVX,VAXCYTE INC,0.0001376784,202350.78
2026-05-28,IE000EGGFVG6,VEEV,VEEVA SYSTEMS INC CLASS A,0.0003357535,493468.76
2026-05-28,IE000EGGFVG6,VEL,VELOCITY FINANCIAL INC,5.6881e-06,8360.0
2026-05-28,IE000EGGFVG6,VTR,VENTAS INC,0.0005326942,782919.54
2026-05-28,IE000EGGFVG6,VRA,VERA BRADLEY INC,8.819e-07,1296.18
2026-05-28,IE000EGGFVG6,VCYT,VERACYTE INC,8.80955e-05,129477.02
2026-05-28,IE000EGGFVG6,VERA,VERA THERAPEUTICS INC,1.66157e-05,24420.66
2026-05-28,IE000EGGFVG6,VLTO,VERALTO CORP,0.0006701186,984897.04
2026-05-28,IE000EGGFVG6,VRSN,VERISIGN INC,0.0003350813,492480.82
2026-05-28,IE000EGGFVG6,VZ,VERIZON COMMUNICATIONS INC,0.0029421055,4324116.67
2026-05-28,IE000EGGFVG6,VRSK,VERISK ANALYTICS INC,0.0002116544,311076.0
2026-05-28,IE000EGGFVG6,VCEL,VERICEL CORP,2.12932e-05,31295.36
2026-05-28,IE000EGGFVG6,VET,VERMILIONENERGY INC,2.68446e-05,39454.46
2026-05-28,IE000EGGFVG6,VRRM,VERRA MOBILITY CORP,1.40052e-05,20583.92
2026-05-28,IE000EGGFVG6,VSNT,VERSANT MEDIA GROUP INC,4.13625e-05,60791.99
2026-05-28,IE000EGGFVG6,VRTX,VERTEX PHARMACEUTICALS INC,0.0011122019,1634642.53
2026-05-28,IE000EGGFVG6,VRT,VERTIV HOLDINGS CO A,0.0011203495,1646617.38
2026-05-28,IE000EGGFVG6,VERX,VERTEX INCCLASS A,5.4869e-06,8064.32
2026-05-28,IE000EGGFVG6,PRSU,PURSUIT ATTRACTIONS AND HOSP,3.19346e-05,46935.36
2026-05-28,IE000EGGFVG6,VSAT,VIASAT INC,0.0002804661,412210.95
2026-05-28,IE000EGGFVG6,VIAV,VIAVI SOLUTIONS INC,0.0001433187,210640.56
2026-05-28,IE000EGGFVG6,VTRS,VIATRIS INC,0.0004646763,682951.23
2026-05-28,IE000EGGFVG6,VICI,VICI PROPERTIES INC,0.0003041108,446962.41
2026-05-28,IE000EGGFVG6,VICR,VICOR CORP,0.0001370934,201491.01
2026-05-28,IE000EGGFVG6,VSCO,VICTORIA SSECRET + CO,0.0001674778,246148.0
2026-05-28,IE000EGGFVG6,VCTR,VICTORY CAPITAL HOLDING   A,0.0001692843,248803.16
2026-05-28,IE000EGGFVG6,VLGEA,VILLAGE SUPER MARKET CLASS A,5.103e-06,7500.03
2026-05-28,IE000EGGFVG6,VIR,VIR BIOTECHNOLOGY INC,3.40158e-05,49994.25
2026-05-28,IE000EGGFVG6,VIRC,VIRCO MFGCORPORATION,8.797e-07,1292.91
2026-05-28,IE000EGGFVG6,SPCE,VIRGIN GALACTIC HOLDINGS INC,2.6414e-06,3882.21
2026-05-28,IE000EGGFVG6,VRDN,VIRIDIAN THERAPEUTICS INC,4.33598e-05,63727.4
2026-05-28,IE000EGGFVG6,VABK,VIRGINIA NATIONAL BANKSHARES,2.1343e-06,3136.81
2026-05-28,IE000EGGFVG6,VHC,VIRNETX HOLDING CORP,6.089e-07,894.94
2026-05-28,IE000EGGFVG6,VIRT,VIRTU FINANCIAL INC CLASS A,0.0001373951,201934.4
2026-05-28,IE000EGGFVG6,V,VISA INC CLASS A SHARES,0.005099317,7494646.8
2026-05-28,IE000EGGFVG6,VTSI,VIRTRA INC,3.644e-07,535.5
2026-05-28,IE000EGGFVG6,VRTS,VIRTUS INVESTMENT PARTNERS,2.95957e-05,43497.9
2026-05-28,IE000EGGFVG6,VSH,VISHAY INTERTECHNOLOGY INC,8.06489e-05,118532.56
2026-05-28,IE000EGGFVG6,VPG,VISHAY PRECISION GROUP,4.13314e-05,60746.25
2026-05-28,IE000EGGFVG6,VC,VISTEON CORP,7.61857e-05,111972.8
2026-05-28,IE000EGGFVG6,VST,VISTRA CORP,0.000922921,1356449.64
2026-05-28,IE000EGGFVG6,COCO,VITA COCOCO INC/THE,5.79665e-05,85195.38
2026-05-28,IE000EGGFVG6,VITL,VITAL FARMS INC,3.7186e-06,5465.35
2026-05-28,IE000EGGFVG6,VTS,VITESSE ENERGY INC,6.1715e-06,9070.44
2026-05-28,IE000EGGFVG6,SEAT,VIVID SEATS INC   CLASS A,8.415e-07,1236.85
2026-05-28,IE000EGGFVG6,VZLA,VIZSLA SILVER CORP,1.20879e-05,17766.0
2026-05-28,IE000EGGFVG6,VNT,VONTIER CORP,0.0001384611,203501.16
2026-05-28,IE000EGGFVG6,VNO,VORNADO REALTY TRUST,5.60123e-05,82323.2
2026-05-28,IE000EGGFVG6,VOYA,VOYA FINANCIAL INC,0.0001869415,274754.48
2026-05-28,IE000EGGFVG6,VYGR,VOYAGER THERAPEUTICS INC,2.0008e-06,2940.6
2026-05-28,IE000EGGFVG6,VMC,VULCAN MATERIALS CO,0.0005652742,830803.5
2026-05-28,IE000EGGFVG6,WTI,W+T OFFSHORE INC,4.05e-08,59.52
2026-05-28,IE000EGGFVG6,WDFC,WD 40 CO,5.02257e-05,73818.54
2026-05-28,IE000EGGFVG6,WSFS,WSFS FINANCIAL CORP,0.0001137566,167192.04
2026-05-28,IE000EGGFVG6,WPC,WP CAREY INC,0.0002004031,294539.49
2026-05-28,IE000EGGFVG6,WPP,WPP PLC SPONSORED ADR,5.20057e-05,76434.6
2026-05-28,IE000EGGFVG6,WEC,WEC ENERGYGROUP INC,0.0006563883,964717.13
2026-05-28,IE000EGGFVG6,WNC,WABASH NATIONAL CORP,1.39314e-05,20475.4
2026-05-28,IE000EGGFVG6,WAB,WABTEC CORP,0.0004981465,732143.6
2026-05-28,IE000EGGFVG6,WMT,WALMART INC,0.0045274268,6654119.6
2026-05-28,IE000EGGFVG6,WD,WALKER + DUNLOP INC,1.59717e-05,23474.22
2026-05-28,IE000EGGFVG6,WRBY,WARBY PARKER INC CLASS A,4.47644e-05,65791.76
2026-05-28,IE000EGGFVG6,WBD,WARNER BROS DISCOVERY INC,0.0002639174,387888.8
2026-05-28,IE000EGGFVG6,WMG,WARNER MUSIC GROUP CORP CL A,9.68694e-05,142372.35
2026-05-28,IE000EGGFVG6,HCC,WARRIOR MET COAL INC,0.0001400343,205813.44
2026-05-28,IE000EGGFVG6,WAFD,WAFD INC,5.68574e-05,83565.32
2026-05-28,IE000EGGFVG6,WASH,WASHINGTONTRUST BANCORP,1.33289e-05,19589.9
2026-05-28,IE000EGGFVG6,WCN,WASTE CONNECTIONS INC,0.0001248699,183525.75
2026-05-28,IE000EGGFVG6,WM,WASTE MANAGEMENT INC,0.0015379769,2260419.2
2026-05-28,IE000EGGFVG6,WAT,WATERS CORP,0.0006948026,1021175.95
2026-05-28,IE000EGGFVG6,WSBF,WATERSTONEFINANCIAL INC,3.1902e-06,4688.68
2026-05-28,IE000EGGFVG6,WSO,WATSCO INC,0.0002103408,309145.32
2026-05-28,IE000EGGFVG6,WTS,WATTS WATER TECHNOLOGIES A,0.0001390632,204386.13
2026-05-28,IE000EGGFVG6,W,WAYFAIR INC  CLASS A,0.0001229548,180711.0
2026-05-28,IE000EGGFVG6,CLMB,CLIMB GLOBAL SOLUTIONS INC,2.9988e-06,4407.48
2026-05-28,IE000EGGFVG6,WAY,WAYSTAR HOLDING CORP,2.27313e-05,33408.97
2026-05-28,IE000EGGFVG6,WBS,WEBSTER FINANCIAL CORP,0.0001734522,254928.85
2026-05-28,IE000EGGFVG6,WBTN,WEBTOON ENTERTAINMENT INC,1.47861e-05,21731.72
2026-05-28,IE000EGGFVG6,WMK,WEIS MARKETS INC,9.0984e-06,13372.2
2026-05-28,IE000EGGFVG6,WFC,WELLS FARGO + CO,0.001478829,2173487.4
2026-05-28,IE000EGGFVG6,WELL,WELLTOWERINC,0.0014748704,2167669.32
2026-05-28,IE000EGGFVG6,WEN,WENDY S CO/THE,1.2839e-05,18870.0
2026-05-28,IE000EGGFVG6,WERN,WERNER ENTERPRISES INC,4.50305e-05,66182.88
2026-05-28,IE000EGGFVG6,WSBC,WESBANCO INC,7.39714e-05,108718.46
2026-05-28,IE000EGGFVG6,WCC,WESCO INTERNATIONAL INC,0.0004223898,620801.28
2026-05-28,IE000EGGFVG6,WTBA,WEST BANCORPORATION,1.19006e-05,17490.8
2026-05-28,IE000EGGFVG6,WFG,WEST FRASER TIMBER CO LTD,4.84021e-05,71138.24
2026-05-28,IE000EGGFVG6,WST,WEST PHARMACEUTICAL SERVICES,0.0004985514,732738.6
2026-05-28,IE000EGGFVG6,WABC,WESTAMERICA BANCORPORATION,2.09012e-05,30719.25
2026-05-28,IE000EGGFVG6,WAL,WESTERN ALLIANCE BANCORP,0.0001298596,190859.28
2026-05-28,IE000EGGFVG6,WRN,WESTERN COPPER AND GOLD CORP,2.4222e-06,3559.95
2026-05-28,IE000EGGFVG6,WDC,WESTERN DIGITAL CORP,0.0017409215,2558694.06
2026-05-28,IE000EGGFVG6,WNEB,WESTERN NEW ENGLAND BANCORP,2.5195e-06,3702.96
2026-05-28,IE000EGGFVG6,WU,WESTERN UNION CO,9.48048e-05,139337.91
2026-05-28,IE000EGGFVG6,WLK,WESTLAKE CORP,0.0001457254,214177.81
2026-05-28,IE000EGGFVG6,WHG,WESTWOOD HOLDINGS GROUP INC,1.4206e-06,2087.88
2026-05-28,IE000EGGFVG6,WEX,WEX INC,0.0001754484,257862.68
2026-05-28,IE000EGGFVG6,WEYS,WEYCO GROUP INC,3.5826e-06,5265.54
2026-05-28,IE000EGGFVG6,WPM,WHEATON PRECIOUS METALS CORP,6.78787e-05,99763.69
2026-05-28,IE000EGGFVG6,WHR,WHIRLPOOLCORP,2.31484e-05,34022.04
2026-05-28,IE000EGGFVG6,WSR,WHITESTONEREIT,4.3847e-06,6444.39
2026-05-28,IE000EGGFVG6,WYY,WIDEPOINTCORP,7.107e-07,1044.48
2026-05-28,IE000EGGFVG6,WLY,WILEY (JOHN) + SONS CLASS A,5.06813e-05,74488.08
2026-05-28,IE000EGGFVG6,WLDN,WILLDAN GROUP INC,3.23699e-05,47575.2
2026-05-28,IE000EGGFVG6,WMB,WILLIAMS COS INC,0.0009821585,1443513.07
2026-05-28,IE000EGGFVG6,WSM,WILLIAMS SONOMA INC,0.0005345163,785597.6
2026-05-28,IE000EGGFVG6,WLFC,WILLIS LEASE FINANCE CORP,2.68403e-05,39448.08
2026-05-28,IE000EGGFVG6,WSC,WILLSCOT HOLDINGS CORP,5.86164e-05,86150.56
2026-05-28,IE000EGGFVG6,WING,WINGSTOP INC,6.7881e-05,99767.13
2026-05-28,IE000EGGFVG6,WINA,WINMARK CORP,2.18366e-05,32093.98
2026-05-28,IE000EGGFVG6,WGO,WINNEBAGOINDUSTRIES,2.06157e-05,30299.67
2026-05-28,IE000EGGFVG6,WTFC,WINTRUST FINANCIAL CORP,0.0001813732,266570.61
2026-05-28,IE000EGGFVG6,WT,WISDOMTREEINC,6.41138e-05,94230.36
2026-05-28,IE000EGGFVG6,WWW,WOLVERINEWORLD WIDE INC,3.50475e-05,51510.5
2026-05-28,IE000EGGFVG6,WWD,WOODWARD INC,0.0004330326,636443.28
2026-05-28,IE000EGGFVG6,WDAY,WORKDAY INC CLASS A,0.0001452482,213476.42
2026-05-28,IE000EGGFVG6,WRLD,WORLD ACCEPTANCE CORP,3.2088e-05,47160.92
2026-05-28,IE000EGGFVG6,WKC,WORLD KINECT CORP,3.21637e-05,47272.06
2026-05-28,IE000EGGFVG6,WOR,WORTHINGTON ENTERPRISES INC,4.89849e-05,71994.91
2026-05-28,IE000EGGFVG6,WS,WORTHINGTON STEEL INC,3.61034e-05,53062.44
2026-05-28,IE000EGGFVG6,WH,WYNDHAM HOTELS + RESORTS INC,0.0001763226,259147.57
2026-05-28,IE000EGGFVG6,WYNN,WYNN RESORTS LTD,9.14715e-05,134438.96
2026-05-28,IE000EGGFVG6,XPO,XPO INC,0.0004834745,710579.6
2026-05-28,IE000EGGFVG6,XPEL,XPEL INC,2.35331e-05,34587.41
2026-05-28,IE000EGGFVG6,SPRU,SPRUCE POWER HOLDING CORP,4.865e-07,715.0
2026-05-28,IE000EGGFVG6,XEL,XCEL ENERGY INC,0.0002785924,409457.16
2026-05-28,IE000EGGFVG6,XBIT,XBIOTECH INC,6.956e-07,1022.36
2026-05-28,IE000EGGFVG6,XHR,XENIA HOTELS + RESORTS INC,2.28549e-05,33590.7
2026-05-28,IE000EGGFVG6,XNCR,XENCOR INC,1.97907e-05,29087.1
2026-05-28,IE000EGGFVG6,XOMA,XOMA ROYALTY CORPORATION,7.6038e-06,11175.6
2026-05-28,IE000EGGFVG6,XYL,XYLEM INC,0.0004193874,616388.5
2026-05-28,IE000EGGFVG6,XRX,XEROX HOLDINGS CORP,2.48e-08,36.48
2026-05-28,IE000EGGFVG6,XRXDW,XEROX HOLDINGS CORP,1.6e-09,2.29
2026-05-28,IE000EGGFVG6,XPER,XPERI INC,3.4226e-06,5030.28
2026-05-28,IE000EGGFVG6,YELP,YELP INC,1.52666e-05,22437.9
2026-05-28,IE000EGGFVG6,YEXT,YEXT INC,9.2367e-06,13575.54
2026-05-28,IE000EGGFVG6,YETI,YETI HOLDINGS INC,8.59548e-05,126330.88
2026-05-28,IE000EGGFVG6,YORW,YORK WATERCO,2.5742e-06,3783.33
2026-05-28,IE000EGGFVG6,YUM,YUM  BRANDS INC,0.0002631612,386777.34
2026-05-28,IE000EGGFVG6,ZBRA,ZEBRA TECHNOLOGIES CORP CL A,0.0001868862,274673.2
2026-05-28,IE000EGGFVG6,ZG,ZILLOW GROUP INC   A,3.24937e-05,47757.2
2026-05-28,IE000EGGFVG6,Z,ZILLOW GROUP INC   C,9.76825e-05,143567.44
2026-05-28,IE000EGGFVG6,ZVIA,ZEVIA PBCA,1.0007e-06,1470.75
2026-05-28,IE000EGGFVG6,ZETA,ZETA GLOBAL HOLDINGS CORP A,7.84278e-05,115268.16
2026-05-28,IE000EGGFVG6,ZBH,ZIMMER BIOMET HOLDINGS INC,0.0003062638,450126.7
2026-05-28,IE000EGGFVG6,ZION,ZIONS BANCORP NA,0.000137842,202591.2
2026-05-28,IE000EGGFVG6,ZTS,ZOETIS INC,0.0002689351,395263.5
2026-05-28,IE000EGGFVG6,GTM,ZOOMINFO TECHNOLOGIES INC,2.17358e-05,31945.92
2026-05-28,IE000EGGFVG6,ZS,ZSCALER INC,0.000104847,154097.4
2026-05-28,IE000EGGFVG6,ZM,ZOOM COMMUNICATIONS INC,0.0004215978,619637.28
2026-05-28,IE000EGGFVG6,ZUMZ,ZUMIEZ INC,1.29035e-05,18964.68
2026-05-28,IE000EGGFVG6,ZWS,ZURN ELKAYWATER SOLUTIONS C,0.0001253186,184185.18
2026-05-28,IE000EGGFVG6,ZYME,ZYMEWORKSINC,3.467e-07,509.6
2026-05-28,IE000EGGFVG6,IHG,INTERCONTINENTAL HOTELS GROU,5.1503e-06,7569.6
2026-05-28,IE000EGGFVG6,CPG,COMPASS GROUP PLC,0.0005241903,770421.12
2026-05-28,IE000EGGFVG6,HPHT,HUTCHISONPORT HOLDINGS TR U,1.29023e-05,18963.0
2026-05-28,IE000EGGFVG6,NYXH,NYXOAH SA,2.909e-07,427.57
2026-05-28,IE000EGGFVG6,DB,DEUTSCHE BANK AG REGISTERED,0.0002467477,362653.83
2026-05-28,IE000EGGFVG6,TTE,TOTALENERGIES SE,0.0001234834,181487.94
2026-05-28,IE000EGGFVG6,ADNT,ADIENT PLC,4.81508e-05,70768.94
2026-05-28,IE000EGGFVG6,ALKS,ALKERMES PLC,0.0001288365,189355.54
2026-05-28,IE000EGGFVG6,ALLE,ALLEGION PLC,0.0002744965,403437.27
2026-05-28,IE000EGGFVG6,AMCR,AMCOR PLC,0.0003564915,523948.25
2026-05-28,IE000EGGFVG6,DOX,AMDOCS LTD,0.0001088088,159920.1
2026-05-28,IE000EGGFVG6,AMBA,AMBARELLAINC,4.24915e-05,62451.2
2026-05-28,IE000EGGFVG6,AON,AON PLC CLASS A,0.0009425109,1385241.6
2026-05-28,IE000EGGFVG6,ACGL,ARCH CAPITAL GROUP LTD,0.0005913735,869162.62
2026-05-28,IE000EGGFVG6,AGO,ASSURED GUARANTY LTD,7.85339e-05,115424.08
2026-05-28,IE000EGGFVG6,AZN,ASTRAZENECA PLC,0.0016119047,2369073.39
2026-05-28,IE000EGGFVG6,AXS,AXIS CAPITAL HOLDINGS LTD,0.0001386924,203841.12
2026-05-28,IE000EGGFVG6,AXTA,AXALTA COATING SYSTEMS LTD,0.0002553466,375291.89
2026-05-28,IE000EGGFVG6,NTB,BANK OF N.T. BUTTERFIELD+SON,4.01117e-05,58953.6
2026-05-28,IE000EGGFVG6,ACN,ACCENTUREPLC CL A,0.0005201235,764444.0
2026-05-28,IE000EGGFVG6,BORR,BORR DRILLING LTD,2.898e-07,425.88
2026-05-28,IE000EGGFVG6,BNT,BROOKFIELDWEALTH SOLUTIONS,8.7654e-06,12882.8
2026-05-28,IE000EGGFVG6,CMCL,CALEDONIAMINING CORP PLC,1.41479e-05,20793.67
2026-05-28,IE000EGGFVG6,CPRI,CAPRI HOLDINGS LTD,1.39817e-05,20549.34
2026-05-28,IE000EGGFVG6,CCL,CARNIVAL CORP LTD,0.0009347137,1373781.86
2026-05-28,IE000EGGFVG6,CMPR,CIMPRESS PLC,3.00963e-05,44233.55
2026-05-28,IE000EGGFVG6,CLVT,CLARIVATEPLC,1.58319e-05,23268.75
2026-05-28,IE000EGGFVG6,CWCO,CONSOLIDATED WATER CO ORD SH,2.8719e-06,4221.0
2026-05-28,IE000EGGFVG6,CRDO,CREDO TECHNOLOGY GROUP HOLDI,0.0003432673,504512.15
2026-05-28,IE000EGGFVG6,CRH,CRH PLC,0.0009485191,1394072.08
2026-05-28,IE000EGGFVG6,CWK,CUSHMAN +WAKEFIELD LTD,7.18335e-05,105576.24
2026-05-28,IE000EGGFVG6,DOLE,DOLE PLC,3.26814e-05,48033.02
2026-05-28,IE000EGGFVG6,ETN,EATON CORPPLC,0.0012194375,1792250.46
2026-05-28,IE000EGGFVG6,ESNT,ESSENT GROUP LTD,0.0001756866,258212.84
2026-05-28,IE000EGGFVG6,EG,EVEREST GROUP LTD,0.0002870375,421869.18
2026-05-28,IE000EGGFVG6,APTV,APTIV PLC,0.0002288201,336304.94
2026-05-28,IE000EGGFVG6,FN,FABRINET,0.0002726817,400770.0
2026-05-28,IE000EGGFVG6,PLGO,PELAGOS INSURANCE CAPITAL LT,3.62854e-05,53329.87
2026-05-28,IE000EGGFVG6,FLUT,FLUTTER ENTERTAINMENT PLC DI,0.0001957467,287695.8
2026-05-28,IE000EGGFVG6,FDP,FRESH DELMONTE PRODUCE INC,3.09221e-05,45447.27
2026-05-28,IE000EGGFVG6,FTAI,FTAI AVIATION LTD,0.0005682076,835114.84
2026-05-28,IE000EGGFVG6,GCT,GIGACLOUDTECHNOLOGY INC   A,2.53991e-05,37329.96
2026-05-28,IE000EGGFVG6,GTES,GATES INDUSTRIAL CORP PLC,0.0001749248,257093.2
2026-05-28,IE000EGGFVG6,G,GENPACT LTD,0.0001452986,213550.54
2026-05-28,IE000EGGFVG6,GFS,GLOBALFOUNDRIES INC,0.0002389711,351224.28
2026-05-28,IE000EGGFVG6,GAMB,GAMBLING.COM GROUP LTD,5.184e-07,761.95
2026-05-28,IE000EGGFVG6,GLRE,GREENLIGHTCAPITAL RE LTD A,1.85633e-05,27283.13
2026-05-28,IE000EGGFVG6,JHX,JAMES HARDIE IND PLC,0.0001031648,151624.97
2026-05-28,IE000EGGFVG6,HG,HAMILTON INSURANCE GROU CL B,4.35997e-05,64080.0
2026-05-28,IE000EGGFVG6,HELE,HELEN OF TROY LTD,5.7571e-06,8461.44
2026-05-28,IE000EGGFVG6,HLF,HERBALIFELTD,2.58097e-05,37933.5
2026-05-28,IE000EGGFVG6,HSHP,HIMALAYA SHIPPING LTD,1.961e-06,2882.11
2026-05-28,IE000EGGFVG6,IBEX,IBEX LTD,2.2371e-05,32879.52
2026-05-28,IE000EGGFVG6,ICLR,ICON PLC,0.0001723804,253353.6
2026-05-28,IE000EGGFVG6,ICHR,ICHOR HOLDINGS LTD,5.91371e-05,86915.85
2026-05-28,IE000EGGFVG6,BRSL,BRIGHTSTARLOTTERY PLC,4.66906e-05,68622.84
2026-05-28,IE000EGGFVG6,WFRD,WEATHERFORD INTERNATIONAL PL,0.000198185,291279.52
2026-05-28,IE000EGGFVG6,IVZ,INVESCO LTD,0.0002107934,309810.46
2026-05-28,IE000EGGFVG6,JAZZ,JAZZ PHARMACEUTICALS PLC,0.0002829873,415916.46
2026-05-28,IE000EGGFVG6,JCI,JOHNSON CONTROLS INTERNATION,0.0008058381,1184368.85
2026-05-28,IE000EGGFVG6,KG,KESTREL GROUP,8.516e-07,1251.6
2026-05-28,IE000EGGFVG6,KNSA,KINIKSA PHARMACEUTICALS INTE,3.09592e-05,45501.8
2026-05-28,IE000EGGFVG6,LIN,LINDE PLC,0.0015441225,2269451.58
2026-05-28,IE000EGGFVG6,LIVN,LIVANOVA PLC,0.0001151954,169306.72
2026-05-28,IE000EGGFVG6,LZM,LIFEZONE METALS LTD,3.433e-06,5045.6
2026-05-28,IE000EGGFVG6,LXFR,LUXFER HOLDINGS PLC,2.04193e-05,30010.94
2026-05-28,IE000EGGFVG6,MDT,MEDTRONICPLC,0.0009195491,1351493.88
2026-05-28,IE000EGGFVG6,LBTYA,LIBERTY GLOBAL LTD A,5.27284e-05,77496.87
2026-05-28,IE000EGGFVG6,LBTYK,LIBERTY GLOBAL LTD C,3.37427e-05,49592.86
2026-05-28,IE000EGGFVG6,AOSL,ALPHA + OMEGA SEMICONDUCTOR,4.66632e-05,68582.6
2026-05-28,IE000EGGFVG6,NBR,NABORS INDUSTRIES LTD,6.46096e-05,94959.04
2026-05-28,IE000EGGFVG6,NESR,NATIONAL ENERGY SERVICES REU,6.21647e-05,91365.64
2026-05-28,IE000EGGFVG6,GDEV,GDEV INC,1.0418e-06,1531.17
2026-05-28,IE000EGGFVG6,NE,NOBLE CORPPLC,0.0001625321,238879.2
2026-05-28,IE000EGGFVG6,NAT,NORDIC AMERICAN TANKERS LTD,2.25949e-05,33208.56
2026-05-28,IE000EGGFVG6,NCLH,NORWEGIANCRUISE LINE HOLDIN,0.0002461528,361779.48
2026-05-28,IE000EGGFVG6,NVCR,NOVOCURE LTD,1.83446e-05,26961.75
2026-05-28,IE000EGGFVG6,NVT,NVENT ELECTRIC PLC,0.0003705195,544565.61
2026-05-28,IE000EGGFVG6,PANL,PANGAEA LOGISTICS SOLUTIONS,1.75888e-05,25850.88
2026-05-28,IE000EGGFVG6,PSFE,PAYSAFE LTD,4.9031e-06,7206.3
2026-05-28,IE000EGGFVG6,PRTA,PROTHENA CORP PLC,1.94543e-05,28592.7
2026-05-28,IE000EGGFVG6,RNR,RENAISSANCERE HOLDINGS LTD,0.000242149,355894.98
2026-05-28,IE000EGGFVG6,ROIV,ROIVANT SCIENCES LTD,0.0003888149,571455.0
2026-05-28,IE000EGGFVG6,RPRX,ROYALTY PHARMA PLC  CL A,0.0002834582,416608.56
2026-05-28,IE000EGGFVG6,SFL,SFL CORP LTD,3.6038e-05,52966.28
2026-05-28,IE000EGGFVG6,STX,SEAGATE TECHNOLOGY HOLDINGS,0.0025269829,3713996.24
2026-05-28,IE000EGGFVG6,SDRL,SEADRILL LIMITED,4.73714e-05,69623.4
2026-05-28,IE000EGGFVG6,PNR,PENTAIR PLC,0.0002066516,303723.14
2026-05-28,IE000EGGFVG6,ST,SENSATA TECHNOLOGIES HOLDING,0.0002182841,320819.84
2026-05-28,IE000EGGFVG6,SN,SHARKNINJAINC,0.0004573575,672194.48
2026-05-28,IE000EGGFVG6,SIG,SIGNET JEWELERS LTD,7.11434e-05,104561.98
2026-05-28,IE000EGGFVG6,SPNT,SIRIUSPOINT LTD,4.66301e-05,68533.88
2026-05-28,IE000EGGFVG6,SW,SMURFIT WESTROCK PLC,0.0005867474,862363.46
2026-05-28,IE000EGGFVG6,STE,STERIS PLC,0.0006052804,889602.0
2026-05-28,IE000EGGFVG6,TEL,TE CONNECTIVITY PLC,0.000631676,928396.62
2026-05-28,IE000EGGFVG6,FTI,TECHNIPFMCPLC,0.0005456128,801906.5
2026-05-28,IE000EGGFVG6,TGLS,TECNOGLASSINC,2.09358e-05,30770.16
2026-05-28,IE000EGGFVG6,TK,TEEKAY CORP LTD,1.60498e-05,23588.97
2026-05-28,IE000EGGFVG6,TNK,TEEKAY TANKERS LTD CLASS A,3.93599e-05,57848.67
2026-05-28,IE000EGGFVG6,TBPH,THERAVANCEBIOPHARMA INC,1.64004e-05,24104.27
2026-05-28,IE000EGGFVG6,TT,TRANE TECHNOLOGIES PLC,0.0012102441,1778738.58
2026-05-28,IE000EGGFVG6,LILA,LIBERTY LATIN AMERIC CL A,4.8757e-06,7166.04
2026-05-28,IE000EGGFVG6,LILAK,LIBERTY LATIN AMERIC CL C,3.54134e-05,52048.26
2026-05-28,IE000EGGFVG6,TROX,TRONOX HOLDINGS PLC,3.11334e-05,45757.9
2026-05-28,IE000EGGFVG6,VIK,VIKING HOLDINGS LTD,0.0003872695,569183.76
2026-05-28,IE000EGGFVG6,VAL,VALARIS LTD,0.0001747871,256890.72
2026-05-28,IE000EGGFVG6,VGNT,VERSIGENTPLC,5.3049e-05,77968.0
2026-05-28,IE000EGGFVG6,WTM,WHITE MOUNTAINS INSURANCE GP,0.0002198137,323068.05
2026-05-28,IE000EGGFVG6,WTW,WILLIS TOWERS WATSON PLC,0.0004783908,703107.9
2026-05-28,IE000EGGFVG6,PRGO,PERRIGO COPLC,1.48435e-05,21816.08
2026-05-28,IE000EGGFVG6,ZURA,ZURA BIO LTD,2.5176e-06,3700.2
2026-05-28,IE000EGGFVG6,ACIU,AC IMMUNESA,2.5484e-06,3745.5
2026-05-28,IE000EGGFVG6,ALC,ALCON INC,0.0003804498,559160.56
2026-05-28,IE000EGGFVG6,BG,BUNGE GLOBAL SA,0.0003570271,524735.4
2026-05-28,IE000EGGFVG6,CB,CHUBB LTD,0.0011642003,1711066.42
2026-05-28,IE000EGGFVG6,CRSP,CRISPR THERAPEUTICS AG,0.0001734285,254893.98
2026-05-28,IE000EGGFVG6,GRMN,GARMIN LTD,0.0005168474,759628.9
2026-05-28,IE000EGGFVG6,AMRZ,AMRIZE LTD,0.0003178886,467212.19
2026-05-28,IE000EGGFVG6,UBS,UBS GROUPAG REG,0.0005422626,796982.6
2026-05-28,IE000EGGFVG6,LOGI,LOGITECH INTERNATIONAL REG,0.0002333695,342991.44
2026-05-28,IE000EGGFVG6,RIG,TRANSOCEANLTD,0.0001822957,267926.5
2026-05-28,IE000EGGFVG6,AMBP,ARDAGH METAL PACKAGING SA,3.38832e-05,49799.4
2026-05-28,IE000EGGFVG6,GLOB,GLOBANT SA,1.62194e-05,23838.21
2026-05-28,IE000EGGFVG6,NEXA,NEXA RESOURCES SA,2.38197e-05,35008.68
2026-05-28,IE000EGGFVG6,OEC,ORION SA,4.3114e-06,6336.56
2026-05-28,IE000EGGFVG6,SPOT,SPOTIFY TECHNOLOGY SA,0.0005934446,872206.48
2026-05-28,IE000EGGFVG6,AUDC,AUDIOCODESLTD,3.812e-06,5602.67
2026-05-28,IE000EGGFVG6,BIRK,BIRKENSTOCK HOLDING PLC,8.96551e-05,131769.3
2026-05-28,IE000EGGFVG6,ENLT,ENLIGHT RENEWABLE ENERGY LTD,1.81679e-05,26702.0
2026-05-28,IE000EGGFVG6,FROG,JFROG LTD,9.07561e-05,133387.41
2026-05-28,IE000EGGFVG6,KMDA,KAMADA LTD,2.2301e-06,3277.62
2026-05-28,IE000EGGFVG6,NVMI,NOVA LTD,3.68357e-05,54138.79
2026-05-28,IE000EGGFVG6,TSEM,TOWER SEMICONDUCTOR LTD,4.03015e-05,59232.5
2026-05-28,IE000EGGFVG6,ASML,ASML HOLDING NV NY REG SHS,0.0043614883,6410233.84
2026-05-28,IE000EGGFVG6,CNH,CNH INDUSTRIAL NV,0.0002342537,344290.9
2026-05-28,IE000EGGFVG6,XPRO,EXPRO GROUP HOLDINGS NV,2.82247e-05,41482.81
2026-05-28,IE000EGGFVG6,RACE,FERRARI NV,0.0001661365,244176.75
2026-05-28,IE000EGGFVG6,FER,FERROVIALNV,0.0001686431,247860.7
2026-05-28,IE000EGGFVG6,LYB,LYONDELLBASELL INDU CL A,0.0003049796,448239.3
2026-05-28,IE000EGGFVG6,MICC,MAGNUM ICECREAM CO NV/THE,4.57051e-05,67174.38
2026-05-28,IE000EGGFVG6,NXPI,NXP SEMICONDUCTORS NV,0.0011159631,1640170.48
2026-05-28,IE000EGGFVG6,QGEN,QIAGEN N.V.,7.69579e-05,113107.68
2026-05-28,IE000EGGFVG6,STLA,STELLANTISNV,0.0003845042,565119.4
2026-05-28,IE000EGGFVG6,CPA,COPA HOLDINGS SA CLASS A,0.0001531155,225039.28
2026-05-28,IE000EGGFVG6,OSW,ONESPAWORLD HOLDINGS LTD,4.07388e-05,59875.2
2026-05-28,IE000EGGFVG6,RCL,ROYAL CARIBBEAN CRUISES LTD,0.0010294771,1513058.91
2026-05-28,IE000EGGFVG6,ASC,ARDMORE SHIPPING CORP,7.2146e-06,10603.56
2026-05-28,IE000EGGFVG6,BWLP,BW LPG LTD,3.81759e-05,56108.49
2026-05-28,IE000EGGFVG6,CMRE,COSTAMAREINC,3.90696e-05,57421.92
2026-05-28,IE000EGGFVG6,CMDB,COSTAMAREBULKERS HOLDING,1.30644e-05,19201.16
2026-05-28,IE000EGGFVG6,DHT,DHT HOLDINGS INC,6.23637e-05,91658.1
2026-05-28,IE000EGGFVG6,LPG,DORIAN LPGLTD,3.26283e-05,47955.0
2026-05-28,IE000EGGFVG6,FLEX,FLEX LTD,0.0006871265,1009894.2
2026-05-28,IE000EGGFVG6,GNK,GENCO SHIPPING + TRADING LTD,2.51106e-05,36905.88
2026-05-28,IE000EGGFVG6,INSW,INTERNATIONAL SEAWAYS INC,0.0001095915,161070.57
2026-05-28,IE000EGGFVG6,ECO,OKEANIS ECO TANKERS CORP,5.6969e-06,8372.88
2026-05-28,IE000EGGFVG6,STNG,SCORPIO TANKERS INC,0.0001274012,187246.0
2026-05-28,IE000EGGFVG6,WVE,WAVE LIFESCIENCES LTD,8.4829e-06,12467.69
2026-05-28,IE000EGGFVG6,DSCV,DISCOVERIEGROUP PLC,2.3305e-05,34252.24
2026-05-28,IE000EGGFVG6,SDY,SPEEDY HIRE PLC,3.076e-07,452.03
2026-05-28,IE000EGGFVG6,AEP,AEP PLANTATIONS PLC,4.2602e-06,6261.3
2026-05-28,IE000EGGFVG6,ANTO,ANTOFAGASTA PLC,0.000230394,338618.22
2026-05-28,IE000EGGFVG6,GFM,GRIFFIN MINING LIMITED,2.7072e-06,3978.91
2026-05-28,IE000EGGFVG6,BMS,BRAEMAR PLC,8.776e-07,1289.87
2026-05-28,IE000EGGFVG6,BTRW,BARRATT REDROW PLC,0.0001103783,162226.94
2026-05-28,IE000EGGFVG6,BWY,BELLWAY PLC,5.72578e-05,84153.83
2026-05-28,IE000EGGFVG6,BBY,BALFOUR BEATTY PLC,4.30916e-05,63333.25
2026-05-28,IE000EGGFVG6,BOOT,BOOT (HENRY) PLC,2.308e-07,339.2
2026-05-28,IE000EGGFVG6,BLND,BRITISH LAND CO PLC,6.14716e-05,90347.01
2026-05-28,IE000EGGFVG6,TLW,TULLOW OILPLC,2.73e-08,40.1
2026-05-28,IE000EGGFVG6,XAR,XAAR PLC,3.867e-07,568.28
2026-05-28,IE000EGGFVG6,JDW,WETHERSPOON (J.D.) PLC,1.40368e-05,20630.43
2026-05-28,IE000EGGFVG6,CAR,CARCLO PLC,2.146e-07,315.44
2026-05-28,IE000EGGFVG6,ACSO,ACCESSO TECHNOLOGY GROUP PLC,8.336e-07,1225.1
2026-05-28,IE000EGGFVG6,CGS,CASTINGS PLC,1.3217e-06,1942.55
2026-05-28,IE000EGGFVG6,DPLM,DIPLOMA PLC,0.0001271225,186836.5
2026-05-28,IE000EGGFVG6,VTY,VISTRY GROUP PLC,1.29946e-05,19098.65
2026-05-28,IE000EGGFVG6,CKN,CLARKSON PLC,2.4649e-05,36227.48
2026-05-28,IE000EGGFVG6,RAT,RATHBONESGROUP PLC,2.95768e-05,43470.12
2026-05-28,IE000EGGFVG6,GHH,GOOCH + HOUSEGO PLC,3.6754e-06,5401.88
2026-05-28,IE000EGGFVG6,CWK,CRANSWICKPLC,5.11059e-05,75112.08
2026-05-28,IE000EGGFVG6,DGE,DIAGEO PLC,4.00875e-05,58918.07
2026-05-28,IE000EGGFVG6,ELM,ELEMENTISPLC,2.23765e-05,32887.53
2026-05-28,IE000EGGFVG6,DCC,DCC PLC,0.0001249771,183683.29
2026-05-28,IE000EGGFVG6,BA/,BAE SYSTEMS PLC,0.0005473657,804482.71
2026-05-28,IE000EGGFVG6,DLN,DERWENT LONDON PLC,1.30614e-05,19196.75
2026-05-28,IE000EGGFVG6,BYG,BIG YELLOWGROUP PLC,1.00512e-05,14772.59
2026-05-28,IE000EGGFVG6,BATS,BRITISH AMERICAN TOBACCO PLC,2.52485e-05,37108.59
2026-05-28,IE000EGGFVG6,RS1,RS GROUP PLC,6.797e-05,99897.93
2026-05-28,IE000EGGFVG6,FSJ,JAMES FISHER + SONS PLC,3.8687e-06,5685.91
2026-05-28,IE000EGGFVG6,FGP,FIRSTGROUPPLC,3.06607e-05,45063.08
2026-05-28,IE000EGGFVG6,GAW,GAMES WORKSHOP GROUP PLC,0.0002178348,320159.58
2026-05-28,IE000EGGFVG6,GDWN,GOODWIN PLC,1.14646e-05,16849.9
2026-05-28,IE000EGGFVG6,GNC,GREENCOREGROUP PLC,1.4243e-05,20933.45
2026-05-28,IE000EGGFVG6,HLMA,HALMA PLC,0.0001661701,244226.15
2026-05-28,IE000EGGFVG6,STAN,STANDARD CHARTERED PLC,0.0004660823,685017.6
2026-05-28,IE000EGGFVG6,HAS,HAYS PLC,4.8561e-06,7137.24
2026-05-28,IE000EGGFVG6,HEAD,HEADLAM GROUP PLC,4.175e-07,613.56
2026-05-28,IE000EGGFVG6,HILS,HILL + SMITH PLC,3.61165e-05,53081.63
2026-05-28,IE000EGGFVG6,PAF,PAN AFRICAN RESOURCES PLC,7.87402e-05,115727.21
2026-05-28,IE000EGGFVG6,HTG,HUNTING PLC,1.50199e-05,22075.28
2026-05-28,IE000EGGFVG6,AMS,ADVANCED MEDICAL SOLUTIONS,1.50074e-05,22056.91
2026-05-28,IE000EGGFVG6,IMB,IMPERIAL BRANDS PLC,0.0004261317,626300.79
2026-05-28,IE000EGGFVG6,MTO,MITIE GROUP PLC,4.71283e-05,69266.08
2026-05-28,IE000EGGFVG6,JSG,JOHNSON SERVICE GROUP PLC,1.46508e-05,21532.78
2026-05-28,IE000EGGFVG6,KLR,KELLER GROUP PLC,7.58156e-05,111428.87
2026-05-28,IE000EGGFVG6,IPX,IMPAX ASSET MANAGEMENT GROUP,1.1912e-06,1750.7
2026-05-28,IE000EGGFVG6,KIE,KIER GROUPPLC,3.32922e-05,48930.79
2026-05-28,IE000EGGFVG6,RNWH,RENEW HOLDINGS PLC,2.15023e-05,31602.7
2026-05-28,IE000EGGFVG6,HSBA,HSBC HOLDINGS PLC,5.00873e-05,73615.1
2026-05-28,IE000EGGFVG6,MACF,MACFARLANEGROUP PLC,1.2792e-06,1880.11
2026-05-28,IE000EGGFVG6,HWDN,HOWDEN JOINERY GROUP PLC,8.90865e-05,130933.53
2026-05-28,IE000EGGFVG6,LGEN,LEGAL + GENERAL GROUP PLC,0.0002088874,307009.27
2026-05-28,IE000EGGFVG6,MER,MEARS GROUP PLC,2.09002e-05,30717.8
2026-05-28,IE000EGGFVG6,MCB,MCBRIDE PLC,1.93159e-05,28389.32
2026-05-28,IE000EGGFVG6,MGAM,MORGAN ADVANCED MATERIALS PL,1.06213e-05,15610.51
2026-05-28,IE000EGGFVG6,MTVW,MOUNTVIEWESTATES PLC,5.757e-07,846.12
2026-05-28,IE000EGGFVG6,NICL,NICHOLS PLC,1.8343e-06,2695.93
2026-05-28,IE000EGGFVG6,ECOR,ECORA ROYALTIES PLC,3.4581e-06,5082.5
2026-05-28,IE000EGGFVG6,FOUR,4IMPRINT GROUP PLC,3.28605e-05,48296.18
2026-05-28,IE000EGGFVG6,ABF,ASSOCIATEDBRITISH FOODS PLC,4.92937e-05,72448.68
2026-05-28,IE000EGGFVG6,PSON,PEARSON PLC,7.12912e-05,104779.16
2026-05-28,IE000EGGFVG6,PSN,PERSIMMONPLC,0.000113534,166865.0
2026-05-28,IE000EGGFVG6,GBG,GB GROUP PLC,2.43336e-05,35764.02
2026-05-28,IE000EGGFVG6,UTG,UNITE GROUP PLC/THE,4.37489e-05,64299.31
2026-05-28,IE000EGGFVG6,PRU,PRUDENTIALPLC,0.0001184715,174121.7
2026-05-28,IE000EGGFVG6,RIO,RIO TINTOPLC,0.0001292678,189989.51
2026-05-28,IE000EGGFVG6,LIO,LIONTRUSTASSET MANAGEMENT,2.5388e-06,3731.3
2026-05-28,IE000EGGFVG6,MPE,M P EVANSGROUP PLC,1.32263e-05,19439.09
2026-05-28,IE000EGGFVG6,SUS,S + U PLC,9.721e-07,1428.74
2026-05-28,IE000EGGFVG6,CBG,CLOSE BROTHERS GROUP PLC,2.37777e-05,34947.0
2026-05-28,IE000EGGFVG6,STJ,ST JAMES SPLACE PLC,0.0002606149,383035.02
2026-05-28,IE000EGGFVG6,SSE,SSE PLC,0.0002393733,351815.4
2026-05-28,IE000EGGFVG6,SNR,SENIOR PLC,1.05377e-05,15487.59
2026-05-28,IE000EGGFVG6,SRP,SERCO GROUP PLC,6.63178e-05,97469.58
2026-05-28,IE000EGGFVG6,BP/,BP PLC,0.0001012845,148861.37
2026-05-28,IE000EGGFVG6,SHI,SIG PLC,5.786e-07,850.42
2026-05-28,IE000EGGFVG6,MGNS,MORGAN SINDALL GROUP PLC,2.74278e-05,40311.64
2026-05-28,IE000EGGFVG6,RWA,ROBERT WALTERS PLC,6.845e-07,1006.03
2026-05-28,IE000EGGFVG6,MEGP,ME GROUP INTERNATIONAL PLC,1.29265e-05,18998.53
2026-05-28,IE000EGGFVG6,LLOY,LLOYDS BANKING GROUP PLC,0.0006156569,904852.76
2026-05-28,IE000EGGFVG6,TW/,TAYLOR WIMPEY PLC,7.70602e-05,113258.04
2026-05-28,IE000EGGFVG6,TEP,TELECOM PLUS PLC,1.85857e-05,27316.02
2026-05-28,IE000EGGFVG6,TRI,TRIFAST PLC,8.638e-07,1269.56
2026-05-28,IE000EGGFVG6,RCH,REACH PLC,2.0608e-06,3028.78
2026-05-28,IE000EGGFVG6,SN/,SMITH + NEPHEW PLC,0.0002207935,324508.08
2026-05-28,IE000EGGFVG6,VCT,VICTREX PLC,6.8484e-06,10065.35
2026-05-28,IE000EGGFVG6,VLX,VOLEX PLC,3.18958e-05,46878.35
2026-05-28,IE000EGGFVG6,WEIR,WEIR GROUPPLC/THE,4.2089e-05,61859.75
2026-05-28,IE000EGGFVG6,IQE,IQE PLC,5.125e-06,7532.36
2026-05-28,IE000EGGFVG6,BAB,BABCOCK INTL GROUP PLC,6.73714e-05,99018.15
2026-05-28,IE000EGGFVG6,AZN,ASTRAZENECA PLC,9.75291e-05,143341.99
2026-05-28,IE000EGGFVG6,ZTF,ZOTEFOAMSPLC,1.5537e-06,2283.51
2026-05-28,IE000EGGFVG6,NFG,NEXT 15 GROUP PLC,3.7648e-06,5533.2
2026-05-28,IE000EGGFVG6,PAGE,PAGEGROUPPLC,3.5071e-06,5154.52
2026-05-28,IE000EGGFVG6,OMG,OXFORD METRICS PLC,4.613e-07,677.93
2026-05-28,IE000EGGFVG6,BT/A,BT GROUP PLC,0.0004027439,591927.01
2026-05-28,IE000EGGFVG6,ASC,ASOS PLC,1.3561e-06,1993.09
2026-05-28,IE000EGGFVG6,MKS,MARKS + SPENCER GROUP PLC,0.0001472931,216481.89
2026-05-28,IE000EGGFVG6,BARC,BARCLAYS PLC,8.3104e-06,12214.02
2026-05-28,IE000EGGFVG6,EKF,EKF DIAGNOSTICS HOLDINGS PLC,2.11e-08,31.05
2026-05-28,IE000EGGFVG6,ITRK,INTERTEK GROUP PLC,0.0001940941,285267.01
2026-05-28,IE000EGGFVG6,BRBY,BURBERRY GROUP PLC,0.0001341504,197165.62
2026-05-28,IE000EGGFVG6,NXT,NEXT PLC,0.0002973571,437036.21
2026-05-28,IE000EGGFVG6,BMY,BLOOMSBURYPUBLISHING PLC,1.36169e-05,20013.31
2026-05-28,IE000EGGFVG6,KGF,KINGFISHERPLC,0.0001929556,283593.72
2026-05-28,IE000EGGFVG6,ITV,ITV PLC,6.82103e-05,100251.16
2026-05-28,IE000EGGFVG6,CAPD,CAPITAL LTD,2.4519e-06,3603.67
2026-05-28,IE000EGGFVG6,TFW,THORPE (F.W.) PLC,1.5012e-06,2206.42
2026-05-28,IE000EGGFVG6,VOD,VODAFONE GROUP PLC,0.0002574323,378357.41
2026-05-28,IE000EGGFVG6,RM/,RM PLC,1.1861e-06,1743.28
2026-05-28,IE000EGGFVG6,FDM,FDM GROUPHOLDINGS PLC,9.706e-07,1426.53
2026-05-28,IE000EGGFVG6,KNOS,KAINOS GROUP PLC,1.44897e-05,21296.07
2026-05-28,IE000EGGFVG6,NXR,NORCROS PLC,3.1744e-06,4665.46
2026-05-28,IE000EGGFVG6,ICG,ICG PLC,3.45904e-05,50838.76
2026-05-28,IE000EGGFVG6,NRR,NEWRIVER REIT PLC,1.5685e-06,2305.33
2026-05-28,IE000EGGFVG6,XPS,XPS PENSIONS GROUP PLC,1.19929e-05,17626.32
2026-05-28,IE000EGGFVG6,TRN,TRAINLINEPLC,2.25967e-05,33211.23
2026-05-28,IE000EGGFVG6,DOCS,DR. MARTENS PLC,2.01675e-05,29640.91
2026-05-28,IE000EGGFVG6,TRST,TRUSTPILOTGROUP PLC,2.04542e-05,30062.33
2026-05-28,IE000EGGFVG6,ONT,OXFORD NANOPORE TECHNOLOGIES,1.89694e-05,27880.0
2026-05-28,IE000EGGFVG6,CABP,CAB PAYMENTS HOLDINGS PLC,6.62e-07,973.0
2026-05-28,IE000EGGFVG6,CPI,CAPITA PLC,7.34e-08,107.85
2026-05-28,IE000EGGFVG6,AAL,ANGLO AMERICAN PLC,0.0002391071,351424.16
2026-05-28,IE000EGGFVG6,PAY,PAYPOINT PLC,4.2592e-06,6259.93
2026-05-28,IE000EGGFVG6,ULVR,UNILEVER PLC,3.15576e-05,46381.35
2026-05-28,IE000EGGFVG6,CSN,CHESNARA PLC,6.2713e-06,9217.08
2026-05-28,IE000EGGFVG6,GFTU,GRAFTON GROUP PLC UTS  CDI,5.3166e-05,78139.88
2026-05-28,IE000EGGFVG6,CCR,C+C GROUPPLC,1.29794e-05,19076.25
2026-05-28,IE000EGGFVG6,MSLH,MARSHALLSPLC,4.1193e-06,6054.25
2026-05-28,IE000EGGFVG6,HFD,HALFORDS GROUP PLC,4.371e-06,6424.24
2026-05-28,IE000EGGFVG6,SBRY,SAINSBURY(J) PLC,0.0001677962,246616.02
2026-05-28,IE000EGGFVG6,SAA,M+C SAATCHI PLC,6.583e-07,967.49
2026-05-28,IE000EGGFVG6,SREI,SCHRODER REAL ESTATE INVESTM,1.0142e-06,1490.59
2026-05-28,IE000EGGFVG6,NCC,NCC GROUPPLC,3.163e-06,4648.75
2026-05-28,IE000EGGFVG6,WINE,NAKED WINES PLC,6.573e-07,966.03
2026-05-28,IE000EGGFVG6,ADM,ADMIRAL GROUP PLC,0.0002252314,331030.63
2026-05-28,IE000EGGFVG6,CNA,CENTRICA PLC,0.0001134882,166797.7
2026-05-28,IE000EGGFVG6,GRI,GRAINGER PLC,1.97903e-05,29086.51
2026-05-28,IE000EGGFVG6,BRK,BROOKS MACDONALD GROUP PLC,1.4927e-06,2193.87
2026-05-28,IE000EGGFVG6,IGG,IG GROUP HOLDINGS PLC,0.0002842584,417784.66
2026-05-28,IE000EGGFVG6,ESNT,ESSENTRA PLC,3.4223e-06,5029.88
2026-05-28,IE000EGGFVG6,BNZL,BUNZL PLC,0.0001217383,178923.12
2026-05-28,IE000EGGFVG6,RTO,RENTOKIL INITIAL PLC,2.01951e-05,29681.48
2026-05-28,IE000EGGFVG6,BOR,BORDERS +SOUTHERN PETROLEUM,2.025e-07,297.63
2026-05-28,IE000EGGFVG6,SQZ,SERICA ENERGY PLC,3.01843e-05,44362.9
2026-05-28,IE000EGGFVG6,HLCL,HELICAL PLC,1.1371e-06,1671.23
2026-05-28,IE000EGGFVG6,STEM,STHREE PLC,2.7293e-06,4011.4
2026-05-28,IE000EGGFVG6,EVOK,EVOKE PLC,1.016e-06,1493.23
2026-05-28,IE000EGGFVG6,HIK,HIKMA PHARMACEUTICALS PLC,3.98833e-05,58617.88
2026-05-28,IE000EGGFVG6,PCTN,PICTON PROPERTY INCOME LTD,2.0447e-06,3005.23
2026-05-28,IE000EGGFVG6,JHD,JAMES HALSTEAD PLC,4.5784e-06,6729.11
2026-05-28,IE000EGGFVG6,HSP,HARGREAVESSERVICES PLC,2.0133e-06,2959.01
2026-05-28,IE000EGGFVG6,LRE,LANCASHIREHOLDINGS LTD,8.35629e-05,122815.33
2026-05-28,IE000EGGFVG6,LSEG,LONDON STOCK EXCHANGE GROUP,0.0001627894,239257.35
2026-05-28,IE000EGGFVG6,QQ/,QINETIQ GROUP PLC,5.23879e-05,76996.29
2026-05-28,IE000EGGFVG6,CLIG,CITY OF LONDON INVESTMENT GR,1.2377e-06,1819.16
2026-05-28,IE000EGGFVG6,PANR,PANTHEON RESOURCES PLC,2.1821e-06,3207.13
2026-05-28,IE000EGGFVG6,IPO,IP GROUP PLC,2.29954e-05,33797.11
2026-05-28,IE000EGGFVG6,ASHM,ASHMORE GROUP PLC,2.57223e-05,37805.03
2026-05-28,IE000EGGFVG6,SVS,SAVILLS PLC,3.88771e-05,57139.09
2026-05-28,IE000EGGFVG6,CMCX,CMC MARKETS PLC,4.2771e-06,6286.14
2026-05-28,IE000EGGFVG6,INVP,INVESTEC PLC,0.0001247811,183395.17
2026-05-28,IE000EGGFVG6,SNWS,SMITHS NEWS PLC,1.3086e-06,1923.29
2026-05-28,IE000EGGFVG6,TPT,TOPPS TILES PLC,4.778e-07,702.24
2026-05-28,IE000EGGFVG6,EXPN,EXPERIAN PLC,0.0005537656,813888.89
2026-05-28,IE000EGGFVG6,PZC,PZ CUSSONSPLC,2.4692e-06,3629.09
2026-05-28,IE000EGGFVG6,DNLM,DUNELM GROUP PLC,2.82852e-05,41571.77
2026-05-28,IE000EGGFVG6,SVT,SEVERN TRENT PLC,0.0001136458,167029.2
2026-05-28,IE000EGGFVG6,MAB,MITCHELLS+ BUTLERS PLC,7.6942e-06,11308.49
2026-05-28,IE000EGGFVG6,HOC,HOCHSCHILDMINING PLC,5.61005e-05,82452.94
2026-05-28,IE000EGGFVG6,LSL,LSL PROPERTY SERVICES PLC,1.8134e-06,2665.22
2026-05-28,IE000EGGFVG6,POLR,POLAR CAPITAL HOLDINGS PLC,2.63294e-05,38697.24
2026-05-28,IE000EGGFVG6,VTU,VERTU MOTORS PLC,2.0826e-06,3060.83
2026-05-28,IE000EGGFVG6,MARS,MARSTON SPLC,3.711e-06,5454.16
2026-05-28,IE000EGGFVG6,WTB,WHITBREADPLC,0.0002695503,396167.62
2026-05-28,IE000EGGFVG6,RNK,RANK GROUPPLC,2.4453e-06,3594.01
2026-05-28,IE000EGGFVG6,SAFE,SAFESTOREHOLDINGS PLC,1.94429e-05,28575.87
2026-05-28,IE000EGGFVG6,FRAS,FRASERS GROUP PLC,2.8517e-05,41912.41
2026-05-28,IE000EGGFVG6,XPP,XP POWER LTD,4.4833e-06,6589.27
2026-05-28,IE000EGGFVG6,HFG,HILTON FOOD GROUP  PLC,8.5609e-06,12582.26
2026-05-28,IE000EGGFVG6,DRX,DRAX GROUPPLC,0.000116933,171860.64
2026-05-28,IE000EGGFVG6,YOU,YOUGOV PLC,2.5515e-06,3750.1
2026-05-28,IE000EGGFVG6,SRE,SIRIUS REAL ESTATE LTD,1.68883e-05,24821.36
2026-05-28,IE000EGGFVG6,SMIN,SMITHS GROUP PLC,6.22373e-05,91472.37
2026-05-28,IE000EGGFVG6,IPF,INTERNATIONAL PERSONAL FINAN,7.1953e-06,10575.18
2026-05-28,IE000EGGFVG6,FSTA,FULLER SMITH + TURNER   A,1.0615e-06,1560.09
2026-05-28,IE000EGGFVG6,III,3I GROUP PLC,0.0001949369,286505.71
2026-05-28,IE000EGGFVG6,VANQ,VANQUIS BANKING GROUP PLC,3.7601e-06,5526.31
2026-05-28,IE000EGGFVG6,PPH,PPHE HOTELGROUP LTD,1.82528e-05,26826.83
2026-05-28,IE000EGGFVG6,MONY,MONY GROUPPLC,2.72499e-05,40050.12
2026-05-28,IE000EGGFVG6,SFR,SEVERFIELDPLC,4.44e-08,65.26
2026-05-28,IE000EGGFVG6,CVSG,CVS GROUPPLC,3.66065e-05,53801.88
2026-05-28,IE000EGGFVG6,REC3,RECORD PLC,6.59e-07,968.52
2026-05-28,IE000EGGFVG6,YNGA,YOUNG + COS BREWERY PLC   A,3.1258e-06,4594.17
2026-05-28,IE000EGGFVG6,YNGN,YOUNG + COS BREWERY PLC  NV,1.9232e-06,2826.53
2026-05-28,IE000EGGFVG6,PAG,PARAGON BANKING GROUP PLC,5.38022e-05,79075.02
2026-05-28,IE000EGGFVG6,SMWH,WH SMITH PLC,4.9761e-06,7313.5
2026-05-28,IE000EGGFVG6,FRES,FRESNILLOPLC,0.0001255347,184502.82
2026-05-28,IE000EGGFVG6,UU/,UNITED UTILITIES GROUP PLC,0.000123471,181469.63
2026-05-28,IE000EGGFVG6,STVG,STV GROUPPLC,6.4e-09,9.45
2026-05-28,IE000EGGFVG6,BOY,BODYCOTE PLC,2.90568e-05,42705.81
2026-05-28,IE000EGGFVG6,OCDO,OCADO GROUP PLC,4.36633e-05,64173.48
2026-05-28,IE000EGGFVG6,DOTD,DOTDIGITALGROUP PLC,1.3735e-06,2018.66
2026-05-28,IE000EGGFVG6,ZIG,ZIGUP PLC,3.55245e-05,52211.62
2026-05-28,IE000EGGFVG6,CHG,CHEMRING GROUP PLC,2.56454e-05,37692.01
2026-05-28,IE000EGGFVG6,GLEN,GLENCORE PLC,0.0005605868,823914.35
2026-05-28,IE000EGGFVG6,LMP,LONDONMETRIC PROPERTY PLC,3.80296e-05,55893.51
2026-05-28,IE000EGGFVG6,AET,AFENTRA PLC,2.0296e-06,2982.91
2026-05-28,IE000EGGFVG6,CURY,CURRYS PLC,6.32334e-05,92936.44
2026-05-28,IE000EGGFVG6,COA,COATS GROUP PLC,6.07313e-05,89258.94
2026-05-28,IE000EGGFVG6,JUP,JUPITER FUND MANAGEMENT,2.18403e-05,32099.47
2026-05-28,IE000EGGFVG6,GENL,GENEL ENERGY PLC,9.582e-07,1408.27
2026-05-28,IE000EGGFVG6,PHAR,PHAROS ENERGY PLC,8.186e-07,1203.18
2026-05-28,IE000EGGFVG6,SGRO,SEGRO PLC,9.86314e-05,144962.09
2026-05-28,IE000EGGFVG6,INCH,INCHCAPE PLC,5.83828e-05,85807.25
2026-05-28,IE000EGGFVG6,SHC,SHAFTESBURY CAPITAL PLC,1.92281e-05,28260.22
2026-05-28,IE000EGGFVG6,ENQ,ENQUEST PLC,2.04887e-05,30112.91
2026-05-28,IE000EGGFVG6,RR/,ROLLS ROYCE HOLDINGS PLC,0.0011060845,1625651.62
2026-05-28,IE000EGGFVG6,GRG,GREGGS PLC,9.82265e-05,144367.02
2026-05-28,IE000EGGFVG6,COST,COSTAIN GROUP PLC,4.2377e-06,6228.37
2026-05-28,IE000EGGFVG6,WKP,WORKSPACEGROUP PLC,7.3394e-06,10787.03
2026-05-28,IE000EGGFVG6,CAML,CENTRAL ASIA METALS PLC,9.5032e-06,13967.25
2026-05-28,IE000EGGFVG6,STB,SECURE TRUST BANK PLC,2.9045e-06,4268.8
2026-05-28,IE000EGGFVG6,BAG,A.G. BARRPLC,1.3186e-05,19379.93
2026-05-28,IE000EGGFVG6,PFD,PREMIER FOODS PLC,4.15765e-05,61106.44
2026-05-28,IE000EGGFVG6,PTEC,PLAYTECH PLC,3.22092e-05,47339.04
2026-05-28,IE000EGGFVG6,RCN,REDCENTRICPLC,1.2331e-06,1812.31
2026-05-28,IE000EGGFVG6,VSVS,VESUVIUS PLC,2.73755e-05,40234.79
2026-05-28,IE000EGGFVG6,SGE,SAGE GROUPPLC/THE,0.0002174065,319529.97
2026-05-28,IE000EGGFVG6,CRST,CREST NICHOLSON HOLDINGS,2.2032e-06,3238.09
2026-05-28,IE000EGGFVG6,CCH,COCA COLAHBC AG DI,0.0001119351,164515.01
2026-05-28,IE000EGGFVG6,GMR,GAMING REALMS PLC,7.12e-07,1046.52
2026-05-28,IE000EGGFVG6,FDEV,FRONTIER DEVELOPMENTS PLC,1.4527e-06,2135.09
2026-05-28,IE000EGGFVG6,PLUS,PLUS500 LTD,6.33996e-05,93180.69
2026-05-28,IE000EGGFVG6,TIG,TEAM INTERNET GROUP PLC,4.306e-07,632.85
2026-05-28,IE000EGGFVG6,FOXT,FOXTONS GROUP PLC,1.7974e-06,2641.73
2026-05-28,IE000EGGFVG6,BOWL,HOLLYWOODBOWL GROUP PLC,1.68194e-05,24720.04
2026-05-28,IE000EGGFVG6,MOTR,MOTORPOINTGROUP PLC,9.314e-07,1368.84
2026-05-28,IE000EGGFVG6,CTEC,CONVATEC GROUP PLC,5.96806e-05,87714.73
2026-05-28,IE000EGGFVG6,IHP,INTEGRAFINHOLDINGS PLC,2.8791e-05,42315.21
2026-05-28,IE000EGGFVG6,WJG,WATKIN JONES PLC,6.56e-07,964.12
2026-05-28,IE000EGGFVG6,ALFA,ALFA FINANCIAL SOFTWARE HOLD,2.2601e-06,3321.68
2026-05-28,IE000EGGFVG6,NG/,NATIONAL GRID PLC,1.04717e-05,15390.69
2026-05-28,IE000EGGFVG6,PRSR,PRS REIT PLC/THE,3.1463e-06,4624.27
2026-05-28,IE000EGGFVG6,CLI,CLS HOLDINGS PLC,4.37e-07,642.28
2026-05-28,IE000EGGFVG6,KETL,STRIX GROUP PLC,8.307e-07,1220.86
2026-05-28,IE000EGGFVG6,SOHO,SOCIAL HOUSING REIT PLC,1.4522e-06,2134.41
2026-05-28,IE000EGGFVG6,SUPR,SUPERMARKET INCOME REIT PLC,1.29052e-05,18967.29
2026-05-28,IE000EGGFVG6,BGEO,LION FINANCE GROUP PLC,8.96462e-05,131756.15
2026-05-28,IE000EGGFVG6,CGEO,GEORGIA CAPITAL PLC,3.97299e-05,58392.45
2026-05-28,IE000EGGFVG6,GPE,GREAT PORTLAND ESTATES PLC,1.35912e-05,19975.43
2026-05-28,IE000EGGFVG6,ABDN,ABERDEEN GROUP PLC,0.0001059964,155786.63
2026-05-28,IE000EGGFVG6,KGH,KNIGHTS GROUP HOLDINGS PLC,1.637e-06,2405.89
2026-05-28,IE000EGGFVG6,AJB,AJ BELL PLC,5.14668e-05,75642.62
2026-05-28,IE000EGGFVG6,SFOR,S4 CAPITALPLC,2.8975e-06,4258.56
2026-05-28,IE000EGGFVG6,FCH,FUNDING CIRCLE HOLDINGS,2.478e-06,3641.94
2026-05-28,IE000EGGFVG6,ENOG,ENERGEAN PLC,4.24284e-05,62358.58
2026-05-28,IE000EGGFVG6,BBOX,TRITAX BIGBOX REIT PLC,3.39403e-05,49883.22
2026-05-28,IE000EGGFVG6,SSPG,SSP GROUPPLC,6.86608e-05,100913.26
2026-05-28,IE000EGGFVG6,RMV,RIGHTMOVEPLC,5.94014e-05,87304.34
2026-05-28,IE000EGGFVG6,IMI,IMI PLC,0.0001583165,232683.39
2026-05-28,IE000EGGFVG6,SDLF,STANDARD LIFE PLC,2.1272e-05,31264.19
2026-05-28,IE000EGGFVG6,EMG,MAN GROUPPLC/JERSEY,5.73324e-05,84263.45
2026-05-28,IE000EGGFVG6,PETS,PETS AT HOME GROUP PLC,2.56569e-05,37708.9
2026-05-28,IE000EGGFVG6,WOSG,WATCHES OFSWITZERLAND GROUP,4.10286e-05,60301.22
2026-05-28,IE000EGGFVG6,CRDA,CRODA INTERNATIONAL PLC,0.0002205933,324213.83
2026-05-28,IE000EGGFVG6,CREI,CUSTODIANPROPERTY INCOME RE,2.1328e-06,3134.63
2026-05-28,IE000EGGFVG6,THRL,TARGET HEALTHCARE REIT PLC,3.9886e-06,5862.13
2026-05-28,IE000EGGFVG6,N91,NINETY ONEPLC,2.17822e-05,32014.01
2026-05-28,IE000EGGFVG6,AO/,AO WORLD PLC,2.0734e-06,3047.4
2026-05-28,IE000EGGFVG6,HTWS,HELIOS TOWERS PLC,3.76266e-05,55301.16
2026-05-28,IE000EGGFVG6,GMS,GULF MARINE SERVICES PLC,1.9547e-06,2872.82
2026-05-28,IE000EGGFVG6,BRCK,BRCK GROUPPLC,1.5119e-06,2222.16
2026-05-28,IE000EGGFVG6,TPK,TRAVIS PERKINS PLC,6.4763e-05,95184.52
2026-05-28,IE000EGGFVG6,AAF,AIRTEL AFRICA PLC,8.09508e-05,118976.19
2026-05-28,IE000EGGFVG6,MNG,M+G PLC,0.0001310294,192578.54
2026-05-28,IE000EGGFVG6,GEN,GENUIT GROUP PLC,2.50927e-05,36879.65
2026-05-28,IE000EGGFVG6,GFRD,GALLIFORDTRY HOLDINGS PLC,1.75277e-05,25761.13
2026-05-28,IE000EGGFVG6,WIX,WICKES GROUP PLC,5.2232e-06,7676.76
2026-05-28,IE000EGGFVG6,EDV,ENDEAVOURMINING PLC,0.0002340954,344058.34
2026-05-28,IE000EGGFVG6,OSB,OSB GROUPPLC,4.36432e-05,64143.89
2026-05-28,IE000EGGFVG6,EWG,WAG PAYMENT SOLUTIONS,2.4592e-06,3614.41
2026-05-28,IE000EGGFVG6,TSCO,TESCO PLC,0.0004907882,721328.81
2026-05-28,IE000EGGFVG6,AT/,ASHTEAD TECHNOLOGY HOLDINGS,2.15668e-05,31697.52
2026-05-28,IE000EGGFVG6,CARD,CARD FACTORY PLC,3.5064e-06,5153.41
2026-05-28,IE000EGGFVG6,BREE,BREEDON GROUP PLC,2.65254e-05,38985.39
2026-05-28,IE000EGGFVG6,NWG,NATWEST GROUP PLC,0.0004784909,703255.05
2026-05-28,IE000EGGFVG6,JD/,JD SPORTSFASHION PLC,7.67153e-05,112751.21
2026-05-28,IE000EGGFVG6,FSG,FORESIGHTGROUP HOLDINGS LTD,2.6853e-06,3946.67
2026-05-28,IE000EGGFVG6,TCAP,TP ICAP GROUP PLC,6.03128e-05,88643.82
2026-05-28,IE000EGGFVG6,BUR,BURFORD CAPITAL LTD,8.0038e-06,11763.43
2026-05-28,IE000EGGFVG6,BYIT,BYTES TECHNOLOGY GROUP PLC,1.89375e-05,27833.16
2026-05-28,IE000EGGFVG6,POLN,POLLEN STREET GROUP LTD,1.78709e-05,26265.49
2026-05-28,IE000EGGFVG6,INF,INFORMA PLC,0.0002387092,350839.4
2026-05-28,IE000EGGFVG6,MOON,MOONPIG GROUP PLC,9.4183e-06,13842.37
2026-05-28,IE000EGGFVG6,THG,THG PLC,2.7382e-06,4024.41
2026-05-28,IE000EGGFVG6,ATG,AUCTION TECHNOLOGY GROUP,4.6417e-06,6822.13
2026-05-28,IE000EGGFVG6,MNDI,MONDI PLC,9.63072e-05,141546.16
2026-05-28,IE000EGGFVG6,MTRO,METRO BANKHOLDINGS PLC,2.5565e-05,37573.79
2026-05-28,IE000EGGFVG6,SAGA,SAGA PLC,1.67281e-05,24585.87
2026-05-28,IE000EGGFVG6,HLN,HALEON PLC,0.0003196096,469741.6
2026-05-28,IE000EGGFVG6,CRE,CONDUIT HOLDINGS LTD,1.35615e-05,19931.87
2026-05-28,IE000EGGFVG6,FAN,VOLUTION GROUP PLC,2.8863e-05,42421.03
2026-05-28,IE000EGGFVG6,AML,ASTON MARTIN LAGONDA GLOBAL,1.5013e-06,2206.48
2026-05-28,IE000EGGFVG6,GSK,GSK PLC,0.0004138067,608186.42
2026-05-28,IE000EGGFVG6,MRO,MELROSE INDUSTRIES PLC,0.0001301041,191218.54
2026-05-28,IE000EGGFVG6,QLT,QUILTER PLC,6.91052e-05,101566.38
2026-05-28,IE000EGGFVG6,CNE,CAPRICORNENERGY PLC,2.3848e-06,3505.0
2026-05-28,IE000EGGFVG6,SPI,SPIRE HEALTHCARE GROUP PLC,2.61141e-05,38380.77
2026-05-28,IE000EGGFVG6,PNN,PENNON GROUP PLC,4.74932e-05,69802.43
2026-05-28,IE000EGGFVG6,SYNT,SYNTHOMERPLC,1.6645e-06,2446.38
2026-05-28,IE000EGGFVG6,BKG,BERKELEY GROUP HOLDINGS/THE,0.0001055268,155096.47
2026-05-28,IE000EGGFVG6,SHEL,SHELL PLC,6.30222e-05,92625.98
2026-05-28,IE000EGGFVG6,TATE,TATE + LYLE PLC,2.83397e-05,41651.88
2026-05-28,IE000EGGFVG6,SDR,SCHRODERSPLC,4.87532e-05,71654.31
2026-05-28,IE000EGGFVG6,ITH,ITHACA ENERGY PLC,3.00564e-05,44175.0
2026-05-28,IE000EGGFVG6,AV/,AVIVA PLC,0.0001350765,198526.76
2026-05-28,IE000EGGFVG6,WISE,WISE GROUPPLC CL A,3.24979e-05,47763.31
2026-05-28,IE000EGGFVG6,GAMA,GAMMA COMMUNICATIONS PLC,2.44634e-05,35954.79
2026-05-28,IE000EGGFVG6,MAB1,MORTGAGE ADVICE BUREAU HOLDI,2.397e-06,3523.01
2026-05-28,IE000EGGFVG6,HMSO,HAMMERSONPLC,2.15735e-05,31707.33
2026-05-28,IE000EGGFVG6,GLE,MJ GLEESONPLC,1.6156e-06,2374.57
2026-05-28,IE000EGGFVG6,CAN,CANAL SA,2.13807e-05,31424.01
2026-05-28,IE000EGGFVG6,PINE,PINEWOOD TECHNOLOGIES GROUP,2.634e-06,3871.31
2026-05-28,IE000EGGFVG6,RKT,RECKITT BENCKISER GROUP PLC,0.0006194777,910468.38
2026-05-28,IE000EGGFVG6,DFS,DFS FURNITURE PLC,9.2153e-06,13543.99
2026-05-28,IE000EGGFVG6,CCC,COMPUTACENTER PLC,6.13619e-05,90185.8
2026-05-28,IE000EGGFVG6,RWS,RWS HOLDINGS PLC,3.5936e-06,5281.68
2026-05-28,IE000EGGFVG6,ROR,ROTORK PLC,3.96864e-05,58328.51
2026-05-28,IE000EGGFVG6,PSDL,PHOENIX SPREE DEUTSCHLAND LT,1.88e-08,27.56
2026-05-28,IE000EGGFVG6,ZEG,ZEGONA COMMUNICATIONS PLC,8.8937e-06,13071.34
2026-05-28,IE000EGGFVG6,BME,B+M EUROPEAN VALUE RETAIL PL,3.31708e-05,48752.28
2026-05-28,IE000EGGFVG6,ECEL,EUROCELL PLC,1.7338e-06,2548.24
2026-05-28,IE000EGGFVG6,AUTO,AUTOTRADERGROUP PLC,4.30352e-05,63250.3
2026-05-28,IE000EGGFVG6,HSX,HISCOX LTD,0.0001630283,239608.42
2026-05-28,IE000EGGFVG6,SUNB,SUNBELT RENTALS HOLDINGS INC,0.0003839204,564261.44
2026-05-28,IE000EGGFVG6,AEWU,AEW UK REIT PLC,8.885e-07,1305.85
2026-05-28,IE000EGGFVG6,SPX,SPIRAX GROUP PLC,8.29096e-05,121855.18
2026-05-28,IE000EGGFVG6,PRTC,PURETECH HEALTH PLC,1.43114e-05,21033.97
2026-05-28,IE000EGGFVG6,SERE,SCHRODER EUROPEAN REAL ESTAT,4.233e-07,622.19
2026-05-28,IE000EGGFVG6,OTB,ON THE BEACH GROUP PLC,2.0129e-06,2958.5
2026-05-28,IE000EGGFVG6,DOM,DOMINO S PIZZA GROUP PLC,2.00433e-05,29458.4
2026-05-28,IE000EGGFVG6,BEZ,BEAZLEY PLC,0.000154236,226686.08
2026-05-28,IE000EGGFVG6,PHP,PRIMARY HEALTH PROPERTIES,2.99218e-05,43977.07
2026-05-28,IE000EGGFVG6,RESI,RESIDENTIAL SECURE INCOME PL,3.633e-07,533.97
2026-05-28,IE000EGGFVG6,MIDW,MIDWICH GROUP PLC,1.585e-06,2329.49
2026-05-28,IE000EGGFVG6,TBCG,TBC BANK GROUP PLC,4.72743e-05,69480.64
2026-05-28,IE000EGGFVG6,GKP,GULF KEYSTONE PETROLEUM LTD,1.78348e-05,26212.44
2026-05-28,IE000EGGFVG6,IWG,INTERNATIONAL WORKPLACE GROU,2.30592e-05,33890.92
2026-05-28,IE000EGGFVG6,EVPL,EVERPLAY GROUP PLC,2.6096e-06,3835.48
2026-05-28,IE000EGGFVG6,LAND,LAND SECURITIES GROUP PLC,5.97292e-05,87786.19
2026-05-28,IE000EGGFVG6,SBRE,SABRE INSURANCE GROUP PLC,4.4032e-06,6471.56
2026-05-28,IE000EGGFVG6,TAM,TATTON ASSET MANAGEMENT PLC,2.3935e-06,3517.77
2026-05-28,IE000EGGFVG6,SRC,SIGMAROC PLC,7.90889e-05,116239.79
2026-05-28,IE000EGGFVG6,IBST,IBSTOCK PLC,1.45624e-05,21402.88
2026-05-28,IE000EGGFVG6,HSW,HOSTELWORLD GROUP PLC,7.328e-07,1076.99
2026-05-28,IE000EGGFVG6,FORT,FORTERRA PLC,1.44651e-05,21259.88
2026-05-28,IE000EGGFVG6,RHIM,RHI MAGNESITA NV,2.19409e-05,32247.37
2026-05-28,IE000EGGFVG6,SCT,SOFTCAT PLC,4.14033e-05,60851.88
2026-05-28,IE000EGGFVG6,HWG,HARWORTH GROUP PLC,2.3128e-06,3399.27
2026-05-28,IE000EGGFVG6,FUTR,FUTURE PLC,3.7121e-06,5455.87
2026-05-28,IE000EGGFVG6,ATYM,ATALAYA MINING COPPER SA,2.40369e-05,35327.9
2026-05-28,IE000EGGFVG6,JMAT,JOHNSON MATTHEY PLC,9.19204e-05,135098.7
2026-05-28,IE000EGGFVG6,GYM,GYM GROUPPLC,5.0083e-06,7360.83
2026-05-28,IE000EGGFVG6,LUCE,LUCECO PLC,3.9895e-06,5863.5
2026-05-28,IE000EGGFVG6,DRX,ADF GROUPINC,2.0471e-06,3008.65
2026-05-28,IE000EGGFVG6,AGF/B,AGF MANAGEMENT LTD CLASS B,8.0532e-06,11836.14
2026-05-28,IE000EGGFVG6,AFN,AG GROWTHINTERNATIONAL INC,4.3039e-06,6325.59
2026-05-28,IE000EGGFVG6,ARX,ARC RESOURCES LTD,0.0005084091,747226.81
2026-05-28,IE000EGGFVG6,ATS,ATS CORP,4.4465e-06,6535.19
2026-05-28,IE000EGGFVG6,ADN,ACADIAN TIMBER CORP,1.6985e-06,2496.34
2026-05-28,IE000EGGFVG6,ARA,ACLARA RESOURCES INC,1.4611e-06,2147.39
2026-05-28,IE000EGGFVG6,ACX,ACT ENERGYTECHNOLOGIES LTD,1.5315e-06,2250.93
2026-05-28,IE000EGGFVG6,ADEN,ADENTRA INC,2.09781e-05,30832.32
2026-05-28,IE000EGGFVG6,ARE,AECON GROUP INC,4.09219e-05,60144.32
2026-05-28,IE000EGGFVG6,AAV,ADVANTAGEENERGY LTD,7.05989e-05,103761.75
2026-05-28,IE000EGGFVG6,AEM,AGNICO EAGLE MINES LTD,6.64883e-05,97720.28
2026-05-28,IE000EGGFVG6,AC,AIR CANADA,0.0001352548,198788.83
2026-05-28,IE000EGGFVG6,AIM,AIMIA INC,1.0276e-06,1510.35
2026-05-28,IE000EGGFVG6,BOS,AIRBOSS OFAMERICA CORP,1.0106e-06,1485.36
2026-05-28,IE000EGGFVG6,ALC,ALGOMA CENTRAL CORP,3.0402e-06,4468.25
2026-05-28,IE000EGGFVG6,ALYA,ALITHYA GROUP INC CLASS A,3.782e-07,555.82
2026-05-28,IE000EGGFVG6,AAUC,ALLIED GOLD CORP,2.0742e-05,30485.25
2026-05-28,IE000EGGFVG6,AP-U,ALLIED PROPERTIES REAL ESTAT,4.7587e-06,6994.04
2026-05-28,IE000EGGFVG6,ALS,ALTIUS MINERALS CORPORATION,2.81295e-05,41342.93
2026-05-28,IE000EGGFVG6,ALA,ALTAGAS LTD,0.0002814654,413679.64
2026-05-28,IE000EGGFVG6,AIF,ALTUS GROUP LTD,1.88366e-05,27684.89
2026-05-28,IE000EGGFVG6,ARG,AMERIGO RESOURCES LTD,2.05932e-05,30266.62
2026-05-28,IE000EGGFVG6,APM,ANDEAN PRECIOUS METALS CORP,1.8315e-06,2691.83
2026-05-28,IE000EGGFVG6,ADW/A,ANDREW PELLER LTD  A,1.0534e-06,1548.24
2026-05-28,IE000EGGFVG6,ATZ,ARITZIA INC SUBORDINATE VOTI,0.0001555647,228638.93
2026-05-28,IE000EGGFVG6,ASCU,ARIZONA SONORAN COPPER CO IN,4.3278e-06,6360.77
2026-05-28,IE000EGGFVG6,ACO/X,ATCO LTDCLASS I,3.91463e-05,57534.76
2026-05-28,IE000EGGFVG6,ATH,ATHABASCAOIL CORP,0.0001171669,172204.35
2026-05-28,IE000EGGFVG6,ATRL,ATKINSREALIS GROUP INC,6.55604e-05,96356.5
2026-05-28,IE000EGGFVG6,ACQ,AUTOCANADAINC,5.0361e-06,7401.7
2026-05-28,IE000EGGFVG6,APR-U,AUTOMOTIVEPROPERTIES REAL E,5.661e-07,832.0
2026-05-28,IE000EGGFVG6,ASM,AVINO SILVER + GOLD MINES,2.4985e-06,3672.1
2026-05-28,IE000EGGFVG6,BDGI,BADGER INFRASTRUCTURE SOLUTI,7.15385e-05,105142.73
2026-05-28,IE000EGGFVG6,BMO,BANK OF MONTREAL,0.000571202,839515.75
2026-05-28,IE000EGGFVG6,ABX,BARRICK MINING CORP,3.42612e-05,50354.95
2026-05-28,IE000EGGFVG6,BHC,BAUSCH HEALTH COS INC,1.87847e-05,27608.47
2026-05-28,IE000EGGFVG6,BTE,BAYTEX ENERGY CORP,0.0003314879,487199.48
2026-05-28,IE000EGGFVG6,BIR,BIRCHCLIFFENERGY LTD,6.54431e-05,96184.02
2026-05-28,IE000EGGFVG6,BDT,BIRD CONSTRUCTION INC,5.41606e-05,79601.77
2026-05-28,IE000EGGFVG6,BDI,BLACK DIAMOND GROUP LTD,2.22383e-05,32684.38
2026-05-28,IE000EGGFVG6,BB,BLACKBERRYLTD,1.9798e-06,2909.73
2026-05-28,IE000EGGFVG6,BEI-U,BOARDWALKREAL ESTATE INVEST,3.23402e-05,47531.5
2026-05-28,IE000EGGFVG6,BBD/B,BOMBARDIERINC B,0.0001925371,282978.65
2026-05-28,IE000EGGFVG6,BNE,BONTERRA ENERGY CORP,1.5292e-06,2247.55
2026-05-28,IE000EGGFVG6,BN,BROOKFIELDCORP,2.13731e-05,31412.81
2026-05-28,IE000EGGFVG6,BTB-U,BTB REAL ESTATE INVESTMENT T,5.212e-07,765.99
2026-05-28,IE000EGGFVG6,CAE,CAE INC,4.70252e-05,69114.53
2026-05-28,IE000EGGFVG6,CCL/B,CCL INDUSTRIES INC   CL B,0.0001264697,185877.05
2026-05-28,IE000EGGFVG6,CRT-U,CT REAL ESTATE INVESTMENT TR,2.4583e-06,3613.1
2026-05-28,IE000EGGFVG6,CFW,CALFRAC WELL SERVICES LTD,2.2763e-06,3345.5
2026-05-28,IE000EGGFVG6,CGY,CALIAN GROUP LTD,2.9739e-05,43708.46
2026-05-28,IE000EGGFVG6,CF,CANACCORDGENUITY GROUP INC,2.32664e-05,34195.46
2026-05-28,IE000EGGFVG6,CAR-U,CAN APARTMENT PROP REAL ESTA,3.94725e-05,58014.2
2026-05-28,IE000EGGFVG6,CNR,CANADIAN NATL RAILWAY CO,2.16995e-05,31892.59
2026-05-28,IE000EGGFVG6,CNQ,CANADIAN NATURAL RESOURCES,5.17225e-05,76018.38
2026-05-28,IE000EGGFVG6,CP,CANADIAN PACIFIC KANSAS CITY,3.3201e-06,4879.64
2026-05-28,IE000EGGFVG6,CTC/A,CANADIAN TIRE CORP CLASS A,0.0002175093,319681.06
2026-05-28,IE000EGGFVG6,CU,CANADIAN UTILITIES LTD A,4.28633e-05,62997.72
2026-05-28,IE000EGGFVG6,CFP,CANFOR CORP,1.90446e-05,27990.47
2026-05-28,IE000EGGFVG6,CPX,CAPITAL POWER CORP,0.0001972785,289947.23
2026-05-28,IE000EGGFVG6,CS,CAPSTONE COPPER CORP,0.0003518628,517145.26
2026-05-28,IE000EGGFVG6,CJ,CARDINAL ENERGY LTD,3.45243e-05,50741.63
2026-05-28,IE000EGGFVG6,CRRX,CARERX CORP,7.888e-07,1159.26
2026-05-28,IE000EGGFVG6,CAS,CASCADES INC,6.0208e-06,8848.97
2026-05-28,IE000EGGFVG6,CVVY,CAVVY ENERGY LTD,1.9697e-06,2894.88
2026-05-28,IE000EGGFVG6,CLS,CELESTICAINC,2.38226e-05,35012.85
2026-05-28,IE000EGGFVG6,CG,CENTERRA GOLD INC,0.0001169693,171913.98
2026-05-28,IE000EGGFVG6,CEU,CES ENERGYSOLUTIONS CORP,0.0001526295,224325.01
2026-05-28,IE000EGGFVG6,CHP-U,CHOICE PROPERTIES REIT,2.29215e-05,33688.51
2026-05-28,IE000EGGFVG6,CGX,CINEPLEX INC,2.9973e-06,4405.17
2026-05-28,IE000EGGFVG6,CPH,CIPHER PHARMACEUTICALS INC,1.5203e-06,2234.39
2026-05-28,IE000EGGFVG6,CGO,COGECO INC,3.0207e-06,4439.62
2026-05-28,IE000EGGFVG6,CCA,COGECO COMMUNICATIONS INC,4.15397e-05,61052.32
2026-05-28,IE000EGGFVG6,CMG,COMPUTER MODELLING GROUP LTD,2.3099e-06,3394.96
2026-05-28,IE000EGGFVG6,CSU,CONSTELLATION SOFTWARE INC,0.0001273999,187244.19
2026-05-28,IE000EGGFVG6,CSW/A,CORBY SPIRIT AND WINE LTD,2.1029e-06,3090.69
2026-05-28,IE000EGGFVG6,CVO,COVEO SOLUTIONS INC SUB VTG,5.157e-07,757.88
2026-05-28,IE000EGGFVG6,CRR-U,CROMBIE REAL ESTATE INVESTME,2.3549e-06,3461.12
2026-05-28,IE000EGGFVG6,DBO,D BOX TECHNOLOGIES INC,9.971e-07,1465.53
2026-05-28,IE000EGGFVG6,DTOL,D2L INC,8.481e-07,1246.44
2026-05-28,IE000EGGFVG6,DFY,DEFINITY FINANCIAL CORP,5.40418e-05,79427.13
2026-05-28,IE000EGGFVG6,DXT,DEXTERRA GROUP INC,3.7348e-06,5489.21
2026-05-28,IE000EGGFVG6,DCBO,DOCEBO INC,2.2818e-06,3353.62
2026-05-28,IE000EGGFVG6,DOL,DOLLARAMAINC,0.0005803389,852944.64
2026-05-28,IE000EGGFVG6,DBM,DOMAN BUILDING MATERIALS GRO,1.44688e-05,21265.32
2026-05-28,IE000EGGFVG6,DLCG,DOMINION LENDING CENTRES INC,7.983e-07,1173.36
2026-05-28,IE000EGGFVG6,DPM,DPM METALSINC,0.0001376568,202319.13
2026-05-28,IE000EGGFVG6,DRM,DREAM UNLIMITED CL A SUB VOT,3.4448e-06,5063.0
2026-05-28,IE000EGGFVG6,D-U,DREAM OFFICE REAL ESTATE INV,8.721e-07,1281.71
2026-05-28,IE000EGGFVG6,DIR-U,DREAM INDUSTRIAL REAL ESTATE,3.73649e-05,54916.5
2026-05-28,IE000EGGFVG6,DNG,DYNACOR GROUP INC,1.7127e-06,2517.24
2026-05-28,IE000EGGFVG6,ELF,E L FINANCIAL CORP LTD,3.12677e-05,45955.26
2026-05-28,IE000EGGFVG6,EQB,EQB INC,9.03138e-05,132737.41
2026-05-28,IE000EGGFVG6,ELD,ELDORADO GOLD CORP,5.09149e-05,74831.36
2026-05-28,IE000EGGFVG6,EFN,ELEMENT FLEET MANAGEMENT COR,0.0001419713,208660.22
2026-05-28,IE000EGGFVG6,ELO,ELORO RESOURCES LTD,8.697e-07,1278.16
2026-05-28,IE000EGGFVG6,EMA,EMERA INC,0.0001817494,267123.5
2026-05-28,IE000EGGFVG6,EMP/A,EMPIRE COLTD  A,0.0001138288,167298.16
2026-05-28,IE000EGGFVG6,ENB,ENBRIDGE INC,4.02734e-05,59191.2
2026-05-28,IE000EGGFVG6,EDR,ENDEAVOURSILVER CORP,9.927e-07,1459.02
2026-05-28,IE000EGGFVG6,EFX,ENERFLEX LTD,0.0002314582,340182.37
2026-05-28,IE000EGGFVG6,ENGH,ENGHOUSE SYSTEMS LTD,6.4899e-06,9538.45
2026-05-28,IE000EGGFVG6,ESI,ENSIGN ENERGY SERVICES INC,5.2221e-06,7675.05
2026-05-28,IE000EGGFVG6,E,ENTERPRISEGROUP INC,5.673e-07,833.72
2026-05-28,IE000EGGFVG6,ET,EVERTZ TECHNOLOGIES LTD,3.0037e-06,4414.65
2026-05-28,IE000EGGFVG6,EIF,EXCHANGE INCOME CORP,4.5564e-05,66967.03
2026-05-28,IE000EGGFVG6,XTC,EXCO TECHNOLOGIES LTD,1.0575e-06,1554.26
2026-05-28,IE000EGGFVG6,EXE,EXTENDICARE INC,3.66997e-05,53938.79
2026-05-28,IE000EGGFVG6,FFH,FAIRFAX FINANCIAL HLDGS LTD,0.0004951383,727722.37
2026-05-28,IE000EGGFVG6,FSZ,FIERA CAPITAL CORP,1.86261e-05,27375.5
2026-05-28,IE000EGGFVG6,FTT,FINNING INTERNATIONAL INC,0.0003948883,580381.25
2026-05-28,IE000EGGFVG6,FTG,FIRAN TECHNOLOGY GROUP CORP,2.3785e-06,3495.72
2026-05-28,IE000EGGFVG6,FC,FIRM CAPITAL MORTGAGE INVEST,3.3783e-06,4965.23
2026-05-28,IE000EGGFVG6,FCD-U,FIRM CAPITAL PROPERTY TRUST,6.354e-07,933.82
2026-05-28,IE000EGGFVG6,FCR-U,FIRST CAPITAL REAL ESTATE IN,2.39103e-05,35141.78
2026-05-28,IE000EGGFVG6,FM,FIRST QUANTUM MINERALS LTD,0.0002683316,394376.44
2026-05-28,IE000EGGFVG6,VNP,5N PLUS INC,8.50872e-05,125055.61
2026-05-28,IE000EGGFVG6,FTS,FORTIS INC,0.0001904908,279971.05
2026-05-28,IE000EGGFVG6,FNV,FRANCO NEVADA CORP,2.6047e-06,3828.28
2026-05-28,IE000EGGFVG6,FVL,FREEGOLD VENTURES LTD,1.5218e-06,2236.69
2026-05-28,IE000EGGFVG6,FRU,FREEHOLD ROYALTIES LTD,5.1666e-05,75935.37
2026-05-28,IE000EGGFVG6,FEC,FRONTERA ENERGY CORP,4.6638e-06,6854.57
2026-05-28,IE000EGGFVG6,FURY,FURY GOLDMINES LTD,9.725e-07,1429.35
2026-05-28,IE000EGGFVG6,GFL,GFL ENVIRONMENTAL INC SUB VT,1.86172e-05,27362.4
2026-05-28,IE000EGGFVG6,GEI,GIBSON ENERGY INC,0.0001740859,255860.28
2026-05-28,IE000EGGFVG6,GSY,GOEASY LTD,5.7494e-06,8450.15
2026-05-28,IE000EGGFVG6,GGD,GOGOLD RESOURCES INC,2.44879e-05,35990.79
2026-05-28,IE000EGGFVG6,GWO,GREAT WESTLIFECO INC,0.0002170155,318955.38
2026-05-28,IE000EGGFVG6,GRGD,GROUPE DYNAMITE INC,1.47449e-05,21671.07
2026-05-28,IE000EGGFVG6,HLS,HLS THERAPEUTICS INC,8.379e-07,1231.55
2026-05-28,IE000EGGFVG6,HR-U,H+R REAL ESTATE INV REIT UTS,1.68949e-05,24831.01
2026-05-28,IE000EGGFVG6,HAI,HAIVISIONSYSTEMS INC,9.031e-07,1327.3
2026-05-28,IE000EGGFVG6,HMM/A,HAMMOND MANUFACTURING  CL A,1.7358e-06,2551.1
2026-05-28,IE000EGGFVG6,HPS/A,HAMMOND POWER SOLUTIONS INC,6.52843e-05,95950.58
2026-05-28,IE000EGGFVG6,HWX,HEADWATEREXPLORATION INC,6.65133e-05,97756.94
2026-05-28,IE000EGGFVG6,HLF,HIGH LINERFOODS INC,2.0226e-06,2972.75
2026-05-28,IE000EGGFVG6,H,HYDRO ONELTD,0.0001109753,163104.27
2026-05-28,IE000EGGFVG6,IGM,IGM FINANCIAL INC,5.53301e-05,81320.64
2026-05-28,IE000EGGFVG6,IAG,IA FINANCIAL CORP INC,0.0003203456,470823.29
2026-05-28,IE000EGGFVG6,III,IMPERIAL METALS CORP,2.19829e-05,32309.03
2026-05-28,IE000EGGFVG6,IMO,IMPERIAL OIL LTD,0.0001822889,267916.5
2026-05-28,IE000EGGFVG6,IFC,INTACT FINANCIAL CORP,0.0005210147,765753.74
2026-05-28,IE000EGGFVG6,IFP,INTERFOR CORP,4.3897e-06,6451.67
2026-05-28,IE000EGGFVG6,IVN,IVANHOE MINES LTD CL A,3.80789e-05,55965.86
2026-05-28,IE000EGGFVG6,JWEL,JAMIESON WELLNESS INC,2.20885e-05,32464.29
2026-05-28,IE000EGGFVG6,JOY,JOURNEY ENERGY INC,2.3661e-06,3477.55
2026-05-28,IE000EGGFVG6,KBL,K BRO LINEN INC,1.60089e-05,23528.84
2026-05-28,IE000EGGFVG6,KPT,KP TISSUEINC,6.003e-07,882.21
2026-05-28,IE000EGGFVG6,KEL,KELT EXPLORATION LTD,2.2052e-05,32410.62
2026-05-28,IE000EGGFVG6,KEY,KEYERA CORP,0.0003146603,462467.37
2026-05-28,IE000EGGFVG6,KMP-U,KILLAM APARTMENT REAL ESTATE,1.96982e-05,28951.11
2026-05-28,IE000EGGFVG6,KXS,KINAXIS INC,2.19563e-05,32269.95
2026-05-28,IE000EGGFVG6,K,KINROSS GOLD CORP,4.17145e-05,61309.21
2026-05-28,IE000EGGFVG6,GUD,KNIGHT THERAPEUTICS INC,4.3923e-06,6455.51
2026-05-28,IE000EGGFVG6,KNT,K92 MINING,8.02164e-05,117896.9
2026-05-28,IE000EGGFVG6,LIF,LABRADOR IRON ORE ROYALTY CO,1.79743e-05,26417.42
2026-05-28,IE000EGGFVG6,LAM,LARAMIDE RESOURCES,6.992e-07,1027.68
2026-05-28,IE000EGGFVG6,LAS/A,LASSONDE INDS INC CLASS A,1.08331e-05,15921.84
2026-05-28,IE000EGGFVG6,LB,LAURENTIANBANK OF CANADA,1.12964e-05,16602.73
2026-05-28,IE000EGGFVG6,LNF,LEON S FURNITURE LTD,5.7834e-06,8500.13
2026-05-28,IE000EGGFVG6,LSPD,LIGHTSPEEDCOMMERCE INC,3.9961e-06,5873.25
2026-05-28,IE000EGGFVG6,LNR,LINAMAR CORP,6.55027e-05,96271.59
2026-05-28,IE000EGGFVG6,LAC,LITHIUM AMERICAS CORP,1.0533e-06,1548.04
2026-05-28,IE000EGGFVG6,L,LOBLAW COMPANIES LTD,0.0001528271,224615.44
2026-05-28,IE000EGGFVG6,LUG,LUNDIN GOLD INC,0.0001503194,220929.7
2026-05-28,IE000EGGFVG6,LUN,LUNDIN MINING CORP,0.0002569985,377719.73
2026-05-28,IE000EGGFVG6,MDA,MDA SPACELTD,7.32187e-05,107612.05
2026-05-28,IE000EGGFVG6,MTY,MTY FOOD GROUP INC,5.3675e-06,7888.84
2026-05-28,IE000EGGFVG6,MAL,MAGELLAN AEROSPACE CORP,2.9982e-06,4406.53
2026-05-28,IE000EGGFVG6,MG,MAGNA INTERNATIONAL INC,3.14185e-05,46176.95
2026-05-28,IE000EGGFVG6,MDI,MAJOR DRILLING GROUP INTL,2.49418e-05,36657.86
2026-05-28,IE000EGGFVG6,MEQ,MAINSTREETEQUITY CORP,7.5559e-06,11105.16
2026-05-28,IE000EGGFVG6,MFI,MAPLE LEAFFOODS INC,4.15096e-05,61008.14
2026-05-28,IE000EGGFVG6,MFC,MANULIFE FINANCIAL CORP,0.0003210592,471872.12
2026-05-28,IE000EGGFVG6,MRE,MARTINREAINTERNATIONAL INC,2.37627e-05,34924.89
2026-05-28,IE000EGGFVG6,MATR,MATTR CORP,5.3007e-06,7790.7
2026-05-28,IE000EGGFVG6,MDP,MEDEXUS PHARMACEUTICALS INC,7.256e-07,1066.44
2026-05-28,IE000EGGFVG6,DR,MEDICAL FACILITIES CORP,3.224e-06,4738.48
2026-05-28,IE000EGGFVG6,MRD,MELCOR DEVELOPMENTS LTD,1.6234e-06,2385.97
2026-05-28,IE000EGGFVG6,MX,METHANEX CORP,1.62497e-05,23882.76
2026-05-28,IE000EGGFVG6,MRU,METRO INC/CN,0.000151184,222200.54
2026-05-28,IE000EGGFVG6,MRG-U,MORGUARD NORTH AMERICAN RESI,7.822e-07,1149.7
2026-05-28,IE000EGGFVG6,MTL,MULLEN GROUP LTD,4.96048e-05,72905.94
2026-05-28,IE000EGGFVG6,NFI,NFI GROUPINC,1.05111e-05,15448.56
2026-05-28,IE000EGGFVG6,GRA,NANOXPLOREINC,9.085e-07,1335.26
2026-05-28,IE000EGGFVG6,NA,NATIONAL BANK OF CANADA,0.0004136092,607896.1
2026-05-28,IE000EGGFVG6,NEO,NEO PERFORMANCE MATERIALS IN,7.906e-06,11619.66
2026-05-28,IE000EGGFVG6,NXR-U,NEXUS INDUSTRIAL REIT,7.376e-07,1084.04
2026-05-28,IE000EGGFVG6,NWC,NORTH WESTCO INC/THE,5.69772e-05,83741.36
2026-05-28,IE000EGGFVG6,NPI,NORTHLANDPOWER INC,0.0001118832,164438.63
2026-05-28,IE000EGGFVG6,NTR,NUTRIEN LTD,2.83838e-05,41716.66
2026-05-28,IE000EGGFVG6,OGC,OCEANAGOLDCORP,0.0002577293,378793.93
2026-05-28,IE000EGGFVG6,ONEX,ONEX CORPORATION,0.0001021577,150144.77
2026-05-28,IE000EGGFVG6,OTEX,OPEN TEXTCORP,4.1097e-05,60401.66
2026-05-28,IE000EGGFVG6,OR,OR ROYALTIES INC,2.43499e-05,35787.95
2026-05-28,IE000EGGFVG6,ORE,OREZONE GOLD CORP,1.15872e-05,17030.12
2026-05-28,IE000EGGFVG6,ORV,ORVANA MINERALS CORP,7.827e-07,1150.35
2026-05-28,IE000EGGFVG6,PHX,PHX ENERGYSERVICES CORP,1.99873e-05,29376.08
2026-05-28,IE000EGGFVG6,POU,PARAMOUNTRESOURCES LTD  A,5.04309e-05,74120.01
2026-05-28,IE000EGGFVG6,PXT,PAREX RESOURCES INC,0.0001479012,217375.64
2026-05-28,IE000EGGFVG6,PSI,PASON SYSTEMS INC,9.2303e-06,13566.04
2026-05-28,IE000EGGFVG6,PPL,PEMBINA PIPELINE CORP,5.0881e-05,74781.67
2026-05-28,IE000EGGFVG6,PET,PET VALU HOLDINGS LTD,1.01679e-05,14944.11
2026-05-28,IE000EGGFVG6,PEY,PEYTO EXPLORATION + DEV CORP,0.0002852476,419238.57
2026-05-28,IE000EGGFVG6,PNE,PINE CLIFFENERGY LTD,1.2015e-06,1765.88
2026-05-28,IE000EGGFVG6,PZA,PIZZA PIZZA ROYALTY CORP,2.3518e-06,3456.47
2026-05-28,IE000EGGFVG6,PLZ-U,PLAZA RETAIL REIT,6.191e-07,909.86
2026-05-28,IE000EGGFVG6,PMET,PMET RESOURCES INC,5.4036e-06,7941.88
2026-05-28,IE000EGGFVG6,PIF,POLARIS RENEWABLE ENERGY INC,1.8131e-06,2664.74
2026-05-28,IE000EGGFVG6,PBL,POLLARD BANKNOTE LTD,1.4862e-06,2184.32
2026-05-28,IE000EGGFVG6,PSK,PRAIRIESKYROYALTY LTD,3.87235e-05,56913.37
2026-05-28,IE000EGGFVG6,PD,PRECISIONDRILLING CORP,3.53208e-05,51912.29
2026-05-28,IE000EGGFVG6,PBH,PREMIUM BRANDS HOLDINGS CORP,2.09653e-05,30813.38
2026-05-28,IE000EGGFVG6,PMZ-U,PRIMARIS REIT,4.3177e-06,6345.84
2026-05-28,IE000EGGFVG6,PRV-U,PRO REAL ESTATE INVESTMENT T,6.363e-07,935.17
2026-05-28,IE000EGGFVG6,PRL,PROPEL HOLDINGS INC,5.181e-06,7614.63
2026-05-28,IE000EGGFVG6,PSD,PULSE SEISMIC INC,8.812e-07,1295.16
2026-05-28,IE000EGGFVG6,QTRH,QUARTERHILL INC,1.5363e-06,2258.01
2026-05-28,IE000EGGFVG6,QBR/B,QUEBECOR INC   CL B,0.000156475,229976.85
2026-05-28,IE000EGGFVG6,REAL,REAL MATTERS INC,1.2579e-06,1848.74
2026-05-28,IE000EGGFVG6,RCH,RICHELIEUHARDWARE LTD,3.23949e-05,47611.86
2026-05-28,IE000EGGFVG6,REI-U,RIOCAN REAL ESTATE INVST TR,3.5314e-05,51902.18
2026-05-28,IE000EGGFVG6,RCI/B,ROGERS COMMUNICATIONS INC B,0.0002387872,350954.05
2026-05-28,IE000EGGFVG6,RSI,ROGERS SUGAR INC,1.89576e-05,27862.71
2026-05-28,IE000EGGFVG6,RY,ROYAL BANKOF CANADA,5.13175e-05,75423.2
2026-05-28,IE000EGGFVG6,RUS,RUSSEL METALS INC,5.52022e-05,81132.6
2026-05-28,IE000EGGFVG6,SSRM,SSR MININGINC,0.000147678,217047.57
2026-05-28,IE000EGGFVG6,STC,SANGOMA TECHNOLOGIES CORP,9.576e-07,1407.49
2026-05-28,IE000EGGFVG6,SAP,SAPUTO INC,0.0001208512,177619.29
2026-05-28,IE000EGGFVG6,SOIL,SATURN OIL+ GAS INC,9.9535e-06,14628.95
2026-05-28,IE000EGGFVG6,SIS,SAVARIA CORP,2.7619e-05,40592.69
2026-05-28,IE000EGGFVG6,SES,SECURE WASTE INFRASTRUCTURE,4.09304e-05,60156.92
2026-05-28,IE000EGGFVG6,SIA,SIENNA SENIOR LIVING INC,2.2645e-05,33282.21
2026-05-28,IE000EGGFVG6,SGR-U,SLATE GROCERY REIT CL U,1.5746e-06,2314.24
2026-05-28,IE000EGGFVG6,SRU-U,SMARTCENTRES REAL ESTATE INV,6.6987e-06,9845.28
2026-05-28,IE000EGGFVG6,SHLE,SOURCE ENERGY SERVICES LTD,1.8765e-06,2757.95
2026-05-28,IE000EGGFVG6,SOBO,SOUTH BOWCORP,9.15302e-05,134525.15
2026-05-28,IE000EGGFVG6,SDE,SPARTAN DELTA CORP,1.80416e-05,26516.37
2026-05-28,IE000EGGFVG6,STN,STANTEC INC,1.53899e-05,22619.14
2026-05-28,IE000EGGFVG6,SJ,STELLA JONES INC,9.17372e-05,134829.34
2026-05-28,IE000EGGFVG6,STLR,STLLR GOLDINC,9.475e-07,1392.6
2026-05-28,IE000EGGFVG6,SVI,STORAGEVAULT CANADA INC,1.71783e-05,25247.62
2026-05-28,IE000EGGFVG6,SCR,STRATHCONARESOURCES LTD,8.1382e-06,11960.96
2026-05-28,IE000EGGFVG6,SLF,SUN LIFE FINANCIAL INC,0.0003599954,529098.06
2026-05-28,IE000EGGFVG6,SPB,SUPERIOR PLUS CORP,4.63733e-05,68156.46
2026-05-28,IE000EGGFVG6,SGY,SURGE ENERGY INC,5.1095e-05,75096.12
2026-05-28,IE000EGGFVG6,SYZ,SYLOGIST LTD,4.839e-07,711.27
2026-05-28,IE000EGGFVG6,TFII,TFI INTERNATIONAL INC,8.33373e-05,122483.81
2026-05-28,IE000EGGFVG6,X,TMX GROUPLTD,7.21612e-05,106057.92
2026-05-28,IE000EGGFVG6,TVE,TAMARACK VALLEY ENERGY LTD,0.000116327,170969.93
2026-05-28,IE000EGGFVG6,TKO,TASEKO MINES LTD,1.52245e-05,22376.0
2026-05-28,IE000EGGFVG6,TWM,TIDEWATERMIDSTREAM AND INFR,3.1901e-06,4688.53
2026-05-28,IE000EGGFVG6,TF,TIMBERCREEK FINANCIAL CORP,3.6796e-06,5408.01
2026-05-28,IE000EGGFVG6,TPZ,TOPAZ ENERGY CORP,3.78017e-05,55558.53
2026-05-28,IE000EGGFVG6,TXG,TOREX GOLDRESOURCES INC,0.0001281659,188369.91
2026-05-28,IE000EGGFVG6,TIH,TOROMONT INDUSTRIES LTD,0.0001497823,220140.42
2026-05-28,IE000EGGFVG6,TD,TORONTO DOMINION BANK,0.0005120361,752557.58
2026-05-28,IE000EGGFVG6,TOT,TOTAL ENERGY SERVICES INC,2.3701e-05,34834.16
2026-05-28,IE000EGGFVG6,TOU,TOURMALINEOIL CORP,0.0004699535,690707.37
2026-05-28,IE000EGGFVG6,TA,TRANSALTACORP,9.5332e-06,14011.22
2026-05-28,IE000EGGFVG6,TCL/A,TRANSCONTINENTAL INC CL A,7.0166e-06,10312.53
2026-05-28,IE000EGGFVG6,TCW,TRICAN WELL SERVICE LTD,2.39726e-05,35233.37
2026-05-28,IE000EGGFVG6,TSU,TRISURA GROUP LTD,3.2618e-05,47939.87
2026-05-28,IE000EGGFVG6,VLE,VALEURA ENERGY INC,3.96607e-05,58290.7
2026-05-28,IE000EGGFVG6,VCM,VECIMA NETWORKS INC,1.2882e-06,1893.35
2026-05-28,IE000EGGFVG6,VLN,VELAN INC,7.165e-07,1053.1
2026-05-28,IE000EGGFVG6,VET,VERMILIONENERGY INC,7.46022e-05,109645.48
2026-05-28,IE000EGGFVG6,VHI,VITALHUB CORP,1.3425e-06,1973.19
2026-05-28,IE000EGGFVG6,VITL-U,VITAL INFRASTRUCTURE PROPERT,8.3862e-06,12325.44
2026-05-28,IE000EGGFVG6,VZLA,VIZSLA SILVER CORP,1.92411e-05,28279.36
2026-05-28,IE000EGGFVG6,WSP,WSP GLOBALINC,8.87432e-05,130429.04
2026-05-28,IE000EGGFVG6,WJX,WAJAX CORP,1.24332e-05,18273.46
2026-05-28,IE000EGGFVG6,WEF,WESTERN FOREST PRODUCTS INC,1.5017e-06,2207.11
2026-05-28,IE000EGGFVG6,WCN,WASTE CONNECTIONS INC,8.20324e-05,120565.95
2026-05-28,IE000EGGFVG6,WELL,WELL HEALTH TECHNOLOGIES COR,2.25738e-05,33177.55
2026-05-28,IE000EGGFVG6,WDO,WESDOME GOLD MINES LTD,0.000179258,263461.9
2026-05-28,IE000EGGFVG6,WN,WESTON (GEORGE) LTD,0.0001245945,183120.97
2026-05-28,IE000EGGFVG6,WTE,WESTSHORETERMINALS INVESTME,3.07495e-05,45193.62
2026-05-28,IE000EGGFVG6,WCP,WHITECAP RESOURCES INC,0.0003902199,573520.05
2026-05-28,IE000EGGFVG6,WPK,WINPAK LTD,2.17359e-05,31946.01
2026-05-28,IE000EGGFVG6,YGR,YANGARRA RESOURCES LTD,7.8e-07,1146.37
2026-05-28,IE000EGGFVG6,Y,YELLOW PAGES LTD/CANADA,1.1529e-06,1694.4
2026-05-28,IE000EGGFVG6,EDV,ENDEAVOURMINING PLC,0.0002319145,340852.96
2026-05-28,IE000EGGFVG6,FAR,FORACO INTERNATIONAL SA,1.9982e-06,2936.78
2026-05-28,IE000EGGFVG6,XAU,GOLDMONEYINC,7.667e-07,1126.83
2026-05-28,IE000EGGFVG6,EN,BOUYGUES SA,0.0002776315,408044.91
2026-05-28,IE000EGGFVG6,ELEC,ELECTRICITE DE STRASBOURG RG,1.3258e-06,1948.63
2026-05-28,IE000EGGFVG6,AIR,AIRBUS SE,0.0004944382,726693.28
2026-05-28,IE000EGGFVG6,ALBBV,ALANDSBANKEN B,2.7297e-06,4011.87
2026-05-28,IE000EGGFVG6,CED,CALTAGIRONE EDITORE,7.292e-07,1071.66
2026-05-28,IE000EGGFVG6,ERA,ERAMET,5.1275e-06,7536.05
2026-05-28,IE000EGGFVG6,POS,PORR AG,2.55233e-05,37512.54
2026-05-28,IE000EGGFVG6,ACOMO,ACOMO NV,7.271e-06,10686.47
2026-05-28,IE000EGGFVG6,VIE,VEOLIA ENVIRONNEMENT,0.0001612358,236973.98
2026-05-28,IE000EGGFVG6,ADS,ADIDAS AG,0.0003009598,442331.22
2026-05-28,IE000EGGFVG6,G,GENERALI,6.3638e-05,93531.03
2026-05-28,IE000EGGFVG6,OR,L OREAL,0.0005218268,766947.35
2026-05-28,IE000EGGFVG6,GLB,GLANBIA PLC,0.0001036019,152267.39
2026-05-28,IE000EGGFVG6,MC,LVMH MOETHENNESSY LOUIS VUI,0.0012227228,1797079.04
2026-05-28,IE000EGGFVG6,IVU,IVU TRAFFIC TECHNOLOGIES AG,2.3242e-06,3415.98
2026-05-28,IE000EGGFVG6,NBA,NOVABASE SGPS SA,4.393e-07,645.6
2026-05-28,IE000EGGFVG6,ISP,INTESA SANPAOLO,0.0008218065,1207838.14
2026-05-28,IE000EGGFVG6,IDIP,IDI,1.1816e-06,1736.64
2026-05-28,IE000EGGFVG6,TXT,TXT E SOLUTIONS SPA,2.0284e-06,2981.24
2026-05-28,IE000EGGFVG6,MN,ARNOLDO MONDADORI EDITORE,2.7346e-06,4019.19
2026-05-28,IE000EGGFVG6,CAI,CAIRO COMMUNICATIONS SPA,1.5264e-06,2243.45
2026-05-28,IE000EGGFVG6,EDP,EDP SA,0.0003731356,548410.59
2026-05-28,IE000EGGFVG6,BDB,BANCO DESIO E DELLA BRIANZA,3.2775e-06,4817.02
2026-05-28,IE000EGGFVG6,BPE,BANCA POPOL EMILIA ROMAGNA,0.0003860001,567317.97
2026-05-28,IE000EGGFVG6,HO,THALES SA,0.0001895008,278516.06
2026-05-28,IE000EGGFVG6,CAP,CAPGEMINISE,0.0003471165,510169.44
2026-05-28,IE000EGGFVG6,CIR,CIR SPA COMPAGNIE INDUSTRIAL,4.0962e-06,6020.36
2026-05-28,IE000EGGFVG6,LOTB,LOTUS BAKERIES,0.0001141502,167770.66
2026-05-28,IE000EGGFVG6,DAN,DANIELI +CO,2.46654e-05,36251.64
2026-05-28,IE000EGGFVG6,DANR,DANIELI +CO RSP,3.72593e-05,54761.33
2026-05-28,IE000EGGFVG6,DRW8,DRAEGERWERK AG,2.0998e-06,3086.12
2026-05-28,IE000EGGFVG6,EVN,EVN AG,1.04105e-05,15300.74
2026-05-28,IE000EGGFVG6,CFEB,CFE,8.711e-07,1280.24
2026-05-28,IE000EGGFVG6,FBD,FBD HOLDINGS PLC,3.5567e-06,5227.4
2026-05-28,IE000EGGFVG6,FRE,FRESENIUSSE + CO KGAA,0.0001358902,199722.57
2026-05-28,IE000EGGFVG6,UTDI,UNITED INTERNET AG REG SHARE,7.24111e-05,106425.18
2026-05-28,IE000EGGFVG6,SAVE,SAVENCIA SA,2.1381e-06,3142.5
2026-05-28,IE000EGGFVG6,RECT,RECTICEL,1.31557e-05,19335.44
2026-05-28,IE000EGGFVG6,PUB,PUBLICIS GROUPE,0.000447699,657999.03
2026-05-28,IE000EGGFVG6,GBT,GUERBET,6.81e-07,1000.94
2026-05-28,IE000EGGFVG6,FRVIA,FORVIA,0.0001124435,165262.25
2026-05-28,IE000EGGFVG6,HAL,HAL TRUST,7.53049e-05,110678.32
2026-05-28,IE000EGGFVG6,FIE,FIELMANN GROUP AG,2.75116e-05,40434.84
2026-05-28,IE000EGGFVG6,UQA,UNIQA INSURANCE GROUP AG,3.11941e-05,45847.09
2026-05-28,IE000EGGFVG6,ITP,INTERPARFUMS SA,8.1258e-06,11942.79
2026-05-28,IE000EGGFVG6,HUH1V,HUHTAMAKIOYJ,3.49456e-05,51360.84
2026-05-28,IE000EGGFVG6,DBG,DERICHEBOURG,1.05109e-05,15448.3
2026-05-28,IE000EGGFVG6,TRI,TRIGANO SA,4.00946e-05,58928.45
2026-05-28,IE000EGGFVG6,IMMO,IMMOBEL,1.0613e-06,1559.83
2026-05-28,IE000EGGFVG6,IDR,INDRA SISTEMAS SA,9.84358e-05,144674.59
2026-05-28,IE000EGGFVG6,KESKOB,KESKO OYJB SHS,0.0001676673,246426.54
2026-05-28,IE000EGGFVG6,KSP,KINGSPAN GROUP PLC,0.0003201749,470572.35
2026-05-28,IE000EGGFVG6,KWS,KWS SAAT SE + CO KGAA,3.6963e-05,54325.83
2026-05-28,IE000EGGFVG6,KBC,KBC GROUPNV,0.0003569987,524693.64
2026-05-28,IE000EGGFVG6,HNR1,HANNOVER RUECK SE,0.0002277578,334743.69
2026-05-28,IE000EGGFVG6,LNZ,LENZING AG,7.5256e-06,11060.7
2026-05-28,IE000EGGFVG6,KEMIRA,KEMIRA OYJ,7.18191e-05,105555.11
2026-05-28,IE000EGGFVG6,KYGA,KERRY GROUP PLC A,0.0002529154,371718.75
2026-05-28,IE000EGGFVG6,WRT1V,WARTSILA OYJ ABP,0.0002339195,343799.78
2026-05-28,IE000EGGFVG6,ICAD,ICADE,3.326e-06,4888.32
2026-05-28,IE000EGGFVG6,G1A,GEA GROUPAG,0.0001783386,262110.55
2026-05-28,IE000EGGFVG6,DEZ,DEUTZ AG,2.87805e-05,42299.66
2026-05-28,IE000EGGFVG6,MMK,MAYR MELNHOF KARTON AG,8.176e-06,12016.5
2026-05-28,IE000EGGFVG6,AKW,AKWEL,4.85e-07,712.83
2026-05-28,IE000EGGFVG6,BOL,BOLLORE SE,4.6637e-05,68544.01
2026-05-28,IE000EGGFVG6,MCM,MIQUEL Y COSTAS,1.5582e-06,2290.19
2026-05-28,IE000EGGFVG6,CON,CONTINENTAL AG,0.0001451301,213302.8
2026-05-28,IE000EGGFVG6,DHL,DHL GROUP,0.0007752273,1139379.02
2026-05-28,IE000EGGFVG6,OLVAS,OLVI OYJ ASHARES,1.42667e-05,20968.3
2026-05-28,IE000EGGFVG6,BVB,BORUSSIA DORTMUND GMBH + CO,3.964e-06,5825.99
2026-05-28,IE000EGGFVG6,TKA,TELEKOM AUSTRIA AG,2.48184e-05,36476.49
2026-05-28,IE000EGGFVG6,FNM,FNM SPA,1.1577e-06,1701.52
2026-05-28,IE000EGGFVG6,DECB,DECEUNINCKNV,2.8965e-06,4257.16
2026-05-28,IE000EGGFVG6,OMV,OMV AG,0.0002023865,297454.55
2026-05-28,IE000EGGFVG6,COR,CORTICEIRAAMORIM SA,2.7781e-06,4083.1
2026-05-28,IE000EGGFVG6,VER,VERBUND AG,3.59245e-05,52799.54
2026-05-28,IE000EGGFVG6,OUT1V,OUTOKUMPUOYJ,2.41137e-05,35440.79
2026-05-28,IE000EGGFVG6,KTN,KONTRON AG,2.68989e-05,39534.24
2026-05-28,IE000EGGFVG6,RI,PERNOD RICARD SA,0.0001733222,254737.8
2026-05-28,IE000EGGFVG6,RNO,RENAULT SA,8.36834e-05,122992.44
2026-05-28,IE000EGGFVG6,RAUTE,RAUTE OYJA SHS,7.464e-07,1097.02
2026-05-28,IE000EGGFVG6,RCO,REMY COINTREAU,3.305e-05,48574.75
2026-05-28,IE000EGGFVG6,MRK,MERCK KGAA,0.0001574626,231428.4
2026-05-28,IE000EGGFVG6,LEI,LEIFHEIT AG,1.1e-07,161.67
2026-05-28,IE000EGGFVG6,DEQ,DEUTSCHE EUROSHOP AG,1.9075e-06,2803.55
2026-05-28,IE000EGGFVG6,RWE,RWE AG,0.0004541131,667426.05
2026-05-28,IE000EGGFVG6,IRE,IREN SPA,2.63458e-05,38721.4
2026-05-28,IE000EGGFVG6,SK,SEB SA,1.30087e-05,19119.38
2026-05-28,IE000EGGFVG6,SIP,SIPEF NV,2.23409e-05,32835.25
2026-05-28,IE000EGGFVG6,SGL,SGL CARBONSE,3.22e-06,4732.51
2026-05-28,IE000EGGFVG6,SGF,SOGEFI,1.5693e-06,2306.45
2026-05-28,IE000EGGFVG6,SOLB,SOLVAY SA,3.46781e-05,50967.57
2026-05-28,IE000EGGFVG6,ALTA,ALTAREA,2.9154e-06,4284.88
2026-05-28,IE000EGGFVG6,SU,SCHNEIDERELECTRIC SE,0.000611658,898975.37
2026-05-28,IE000EGGFVG6,VIV,VIVENDI SE,4.41584e-05,64901.1
2026-05-28,IE000EGGFVG6,SAP,SAP SE,0.000146933,215952.65
2026-05-28,IE000EGGFVG6,APETIT,APETIT OYJ,8.222e-07,1208.43
2026-05-28,IE000EGGFVG6,WHATS,WHAT S COOKING,1.8259e-06,2683.59
2026-05-28,IE000EGGFVG6,TESB,TESSENDERLO GROUP,5.8067e-06,8534.36
2026-05-28,IE000EGGFVG6,RBT,ROBERTET SA,7.9217e-06,11642.85
2026-05-28,IE000EGGFVG6,EIFF,STE DE LATOUR EIFFEL,1.4929e-06,2194.2
2026-05-28,IE000EGGFVG6,TUB,TUBACEX SA,4.1426e-06,6088.52
2026-05-28,IE000EGGFVG6,VIK1V,VIKING LINE ABP,6.173e-07,907.34
2026-05-28,IE000EGGFVG6,EOAN,E.ON SE,0.0006428005,944746.73
2026-05-28,IE000EGGFVG6,VOE,VOESTALPINE AG,0.0001288018,189304.56
2026-05-28,IE000EGGFVG6,INH,INDUS HOLDING AG,8.1456e-06,11971.89
2026-05-28,IE000EGGFVG6,WHA,WERELDHAVENV,4.1933e-06,6162.99
2026-05-28,IE000EGGFVG6,HEN,HENKEL AG+ CO KGAA,7.39964e-05,108755.08
2026-05-28,IE000EGGFVG6,UPM,UPM KYMMENE OYJ,0.000373908,549545.8
2026-05-28,IE000EGGFVG6,PUM,PUMA SE,8.0834e-05,118804.55
2026-05-28,IE000EGGFVG6,BAYN,BAYER AG REG,0.0009398482,1381328.15
2026-05-28,IE000EGGFVG6,METSB,METSA BOARD OYJ B,4.8855e-06,7180.36
2026-05-28,IE000EGGFVG6,STERV,STORA ENSOOYJ R SHS,0.0001171848,172230.63
2026-05-28,IE000EGGFVG6,HEIJM,KONINKLIJKE HEIJMANS NV CVA,5.16705e-05,75941.96
2026-05-28,IE000EGGFVG6,HEN3,HENKEL AG+ CO KGAA VOR PREF,0.0001514049,222525.11
2026-05-28,IE000EGGFVG6,VOS,VOSSLOH AG,1.88105e-05,27646.52
2026-05-28,IE000EGGFVG6,BEI,BEIERSDORFAG,6.16117e-05,90552.92
2026-05-28,IE000EGGFVG6,HOT,HOCHTIEF AG,8.96163e-05,131712.31
2026-05-28,IE000EGGFVG6,GBF,BILFINGERSE,2.53747e-05,37294.03
2026-05-28,IE000EGGFVG6,DUE,DUERR AG,7.4244e-06,10911.85
2026-05-28,IE000EGGFVG6,HEI,HEIDELBERGMATERIALS AG,0.0005234186,769286.87
2026-05-28,IE000EGGFVG6,FME,FRESENIUSMEDICAL CARE AG,0.0002955069,434316.95
2026-05-28,IE000EGGFVG6,BDT,BERTRANDTAG,4.707e-07,691.86
2026-05-28,IE000EGGFVG6,ZIL2,ELRINGKLINGER AG,1.9952e-06,2932.35
2026-05-28,IE000EGGFVG6,IP,INTERPUMPGROUP SPA,5.29849e-05,77873.75
2026-05-28,IE000EGGFVG6,ASM,ASM INTERNATIONAL NV,0.0005171947,760139.44
2026-05-28,IE000EGGFVG6,DRW3,DRAEGERWERK AG   PREF,2.942e-07,432.36
2026-05-28,IE000EGGFVG6,ORA,ORANGE,0.0009194485,1351346.0
2026-05-28,IE000EGGFVG6,NEDAP,NEDAP N.V.,4.9911e-06,7335.6
2026-05-28,IE000EGGFVG6,RAND,RANDSTAD NV,5.07441e-05,74580.39
2026-05-28,IE000EGGFVG6,ALV,ALLIANZ SEREG,0.0009949286,1462281.77
2026-05-28,IE000EGGFVG6,GIMB,GIMV NV,1.34809e-05,19813.34
2026-05-28,IE000EGGFVG6,ICP1V,INCAP OYJ,2.2872e-06,3361.53
2026-05-28,IE000EGGFVG6,RMS,HERMES INTERNATIONAL,0.0003327966,489122.98
2026-05-28,IE000EGGFVG6,SIX2,SIXT SE,5.49077e-05,80699.74
2026-05-28,IE000EGGFVG6,JEN,JENSEN GROUP NV,2.6694e-06,3923.35
2026-05-28,IE000EGGFVG6,ATRAV,ATRIA OYJ,2.1493e-06,3158.87
2026-05-28,IE000EGGFVG6,EXE,EXEL INDUSTRIES SA A SHS,4.065e-07,597.52
2026-05-28,IE000EGGFVG6,SIX3,SIXT SEPRFD,3.956e-07,581.44
2026-05-28,IE000EGGFVG6,ELE,ENDESA SA,0.0001286608,189097.35
2026-05-28,IE000EGGFVG6,JCQ,JACQUET METALS SA,2.4014e-06,3529.43
2026-05-28,IE000EGGFVG6,EBS,ERSTE GROUP BANK AG,0.0001344165,197556.7
2026-05-28,IE000EGGFVG6,MUV2,MUENCHENERRUECKVER AG REG,0.0006914379,1016230.8
2026-05-28,IE000EGGFVG6,BB,SOCIETE BIC SA,1.88643e-05,27725.49
2026-05-28,IE000EGGFVG6,VAN,VAN DE VELDE NV,1.5608e-06,2293.98
2026-05-28,IE000EGGFVG6,RHM,RHEINMETALL AG,0.0003754785,551854.11
2026-05-28,IE000EGGFVG6,ERG,ERG SPA,5.29967e-05,77891.06
2026-05-28,IE000EGGFVG6,WSU,WASHTEC AG,4.2896e-06,6304.56
2026-05-28,IE000EGGFVG6,SCHP,SECHE ENVIRONNEMENT,3.7402e-06,5497.16
2026-05-28,IE000EGGFVG6,HDD,HEIDELBERGER DRUCKMASCHINEN,5.5339e-06,8133.42
2026-05-28,IE000EGGFVG6,IBG,IBERPAPELGESTION SA,1.6255e-06,2389.02
2026-05-28,IE000EGGFVG6,ALNT,ALANTRA PARTNERS SA,2.0491e-06,3011.58
2026-05-28,IE000EGGFVG6,OHLA,OBRASCON HUARTE LAIN S.A.,5.5478e-06,8153.85
2026-05-28,IE000EGGFVG6,TTR1,TECHNOTRANS SE,2.4853e-06,3652.66
2026-05-28,IE000EGGFVG6,SAB,SABAF SPA,1.0775e-06,1583.59
2026-05-28,IE000EGGFVG6,RET,RETAIL ESTATES,4.6139e-06,6781.18
2026-05-28,IE000EGGFVG6,RAIVV,RAISIO OYJV SHS,2.3275e-06,3420.78
2026-05-28,IE000EGGFVG6,HAW,HAWESKO HOLDING SE,2.853e-07,419.31
2026-05-28,IE000EGGFVG6,AJAX,AFC AJAX,4.926e-07,724.01
2026-05-28,IE000EGGFVG6,LINDEX,LINDEX GROUP OYJ,3.3801e-06,4967.8
2026-05-28,IE000EGGFVG6,SZG,SALZGITTERAG,3.09871e-05,45542.91
2026-05-28,IE000EGGFVG6,VID,VIDRALA SA,4.02915e-05,59217.78
2026-05-28,IE000EGGFVG6,EBRO,EBRO FOODSSA,2.25206e-05,33099.34
2026-05-28,IE000EGGFVG6,AIXA,AIXTRON SE,0.0002470096,363038.74
2026-05-28,IE000EGGFVG6,BKT,BANKINTERSA,0.0001996823,293480.18
2026-05-28,IE000EGGFVG6,TIETO,TIETO OYJ,6.09214e-05,89538.28
2026-05-28,IE000EGGFVG6,EM,EMAK SPA,3.103e-07,456.03
2026-05-28,IE000EGGFVG6,MRN,MERSEN,2.9497e-05,43352.8
2026-05-28,IE000EGGFVG6,PNL,POSTNL NV,4.8553e-06,7136.01
2026-05-28,IE000EGGFVG6,BON,BONDUELLESCA,1.4174e-06,2083.27
2026-05-28,IE000EGGFVG6,WEHB,WERELDHAVEBELGIUM NV,8.041e-07,1181.76
2026-05-28,IE000EGGFVG6,NDA,AURUBIS AG,0.0001282781,188534.9
2026-05-28,IE000EGGFVG6,SOL,SOL SPA,3.21046e-05,47185.32
2026-05-28,IE000EGGFVG6,DOC,DO + CO AG,2.81237e-05,41334.43
2026-05-28,IE000EGGFVG6,VOW,VOLKSWAGENAG,3.81941e-05,56135.15
2026-05-28,IE000EGGFVG6,VOW3,VOLKSWAGENAG PREF,0.0004976258,731378.3
2026-05-28,IE000EGGFVG6,A2A,A2A SPA,0.0001791045,263236.23
2026-05-28,IE000EGGFVG6,BBVA,BANCO BILBAO VIZCAYA ARGENTA,0.0014255415,2095168.77
2026-05-28,IE000EGGFVG6,SCYR,SACYR SA,2.7565e-05,40513.26
2026-05-28,IE000EGGFVG6,KER,KERING,0.0001573104,231204.65
2026-05-28,IE000EGGFVG6,KRN,KRONES AG,3.8312e-05,56308.46
2026-05-28,IE000EGGFVG6,MBG,MERCEDES BENZ GROUP AG,0.0002436569,358111.18
2026-05-28,IE000EGGFVG6,HKFOODS,HKFOODS OYJ,1.2842e-06,1887.42
2026-05-28,IE000EGGFVG6,OBEL,ORANGE BELGIUM,3.101e-06,4557.67
2026-05-28,IE000EGGFVG6,SKB,KOENIG + BAUER AG,9.51e-07,1397.65
2026-05-28,IE000EGGFVG6,A1OS,ALL FOR ONE GROUP SE,1.2292e-06,1806.53
2026-05-28,IE000EGGFVG6,FSKRS,FISKARS OYJ ABP,3.9606e-06,5821.05
2026-05-28,IE000EGGFVG6,ANA,ACCIONA SA,0.000121639,178777.08
2026-05-28,IE000EGGFVG6,FORTUM,FORTUM OYJ,0.0001310033,192540.14
2026-05-28,IE000EGGFVG6,BIJ,BIJOU BRIGITTE MODI ACCESS,3.4183e-06,5024.03
2026-05-28,IE000EGGFVG6,UCB,UCB SA,0.0005399376,793565.45
2026-05-28,IE000EGGFVG6,INF,INFOTEL,2.4592e-06,3614.34
2026-05-28,IE000EGGFVG6,ATE,ALTEN SA,3.41168e-05,50142.68
2026-05-28,IE000EGGFVG6,QDT,QUADIENT SA,3.2096e-06,4717.24
2026-05-28,IE000EGGFVG6,AAD,AMADEUS FIRE AG,2.4515e-06,3603.1
2026-05-28,IE000EGGFVG6,SOP,SOPRA STERIA GROUP,5.50379e-05,80891.22
2026-05-28,IE000EGGFVG6,NEM,NEMETSCHEKSE,6.38684e-05,93869.63
2026-05-28,IE000EGGFVG6,TKA,THYSSENKRUPP AG,0.0003342252,491222.63
2026-05-28,IE000EGGFVG6,VIS,VISCOFAN SA,3.3665e-05,49478.6
2026-05-28,IE000EGGFVG6,CA,CARREFOURSA,0.0002890279,424794.57
2026-05-28,IE000EGGFVG6,MEKKO,MARIMEKKOOYJ,3.1363e-06,4609.52
2026-05-28,IE000EGGFVG6,NTGY,NATURGY ENERGY GROUP SA,9.71652e-05,142807.12
2026-05-28,IE000EGGFVG6,TLT1V,TELESTE OYJ,5.21e-07,765.71
2026-05-28,IE000EGGFVG6,REP,REPSOL SA,0.0004538584,667051.7
2026-05-28,IE000EGGFVG6,WKL,WOLTERS KLUWER,8.85579e-05,130156.67
2026-05-28,IE000EGGFVG6,SAN,SANOFI,0.000605932,890559.67
2026-05-28,IE000EGGFVG6,CAI,CA IMMOBILIEN ANLAGEN AG,6.1297e-06,9009.11
2026-05-28,IE000EGGFVG6,AGFB,AGFA GEVAERT NV,6.198e-07,911.0
2026-05-28,IE000EGGFVG6,EUZ,ECKERT + ZIEGLER SE,2.19792e-05,32303.65
2026-05-28,IE000EGGFVG6,ELG,ELMOS SEMICONDUCTOR SE,3.90295e-05,57363.03
2026-05-28,IE000EGGFVG6,KESKOA,KESKO OYJA SHS,3.7229e-05,54716.83
2026-05-28,IE000EGGFVG6,TPE,PVA TEPLAAG,7.1048e-06,10442.13
2026-05-28,IE000EGGFVG6,WIE,WIENERBERGER AG,4.90055e-05,72025.19
2026-05-28,IE000EGGFVG6,PAL,PALFINGERAG,6.6403e-06,9759.44
2026-05-28,IE000EGGFVG6,VAC,PIERRE + VACANCES,1.7555e-06,2580.15
2026-05-28,IE000EGGFVG6,LPE,LAURENT PERRIER,2.1353e-06,3138.3
2026-05-28,IE000EGGFVG6,ELISA,ELISA OYJ,9.25032e-05,135955.17
2026-05-28,IE000EGGFVG6,IBAB,ION BEAM APPLICATIONS,3.1027e-06,4560.11
2026-05-28,IE000EGGFVG6,SAN,BANCO SANTANDER SA,0.0010682072,1569981.91
2026-05-28,IE000EGGFVG6,GFT,GFT TECHNOLOGIES SE,5.7836e-06,8500.35
2026-05-28,IE000EGGFVG6,NEXTA,NEXTENSA,5.928e-07,871.23
2026-05-28,IE000EGGFVG6,ACKB,ACKERMANS+ VAN HAAREN,0.0001486968,218544.92
2026-05-28,IE000EGGFVG6,VLK,VAN LANSCHOT KEMPEN NV CVA,3.76449e-05,55327.98
2026-05-28,IE000EGGFVG6,MLP,MLP SE,7.3024e-06,10732.6
2026-05-28,IE000EGGFVG6,MTU,MANITOU BF,2.6922e-06,3956.77
2026-05-28,IE000EGGFVG6,SIE,SIEMENS AGREG,0.0004002053,588195.89
2026-05-28,IE000EGGFVG6,ACE,ACEA SPA,3.96816e-05,58321.38
2026-05-28,IE000EGGFVG6,AZK,AZKOYEN SA,1.2888e-06,1894.23
2026-05-28,IE000EGGFVG6,TEF,TELEFONICASA,0.0003360105,493846.51
2026-05-28,IE000EGGFVG6,TEG,TAG IMMOBILIEN AG,6.61523e-05,97226.32
2026-05-28,IE000EGGFVG6,MEL,MELIA HOTELS INTERNATIONAL,2.25929e-05,33205.59
2026-05-28,IE000EGGFVG6,STO3,STO SE + CO. KGAA PREF SHRS,2.7645e-06,4063.12
2026-05-28,IE000EGGFVG6,CWC,CEWE STIFTUNG + CO KGAA,1.98877e-05,29229.65
2026-05-28,IE000EGGFVG6,PWO,PWO AG,4.533e-07,666.24
2026-05-28,IE000EGGFVG6,AMP,AMPER SA,2.8363e-06,4168.65
2026-05-28,IE000EGGFVG6,DBK,DEUTSCHE BANK AG REGISTERED,0.0001717712,252458.26
2026-05-28,IE000EGGFVG6,BMW,BAYERISCHEMOTOREN WERKE AG,0.000155028,227850.16
2026-05-28,IE000EGGFVG6,BMW3,BAYERISCHEMOTOREN WERKE PRF,2.81038e-05,41305.08
2026-05-28,IE000EGGFVG6,SEM,SEMPERIT AG HOLDING,1.136e-06,1669.67
2026-05-28,IE000EGGFVG6,VCT,VICAT,1.97961e-05,29095.0
2026-05-28,IE000EGGFVG6,ARCAD,ARCADIS NV,2.23912e-05,32909.21
2026-05-28,IE000EGGFVG6,TTK,TAKKT AG,5.89e-07,865.74
2026-05-28,IE000EGGFVG6,WUW,WUESTENROT+ WUERTTEMBERG,3.9904e-06,5864.8
2026-05-28,IE000EGGFVG6,COK,CANCOM SE,2.35816e-05,34658.78
2026-05-28,IE000EGGFVG6,DIGIA,DIGIA OYJ,9.102e-07,1337.79
2026-05-28,IE000EGGFVG6,FAA,FABASOFT AG,7.86e-07,1155.26
2026-05-28,IE000EGGFVG6,BZU,BUZZI SPA,0.0001043743,153402.65
2026-05-28,IE000EGGFVG6,SZU,SUEDZUCKERAG,7.345e-06,10795.14
2026-05-28,IE000EGGFVG6,ASPO,ASPO OYJ,1.6018e-06,2354.24
2026-05-28,IE000EGGFVG6,BITTI,BITTIUM OYJ,3.2709e-06,4807.33
2026-05-28,IE000EGGFVG6,YSN,SECUNET SECURITY NETWORKS AG,3.0943e-06,4547.77
2026-05-28,IE000EGGFVG6,VPK,VOPAK,6.50667e-05,95630.79
2026-05-28,IE000EGGFVG6,EVT,EVOTEC SE,7.9859e-06,11737.1
2026-05-28,IE000EGGFVG6,BAN,BASICNET SPA,1.6225e-06,2384.71
2026-05-28,IE000EGGFVG6,PHR,PHAROL SGPS SA,6.2e-07,911.17
2026-05-28,IE000EGGFVG6,BEKB,BEKAERT NV,2.59334e-05,38115.18
2026-05-28,IE000EGGFVG6,DTE,DEUTSCHE TELEKOM AG REG,0.0020365901,2993248.6
2026-05-28,IE000EGGFVG6,SRT3,SARTORIUSAG VORZUG,3.70885e-05,54510.32
2026-05-28,IE000EGGFVG6,VASTB,VASTNED NV,1.271e-06,1868.03
2026-05-28,IE000EGGFVG6,AC,ACCOR SA,9.80856e-05,144159.81
2026-05-28,IE000EGGFVG6,EVD,CTS EVENTIM AG + CO KGAA,6.55015e-05,96269.89
2026-05-28,IE000EGGFVG6,IFX,INFINEON TECHNOLOGIES AG,0.0005718852,840519.9
2026-05-28,IE000EGGFVG6,IMS,IMMSI SPA,1.2618e-06,1854.57
2026-05-28,IE000EGGFVG6,NOKIA,NOKIA OYJ,0.0003742438,550039.43
2026-05-28,IE000EGGFVG6,RAA,RATIONAL AG,4.84956e-05,71275.74
2026-05-28,IE000EGGFVG6,AFX,CARL ZEISSMEDITEC AG   BR,2.57713e-05,37876.92
2026-05-28,IE000EGGFVG6,AOF,ATOSS SOFTWARE SE,6.8661e-06,10091.4
2026-05-28,IE000EGGFVG6,VAIAS,VAISALA OYJ  A SHS,2.82475e-05,41516.37
2026-05-28,IE000EGGFVG6,BC8,BECHTLE AG,6.51962e-05,95821.11
2026-05-28,IE000EGGFVG6,KPN,KONINKLIJKE KPN NV,0.0005770403,848096.61
2026-05-28,IE000EGGFVG6,VIL,VIEL ET COMPAGNIE,2.4818e-06,3647.65
2026-05-28,IE000EGGFVG6,SEM,SEMAPA SOCIEDADE DE INVESTIM,4.4316e-06,6513.28
2026-05-28,IE000EGGFVG6,SANOMA,SANOMA OYJ,7.4851e-06,11001.18
2026-05-28,IE000EGGFVG6,GLE,SOCIETE GENERALE SA,0.0003169742,465868.2
2026-05-28,IE000EGGFVG6,LIN,LINEDATA SERVICES,9.99e-08,146.76
2026-05-28,IE000EGGFVG6,EKT,ENERGIEKONTOR AG,4.4218e-06,6498.84
2026-05-28,IE000EGGFVG6,SON,SONAE,3.22802e-05,47443.38
2026-05-28,IE000EGGFVG6,PHIA,KONINKLIJKE PHILIPS NV,1.84221e-05,27075.56
2026-05-28,IE000EGGFVG6,MZX,MASTERFLEXSE,8.561e-07,1258.28
2026-05-28,IE000EGGFVG6,ADN1,ADESSO SE,2.129e-06,3129.1
2026-05-28,IE000EGGFVG6,MMT,M6 METROPOLE TELEVISION,3.6846e-06,5415.39
2026-05-28,IE000EGGFVG6,NRG,NRJ GROUP,1.2249e-06,1800.24
2026-05-28,IE000EGGFVG6,TFI,TELEVISIONFRANCAISE (T.F.1),1.27783e-05,18780.77
2026-05-28,IE000EGGFVG6,TEP,TELEPERFORMANCE,5.66502e-05,83260.81
2026-05-28,IE000EGGFVG6,SDG,SYNERGIE SA,1.6587e-06,2437.82
2026-05-28,IE000EGGFVG6,IBS,IBERSOL SGPS SA,2.1715e-06,3191.51
2026-05-28,IE000EGGFVG6,NVG,NAVIGATORCO SA/THE,2.37891e-05,34963.73
2026-05-28,IE000EGGFVG6,DB1,DEUTSCHE BOERSE AG,0.0005497653,808009.52
2026-05-28,IE000EGGFVG6,EGL,MOTA ENGILSGPS SA,4.0384e-06,5935.4
2026-05-28,IE000EGGFVG6,RF,EURAZEO SE,1.96046e-05,28813.6
2026-05-28,IE000EGGFVG6,SUY1V,SUOMINEN OYJ,3.593e-07,528.14
2026-05-28,IE000EGGFVG6,SW,SODEXO SA,0.0001006961,147996.64
2026-05-28,IE000EGGFVG6,CEN,GROUPE CRIT,1.6623e-06,2443.18
2026-05-28,IE000EGGFVG6,CS,AXA SA,0.0003949192,580426.74
2026-05-28,IE000EGGFVG6,PAH3,PORSCHE AUTOMOBIL HLDG PRF,0.0001194594,175573.76
2026-05-28,IE000EGGFVG6,FRA,FRAPORT AGFRANKFURT AIRPORT,8.02364e-05,117926.33
2026-05-28,IE000EGGFVG6,NEX,NEXANS SA,0.0001657125,243553.51
2026-05-28,IE000EGGFVG6,CE,CREDITO EMILIANO SPA,2.81797e-05,41416.75
2026-05-28,IE000EGGFVG6,DEC,JCDECAUX SE,3.40943e-05,50109.66
2026-05-28,IE000EGGFVG6,BSS,BIESSE SPA,8.297e-07,1219.45
2026-05-28,IE000EGGFVG6,ENEL,ENEL SPA,0.0007872099,1156990.28
2026-05-28,IE000EGGFVG6,ENI,ENI SPA,0.0005955837,875350.49
2026-05-28,IE000EGGFVG6,GLO,GL EVENTS,5.2146e-06,7664.06
2026-05-28,IE000EGGFVG6,IXX,INIT INNOVATION IN TRAFFIC S,2.2491e-06,3305.56
2026-05-28,IE000EGGFVG6,DLG,DE LONGHISPA,3.47185e-05,51026.97
2026-05-28,IE000EGGFVG6,REG1V,REVENIO GROUP OYJ,2.0983e-06,3083.89
2026-05-28,IE000EGGFVG6,EL,ESSILORLUXOTTICA,0.000177869,261420.32
2026-05-28,IE000EGGFVG6,IF,BANCA IFISSPA,4.15365e-05,61047.62
2026-05-28,IE000EGGFVG6,SRG,SNAM SPA,0.0001266668,186166.73
2026-05-28,IE000EGGFVG6,ACA,CREDIT AGRICOLE SA,0.0001085658,159562.95
2026-05-28,IE000EGGFVG6,GE,GEFRAN SPA,5.577e-07,819.63
2026-05-28,IE000EGGFVG6,BEN,BENETEAU,2.7793e-06,4084.78
2026-05-28,IE000EGGFVG6,BNP,BNP PARIBAS,0.0006913383,1016084.41
2026-05-28,IE000EGGFVG6,MELE,MELEXIS NV,1.65796e-05,24367.57
2026-05-28,IE000EGGFVG6,SGO,COMPAGNIEDE SAINT GOBAIN,0.0007594841,1116240.7
2026-05-28,IE000EGGFVG6,ENG,ENAGAS SA,7.44435e-05,109412.24
2026-05-28,IE000EGGFVG6,VIRP,VIRBAC SA,1.48354e-05,21804.13
2026-05-28,IE000EGGFVG6,FM,FIERA MILANO SPA,1.7246e-06,2534.73
2026-05-28,IE000EGGFVG6,SBO,SBO AG,1.74378e-05,25628.94
2026-05-28,IE000EGGFVG6,LI,KLEPIERRE,9.29875e-05,136667.07
2026-05-28,IE000EGGFVG6,ADX,AUDAX RENOVABLES SA,1.7341e-06,2548.74
2026-05-28,IE000EGGFVG6,HER,HERA SPA,0.0001152646,169408.41
2026-05-28,IE000EGGFVG6,TIT,TELECOM ITALIA SPA,0.0002776406,408058.24
2026-05-28,IE000EGGFVG6,GFC,GECINA SA,4.25191e-05,62491.89
2026-05-28,IE000EGGFVG6,COV,COVIVIO,2.72482e-05,40047.62
2026-05-28,IE000EGGFVG6,HEIA,HEINEKEN NV,0.0002305196,338802.82
2026-05-28,IE000EGGFVG6,KALMAR,KALMAR OYJB SHARE,2.88006e-05,42329.27
2026-05-28,IE000EGGFVG6,REY,REPLY SPA,1.85007e-05,27191.1
2026-05-28,IE000EGGFVG6,QTCOM,QT GROUP OYJ,3.6138e-06,5311.26
2026-05-28,IE000EGGFVG6,ATS,AUSTRIA TECHNOLOGIE + SYSTEM,9.233e-05,135700.65
2026-05-28,IE000EGGFVG6,BAS,BASF SE,0.0008437753,1240126.39
2026-05-28,IE000EGGFVG6,COLR,COLRUYT GROUP N.V,3.19202e-05,46914.28
2026-05-28,IE000EGGFVG6,DIE,D IETERENGROUP,7.92392e-05,116460.6
2026-05-28,IE000EGGFVG6,SDF,K S AG REG,0.0001543673,226879.07
2026-05-28,IE000EGGFVG6,UNI,UNIPOL ASSICURAZIONI SPA,0.0001053462,154831.01
2026-05-28,IE000EGGFVG6,BC,BRUNELLO CUCINELLI SPA,7.03277e-05,103363.08
2026-05-28,IE000EGGFVG6,BOSS,HUGO BOSSAG   ORD,8.80618e-05,129427.49
2026-05-28,IE000EGGFVG6,ILM1,MEDIOS AG,1.9811e-06,2911.69
2026-05-28,IE000EGGFVG6,ASML,ASML HOLDING NV,9.92118e-05,145815.11
2026-05-28,IE000EGGFVG6,EVK,EVONIK INDUSTRIES AG,0.0001304888,191784.08
2026-05-28,IE000EGGFVG6,CBK,COMMERZBANK AG,0.0002983503,438496.01
2026-05-28,IE000EGGFVG6,RCS,RCS MEDIAGROUP SPA,9.978e-07,1466.54
2026-05-28,IE000EGGFVG6,DBAN,DEUTSCHE BETEILIGUNGS AG,3.0432e-06,4472.64
2026-05-28,IE000EGGFVG6,AKTIA,AKTIA BANKOYJ,6.3504e-06,9333.38
2026-05-28,IE000EGGFVG6,CRBN,CORBION NV,2.83393e-05,41651.34
2026-05-28,IE000EGGFVG6,MONC,MONCLER SPA,0.0001679158,246791.84
2026-05-28,IE000EGGFVG6,FILA,FILA  SPA,3.0128e-06,4428.08
2026-05-28,IE000EGGFVG6,GTT,GAZTRANSPORT ET TECHNIGA SA,0.0001690328,248433.47
2026-05-28,IE000EGGFVG6,KIN,KINEPOLIS,3.9945e-06,5870.92
2026-05-28,IE000EGGFVG6,IMCD,IMCD NV,6.02849e-05,88602.89
2026-05-28,IE000EGGFVG6,ITX,INDUSTRIADE DISENO TEXTIL,0.0004727794,694860.68
2026-05-28,IE000EGGFVG6,RWAY,RAI WAY SPA,2.04478e-05,30052.8
2026-05-28,IE000EGGFVG6,INW,INFRASTRUTTURE WIRELESS ITAL,2.60646e-05,38308.07
2026-05-28,IE000EGGFVG6,GLJ,GRENKE AG,3.1731e-06,4663.66
2026-05-28,IE000EGGFVG6,ADB,AEROPORTOGUGLIELMO MARCONI,1.6479e-06,2421.94
2026-05-28,IE000EGGFVG6,AVIO,AVIO SPA,4.901e-06,7203.12
2026-05-28,IE000EGGFVG6,SBS,STRATEC SE,1.4429e-06,2120.66
2026-05-28,IE000EGGFVG6,HBH,HORNBACH HOLDING AG + CO KGA,1.93456e-05,28432.96
2026-05-28,IE000EGGFVG6,PST,POSTE ITALIANE SPA,0.0001256705,184702.35
2026-05-28,IE000EGGFVG6,BMED,BANCA MEDIOLANUM SPA,4.90918e-05,72152.01
2026-05-28,IE000EGGFVG6,TOKMAN,TOKMANNI GROUP CORP,4.541e-06,6674.12
2026-05-28,IE000EGGFVG6,ENAV,ENAV SPA,3.19555e-05,46966.09
2026-05-28,IE000EGGFVG6,ABI,ANHEUSER BUSCH INBEV SA/NV,0.0008387348,1232718.22
2026-05-28,IE000EGGFVG6,BFF,BFF BANK SPA,2.05824e-05,30250.71
2026-05-28,IE000EGGFVG6,MT,ARCELORMITTAL,1.95836e-05,28782.64
2026-05-28,IE000EGGFVG6,KAMUX,KAMUX CORP,5.011e-07,736.5
2026-05-28,IE000EGGFVG6,RUI,RUBIS,3.32532e-05,48873.35
2026-05-28,IE000EGGFVG6,AT1,AROUNDTOWNSA,3.22247e-05,47361.84
2026-05-28,IE000EGGFVG6,AEIN,ALLGEIER SE,1.8376e-06,2700.82
2026-05-28,IE000EGGFVG6,UMI,UMICORE,7.97812e-05,117257.29
2026-05-28,IE000EGGFVG6,BFSA,BEFESA SA,3.18476e-05,46807.59
2026-05-28,IE000EGGFVG6,DWS,DWS GROUPGMBH + CO KGAA,5.83368e-05,85739.61
2026-05-28,IE000EGGFVG6,BESI,BE SEMICONDUCTOR INDUSTRIES,0.0001723076,253246.57
2026-05-28,IE000EGGFVG6,CPI,CPI EUROPEAG,3.8395e-06,5642.98
2026-05-28,IE000EGGFVG6,JEN,JENOPTIK AG,0.0001917699,281851.07
2026-05-28,IE000EGGFVG6,MUX,MUTARES SE+ CO KGAA,2.32232e-05,34132.02
2026-05-28,IE000EGGFVG6,INS,INSTONE REAL ESTATE GROUP SE,1.702e-06,2501.42
2026-05-28,IE000EGGFVG6,KBX,KNORR BREMSE AG,0.0001222945,179740.56
2026-05-28,IE000EGGFVG6,GHC,GAROFALO HEALTH CARE SPA,1.5298e-06,2248.46
2026-05-28,IE000EGGFVG6,NEXI,NEXI SPA,4.02736e-05,59191.6
2026-05-28,IE000EGGFVG6,TMV,TEAMVIEWERSE,7.9425e-06,11673.42
2026-05-28,IE000EGGFVG6,TIMA,ZEAL NETWORK SE,4.85e-06,7128.27
2026-05-28,IE000EGGFVG6,CEM,CEMENTIR HOLDING NV,2.02868e-05,29816.24
2026-05-28,IE000EGGFVG6,SL,SANLORENZOSPA/AMEGLIA,4.2931e-06,6309.78
2026-05-28,IE000EGGFVG6,WDP,WAREHOUSESDE PAUW SCA,3.94433e-05,57971.21
2026-05-28,IE000EGGFVG6,GVS,GVS SPA,1.5165e-06,2228.91
2026-05-28,IE000EGGFVG6,ENR,SIEMENS ENERGY AG,0.0010577735,1554647.22
2026-05-28,IE000EGGFVG6,NA9,NAGARRO SE,1.18616e-05,17433.38
2026-05-28,IE000EGGFVG6,HABA,HAMBORNERREIT AG,1.7849e-06,2623.31
2026-05-28,IE000EGGFVG6,SITOWS,SITOWISE GROUP PLC,8.789e-07,1291.74
2026-05-28,IE000EGGFVG6,VH2,FRIEDRICHVORWERK GROUP SE,1.5876e-05,23333.45
2026-05-28,IE000EGGFVG6,ALLFG,ALLFUNDS GROUP PLC,2.68167e-05,39413.42
2026-05-28,IE000EGGFVG6,WIIT,WIIT SPA,3.4931e-06,5133.93
2026-05-28,IE000EGGFVG6,FUR,FUGRO NV,3.04565e-05,44762.97
2026-05-28,IE000EGGFVG6,TISG,ITALIAN SEA GROUP SPA/THE,3.697e-07,543.36
2026-05-28,IE000EGGFVG6,NXFIL,NX FILTRATION NV,4.599e-07,675.96
2026-05-28,IE000EGGFVG6,BIKE,BIKE24 HOLDING AG,7.528e-07,1106.4
2026-05-28,IE000EGGFVG6,DTG,DAIMLER TRUCK HOLDING AG,0.0002922807,429575.34
2026-05-28,IE000EGGFVG6,AGP,ALTEA GREEN POWER SPA,5.085e-07,747.42
2026-05-28,IE000EGGFVG6,TPRO,TECHNOPROBE SPA,2.64597e-05,38888.69
2026-05-28,IE000EGGFVG6,SPM,SAIPEM SPA,0.0001856127,272801.52
2026-05-28,IE000EGGFVG6,HOMI,HOME INVEST BELGIUM,1.0001e-06,1469.82
2026-05-28,IE000EGGFVG6,SRV1V,SRV GROUPOYJ,5.586e-07,821.03
2026-05-28,IE000EGGFVG6,BMPS,BANCA MONTE DEI PASCHI SIENA,0.0001891439,277991.45
2026-05-28,IE000EGGFVG6,REVO,REVO INSURANCE SPA,2.4295e-06,3570.72
2026-05-28,IE000EGGFVG6,PAMPALO,ENDOMINESFINLAND OYJ,7.473e-07,1098.38
2026-05-28,IE000EGGFVG6,FLOW,FLOW TRADERS LTD,2.38194e-05,35008.21
2026-05-28,IE000EGGFVG6,TUI1,TUI AG,0.0001155567,169837.76
2026-05-28,IE000EGGFVG6,FER,FERROVIALNV,0.000153833,226093.79
2026-05-28,IE000EGGFVG6,AGN,AEGON LTD,5.081e-06,7467.71
2026-05-28,IE000EGGFVG6,ETS,EUROTELESITES AG,9.328e-07,1371.04
2026-05-28,IE000EGGFVG6,TEN,TENARIS SA,5.9068e-06,8681.4
2026-05-28,IE000EGGFVG6,1SXP,SCHOTT PHARMA AG+ CO KGAA,5.6711e-06,8335.0
2026-05-28,IE000EGGFVG6,SAMPO,SAMPO OYJA SHS,0.0003730451,548277.57
2026-05-28,IE000EGGFVG6,PLX,PLUXEE NV,1.01565e-05,14927.44
2026-05-28,IE000EGGFVG6,BRE,BREMBO N.V.,4.04725e-05,59483.84
2026-05-28,IE000EGGFVG6,EXENS,EXOSENS SAS,2.94492e-05,43282.59
2026-05-28,IE000EGGFVG6,FCT,FINCANTIERI SPA,2.87249e-05,42218.01
2026-05-28,IE000EGGFVG6,EIN,EINHELL GERMANY AG VORZUG,1.45362e-05,21364.44
2026-05-28,IE000EGGFVG6,DOV,DOVALUE SPA,1.916e-06,2815.97
2026-05-28,IE000EGGFVG6,EBUS,EBUSCO HOLDING NV,2.805e-07,412.29
2026-05-28,IE000EGGFVG6,AENA,AENA SME SA,0.0003945084,579823.02
2026-05-28,IE000EGGFVG6,AMV0,AUMOVIO SE,3.53503e-05,51955.62
2026-05-28,IE000EGGFVG6,HAVAS,HAVAS NV,2.62708e-05,38611.07
2026-05-28,IE000EGGFVG6,EASOR,EASOR OYJ,1.991e-07,292.61
2026-05-28,IE000EGGFVG6,TNOM,TALENOM OYJ,4.101e-07,602.7
2026-05-28,IE000EGGFVG6,,TREVI FININDL ORD,1.4294e-06,2100.87
2026-05-28,IE000EGGFVG6,PROX,PROXIMUS,4.35592e-05,64020.52
2026-05-28,IE000EGGFVG6,ILKKA,ILKKA OYJ,5.264e-07,773.63
2026-05-28,IE000EGGFVG6,SESG,SES,0.000125677,184712.01
2026-05-28,IE000EGGFVG6,NK,IMERYS SA,2.12988e-05,31303.6
2026-05-28,IE000EGGFVG6,AZM,AZIMUT HOLDING SPA,6.52024e-05,95830.27
2026-05-28,IE000EGGFVG6,TRN,TERNA RETEELETTRICA NAZIONA,0.0001399748,205725.99
2026-05-28,IE000EGGFVG6,ACS,ACS ACTIVIDADES CONS Y SERV,0.0002581697,379441.22
2026-05-28,IE000EGGFVG6,ACX,ACERINOX SA,7.96183e-05,117017.77
2026-05-28,IE000EGGFVG6,NXI,NEXITY,1.78173e-05,26186.71
2026-05-28,IE000EGGFVG6,LNA,LNA SANTE,2.6628e-06,3913.56
2026-05-28,IE000EGGFVG6,SAF,SAFRAN SA,0.0009405674,1382385.25
2026-05-28,IE000EGGFVG6,MAU,MAUREL ETPROM,6.416e-06,9429.82
2026-05-28,IE000EGGFVG6,LXS,LANXESS AG,3.14415e-05,46210.73
2026-05-28,IE000EGGFVG6,NDX1,NORDEX SE,0.000352365,517883.27
2026-05-28,IE000EGGFVG6,EQV1V,EQ OYJ,1.275e-06,1873.94
2026-05-28,IE000EGGFVG6,NESTE,NESTE OYJ,0.0001241013,182396.02
2026-05-28,IE000EGGFVG6,REC,RECORDATIINDUSTRIA CHIMICA,0.0002789678,410008.82
2026-05-28,IE000EGGFVG6,TYRES,NOKIAN RENKAAT OYJ,2.9696e-05,43645.29
2026-05-28,IE000EGGFVG6,LKFT,LAKEFRONTBIOTHERAPEUTICS,2.08352e-05,30622.22
2026-05-28,IE000EGGFVG6,A3M,ATRESMEDIACORP DE MEDIOS DE,1.87939e-05,27622.06
2026-05-28,IE000EGGFVG6,ALMA,ALMA MEDIACORP,2.8244e-06,4151.17
2026-05-28,IE000EGGFVG6,SWP,SWORD GROUP,1.7225e-06,2531.59
2026-05-28,IE000EGGFVG6,EVS,EVS BROADCAST EQUIPMENT S.A.,1.6571e-05,24354.93
2026-05-28,IE000EGGFVG6,PRT,ESPRINET SPA,2.161e-06,3176.16
2026-05-28,IE000EGGFVG6,CBOT,CBO TERRITORIA,8.687e-07,1276.75
2026-05-28,IE000EGGFVG6,OPM,OPMOBILITY,2.61869e-05,38487.79
2026-05-28,IE000EGGFVG6,MTX,MTU AERO ENGINES AG,0.0005188989,762644.12
2026-05-28,IE000EGGFVG6,KNEBV,KONE OYJ B,0.0003986907,585969.88
2026-05-28,IE000EGGFVG6,ELI,ELIA GROUPSA/NV,7.39369e-05,108667.72
2026-05-28,IE000EGGFVG6,WBD,WEBUILD SPA,6.8087e-05,100069.94
2026-05-28,IE000EGGFVG6,MARR,MARR SPA,1.2371e-06,1818.18
2026-05-28,IE000EGGFVG6,NOS,NOS SGPS,3.21928e-05,47314.92
2026-05-28,IE000EGGFVG6,VIG,VIENNA INSURANCE GROUP AG,5.14841e-05,75668.01
2026-05-28,IE000EGGFVG6,ENGI,ENGIE,0.000767348,1127798.59
2026-05-28,IE000EGGFVG6,ALO,ALSTOM,0.0003775779,554939.59
2026-05-28,IE000EGGFVG6,LDO,LEONARDO SPA,0.0001024273,150541.09
2026-05-28,IE000EGGFVG6,MERY,MERCIALYS,2.03767e-05,29948.3
2026-05-28,IE000EGGFVG6,ETL,EUTELSAT COMMUNICATIONS,1.45967e-05,21453.35
2026-05-28,IE000EGGFVG6,SFL,SAFILO GROUP SPA,1.7372e-06,2553.17
2026-05-28,IE000EGGFVG6,TIP,TAMBURI INVESTMENT PARTNERS,2.22216e-05,32659.84
2026-05-28,IE000EGGFVG6,TRG,TUBOS REUNIDOS SA,1.75e-07,257.27
2026-05-28,IE000EGGFVG6,IPN,IPSEN,0.000135323,198889.06
2026-05-28,IE000EGGFVG6,BLC,BASTIDE LECONFORT MEDICAL,1.203e-06,1768.09
2026-05-28,IE000EGGFVG6,STF,STEF,1.19714e-05,17594.72
2026-05-28,IE000EGGFVG6,VU,VUSION,1.88624e-05,27722.81
2026-05-28,IE000EGGFVG6,DWNI,DEUTSCHE WOHNEN SE,2.09336e-05,30766.81
2026-05-28,IE000EGGFVG6,PRM,PRIM SA,9.684e-07,1423.33
2026-05-28,IE000EGGFVG6,AKE,ARKEMA,6.45987e-05,94943.0
2026-05-28,IE000EGGFVG6,YIT,YIT OYJ,4.1855e-06,6151.51
2026-05-28,IE000EGGFVG6,KCR,KONECRANESOYJ,0.0001510366,221983.85
2026-05-28,IE000EGGFVG6,PAT,PATRIZIA SE,2.1409e-06,3146.63
2026-05-28,IE000EGGFVG6,WCH,WACKER CHEMIE AG,5.13603e-05,75486.08
2026-05-28,IE000EGGFVG6,LR,LEGRAND SA,0.0004471944,657257.44
2026-05-28,IE000EGGFVG6,PON1V,PONSSE OYJ,3.0367e-06,4463.09
2026-05-28,IE000EGGFVG6,F3C,SFC ENERGYAG BR,4.3661e-06,6417.02
2026-05-28,IE000EGGFVG6,BAMNB,KONINKLIJKE BAM GROEP NV,4.50775e-05,66252.07
2026-05-28,IE000EGGFVG6,KOF,KAUFMAN +BROAD SA,1.68687e-05,24792.59
2026-05-28,IE000EGGFVG6,PYT,POLYTEC HOLDING AG,7.501e-07,1102.51
2026-05-28,IE000EGGFVG6,ZAG,ZUMTOBEL GROUP AG,1.029e-06,1512.43
2026-05-28,IE000EGGFVG6,FGR,EIFFAGE,0.0003782036,555859.22
2026-05-28,IE000EGGFVG6,ALTR,ALTRI SGPSSA,2.6867e-06,3948.76
2026-05-28,IE000EGGFVG6,AMP,AMPLIFON SPA,1.38534e-05,20360.78
2026-05-28,IE000EGGFVG6,DAL,DATALOGICSPA,7.952e-07,1168.77
2026-05-28,IE000EGGFVG6,SBMO,SBM OFFSHORE NV,0.0001187399,174516.19
2026-05-28,IE000EGGFVG6,POST,OESTERREICHISCHE POST AG,1.72192e-05,25307.7
2026-05-28,IE000EGGFVG6,TTE,TOTALENERGIES SE,0.0012986138,1908618.74
2026-05-28,IE000EGGFVG6,CIE,CIE AUTOMOTIVE SA,3.40168e-05,49995.75
2026-05-28,IE000EGGFVG6,PIA,PIAGGIO +C. S.P.A.,4.398e-06,6463.87
2026-05-28,IE000EGGFVG6,SAMS,SAMSE SA,4.854e-07,713.41
2026-05-28,IE000EGGFVG6,ADP,ADP,9.96707e-05,146489.5
2026-05-28,IE000EGGFVG6,TRE,TECNICAS REUNIDAS SA,3.95597e-05,58142.25
2026-05-28,IE000EGGFVG6,ORNAV,ORION OYJCLASS A,4.42003e-05,64962.79
2026-05-28,IE000EGGFVG6,ORNBV,ORION OYJCLASS B,0.000160303,235603.04
2026-05-28,IE000EGGFVG6,ORIOLA,ORIOLA CORP  B,9.099e-07,1337.34
2026-05-28,IE000EGGFVG6,WAC,WACKER NEUSON SE,1.77076e-05,26025.46
2026-05-28,IE000EGGFVG6,IPS,IPSOS,2.11468e-05,31080.2
2026-05-28,IE000EGGFVG6,RRTL,RTL GROUP,2.5146e-05,36958.0
2026-05-28,IE000EGGFVG6,METSO,METSO CORP,0.0001091528,160425.78
2026-05-28,IE000EGGFVG6,GALP,GALP ENERGIA SGPS SA,0.0002583724,379739.02
2026-05-28,IE000EGGFVG6,MONT,MONTEA NV,2.00416e-05,29455.84
2026-05-28,IE000EGGFVG6,MAP,MAPFRE SA,8.50444e-05,124992.81
2026-05-28,IE000EGGFVG6,AED,AEDIFICA,5.35283e-05,78672.37
2026-05-28,IE000EGGFVG6,VETO,VETOQUINOLSA,3.0451e-06,4475.55
2026-05-28,IE000EGGFVG6,CLARI,CLARIANE SE,5.2088e-06,7655.61
2026-05-28,IE000EGGFVG6,BGN,BANCA GENERALI SPA,6.64542e-05,97670.15
2026-05-28,IE000EGGFVG6,SY1,SYMRISE AG,0.0001190004,174899.11
2026-05-28,IE000EGGFVG6,ASC,ASCOPIAVESPA,1.5538e-06,2283.62
2026-05-28,IE000EGGFVG6,UBI,UBISOFT ENTERTAINMENT,5.8756e-06,8635.58
2026-05-28,IE000EGGFVG6,SCR,SCOR SE,0.0001397941,205460.35
2026-05-28,IE000EGGFVG6,FAE,FAES FARMASA,2.37109e-05,34848.68
2026-05-28,IE000EGGFVG6,ASCE,ASCENCIO,1.398e-06,2054.62
2026-05-28,IE000EGGFVG6,FNTN,FREENET AG,0.0001098109,161392.97
2026-05-28,IE000EGGFVG6,RXL,REXEL SA,0.0001787009,262643.03
2026-05-28,IE000EGGFVG6,SLIGR,SLIGRO FOOD GROUP NV,1.08053e-05,15880.95
2026-05-28,IE000EGGFVG6,KENDR,KENDRION NV,3.5611e-06,5233.81
2026-05-28,IE000EGGFVG6,PRY,PRYSMIAN SPA,0.0004115293,604839.19
2026-05-28,IE000EGGFVG6,ENC,ENCE ENERGIA Y CELULOSA SA,2.795e-06,4107.92
2026-05-28,IE000EGGFVG6,AALB,AALBERTS NV,6.60008e-05,97003.66
2026-05-28,IE000EGGFVG6,TWEKA,TKH GROUPNV CVA,3.88441e-05,57090.59
2026-05-28,IE000EGGFVG6,COVH,COVIVIO HOTELS SACA,8.167e-07,1200.28
2026-05-28,IE000EGGFVG6,ANDR,ANDRITZ AG,0.0001044514,153515.86
2026-05-28,IE000EGGFVG6,SAB,BANCO DE SABADELL SA,0.0003681462,541077.56
2026-05-28,IE000EGGFVG6,DG,VINCI SA,0.001253211,1841888.56
2026-05-28,IE000EGGFVG6,ZV,ZIGNAGO VETRO SPA,1.2249e-06,1800.24
2026-05-28,IE000EGGFVG6,JMT,JERONIMO MARTINS,6.32077e-05,92898.59
2026-05-28,IE000EGGFVG6,GXI,GERRESHEIMER AG,1.09668e-05,16118.28
2026-05-28,IE000EGGFVG6,MOL,MOLTIPLY GROUP SPA,1.2922e-05,18991.95
2026-05-28,IE000EGGFVG6,BN,DANONE,0.0003154167,463579.11
2026-05-28,IE000EGGFVG6,CDA,COMPAGNIEDES ALPES,1.74473e-05,25642.97
2026-05-28,IE000EGGFVG6,RLIA,REALIA BUSINESS SA,1.6e-09,2.36
2026-05-28,IE000EGGFVG6,ARG,ARGAN,3.6435e-06,5354.94
2026-05-28,IE000EGGFVG6,SLR,SOLARIA ENERGIA Y MEDIO AMBI,4.95361e-05,72804.93
2026-05-28,IE000EGGFVG6,AI,AIR LIQUIDE SA,0.000689146,1012862.34
2026-05-28,IE000EGGFVG6,ALM,ALMIRALL SA,2.18818e-05,32160.53
2026-05-28,IE000EGGFVG6,AMG,AMG CRITICAL MATERIALS N.V.,4.57883e-05,67296.63
2026-05-28,IE000EGGFVG6,RENE,REDES ENERGETICAS NACIONAIS,2.46612e-05,36245.41
2026-05-28,IE000EGGFVG6,DIA,DIASORIN SPA,1.47169e-05,21629.88
2026-05-28,IE000EGGFVG6,BEC,B+C SPEAKERS SPA,5.148e-07,756.62
2026-05-28,IE000EGGFVG6,FAGR,FAGRON,3.1332e-05,46049.69
2026-05-28,IE000EGGFVG6,CABK,CAIXABANKSA,0.0003139074,461360.79
2026-05-28,IE000EGGFVG6,IBE,IBERDROLASA,0.000481792,708106.82
2026-05-28,IE000EGGFVG6,STR,STRABAG SEBR,5.85927e-05,86115.83
2026-05-28,IE000EGGFVG6,BVI,BUREAU VERITAS SA,0.0001921487,282407.72
2026-05-28,IE000EGGFVG6,FDR,FLUIDRA SA,2.51996e-05,37036.69
2026-05-28,IE000EGGFVG6,HYQ,HYPOPORT SE,2.9613e-06,4352.32
2026-05-28,IE000EGGFVG6,GET,GETLINK SE,3.98119e-05,58512.99
2026-05-28,IE000EGGFVG6,R4,RENTA 4 BANCO SA,1.5e-08,22.07
2026-05-28,IE000EGGFVG6,ROVI,LABORATORIOS FARMACEUTICOS R,3.10455e-05,45628.63
2026-05-28,IE000EGGFVG6,VGP,VGP,3.57172e-05,52494.84
2026-05-28,IE000EGGFVG6,EDPR,EDP RENEWABLES SA,7.53135e-05,110690.89
2026-05-28,IE000EGGFVG6,DIB,DIGITAL BROS SPA,3.515e-07,516.59
2026-05-28,IE000EGGFVG6,ENO,ELECNOR  SA,7.8378e-06,11519.5
2026-05-28,IE000EGGFVG6,SCANFL,SCANFIL OYJ,2.099e-06,3084.96
2026-05-28,IE000EGGFVG6,AMS,AMADEUS ITGROUP SA,0.0002575919,378591.98
2026-05-28,IE000EGGFVG6,GSJ,GRUPO EMPRESARIAL SAN JOSE,1.5842e-06,2328.31
2026-05-28,IE000EGGFVG6,SAX,STROEER SE+ CO KGAA,2.80528e-05,41230.21
2026-05-28,IE000EGGFVG6,IDL,ID LOGISTICS GROUP,1.95095e-05,28673.83
2026-05-28,IE000EGGFVG6,NOEJ,NORMA GROUP SE,4.3594e-06,6407.15
2026-05-28,IE000EGGFVG6,CARM,CARMILA,1.8967e-05,27876.42
2026-05-28,IE000EGGFVG6,BNR,BRENNTAG SE,0.0001832944,269394.3
2026-05-28,IE000EGGFVG6,FYB,FORMYCON AG,2.4307e-06,3572.52
2026-05-28,IE000EGGFVG6,GSC1,GESCO SE NA O.N,1.1469e-06,1685.57
2026-05-28,IE000EGGFVG6,TDSA,TEIXEIRA DUARTE SA,7.769e-07,1141.91
2026-05-28,IE000EGGFVG6,SES,SESA SPA,2.12146e-05,31179.9
2026-05-28,IE000EGGFVG6,APAM,APERAM,6.73144e-05,98934.37
2026-05-28,IE000EGGFVG6,SFER,SALVATOREFERRAGAMO SPA,6.05e-08,88.99
2026-05-28,IE000EGGFVG6,EDEN,EDENRED,3.9728e-05,58389.59
2026-05-28,IE000EGGFVG6,SMHN,SUSS MICROTEC SE,3.02751e-05,44496.32
2026-05-28,IE000EGGFVG6,FNAC,FNAC DARTYSA,5.9502e-06,8745.24
2026-05-28,IE000EGGFVG6,AGS,AGEAS,0.0002812624,413381.29
2026-05-28,IE000EGGFVG6,PSG,PROSEGUR COMP SEGURIDAD,3.1214e-06,4587.67
2026-05-28,IE000EGGFVG6,TLX,TALANX AG,0.0001173248,172436.41
2026-05-28,IE000EGGFVG6,GYC,GRAND CITYPROPERTIES,1.43673e-05,21116.11
2026-05-28,IE000EGGFVG6,PHARM,PHARMING GROUP NV,1.46028e-05,21462.19
2026-05-28,IE000EGGFVG6,TAALA,TAALERI OYJ,1.3171e-06,1935.72
2026-05-28,IE000EGGFVG6,LEG,LEG IMMOBILIEN SE,5.65802e-05,83157.88
2026-05-28,IE000EGGFVG6,KGX,KION GROUPAG,0.0001110632,163233.49
2026-05-28,IE000EGGFVG6,SPG,SPRINGER NATURE AG + CO KGAA,1.45615e-05,21401.59
2026-05-28,IE000EGGFVG6,MAIRE,MAIRE SPA,3.65417e-05,53706.6
2026-05-28,IE000EGGFVG6,BPOST,BPOST SA,3.2455e-06,4770.06
2026-05-28,IE000EGGFVG6,VNA,VONOVIA SE,0.0002054175,301909.4
2026-05-28,IE000EGGFVG6,COL,COLONIAL SFL SOCIMI SA,2.39636e-05,35220.1
2026-05-28,IE000EGGFVG6,AD,KONINKLIJKE AHOLD DELHAIZE N,0.0004816234,707858.93
2026-05-28,IE000EGGFVG6,BRNK,BRANICKS GROUP AG,4.876e-07,716.61
2026-05-28,IE000EGGFVG6,BIRG,BANK OF IRELAND GROUP PLC,0.000370065,543897.69
2026-05-28,IE000EGGFVG6,IG,ITALGAS SPA,0.0001289513,189524.22
2026-05-28,IE000EGGFVG6,GPI,GPI SPA,1.3361e-06,1963.72
2026-05-28,IE000EGGFVG6,CCEP,COCA COLAEUROPACIFIC PARTNE,0.0001077678,158390.22
2026-05-28,IE000EGGFVG6,SHL,SIEMENS HEALTHINEERS AG,0.0001829074,268825.52
2026-05-28,IE000EGGFVG6,MXHN,M.A.X. AUTOMATION SE,4.549e-07,668.57
2026-05-28,IE000EGGFVG6,S30,SOLUTIONS30 SE,1.1515e-06,1692.45
2026-05-28,IE000EGGFVG6,RED,REDEIA CORP SA,9.35125e-05,137438.69
2026-05-28,IE000EGGFVG6,GLV,GLENVEAGHPROPERTIES PLC,3.92251e-05,57650.57
2026-05-28,IE000EGGFVG6,GEST,GESTAMP AUTOMOCION SA,1.45521e-05,21387.73
2026-05-28,IE000EGGFVG6,FFARM,FORFARMERSNV,2.608e-06,3833.01
2026-05-28,IE000EGGFVG6,DOM,GLOBAL DOMINION ACCESS SA,2.846e-06,4182.83
2026-05-28,IE000EGGFVG6,XFAB,X FAB SILICON FOUNDRIES SE,7.1301e-06,10479.4
2026-05-28,IE000EGGFVG6,SIFG,SIF HOLDING NV,9.328e-07,1370.97
2026-05-28,IE000EGGFVG6,HOME,NEINOR HOMES SA,5.3177e-06,7815.57
2026-05-28,IE000EGGFVG6,WEW,WESTWING GROUP SE,1.3625e-06,2002.5
2026-05-28,IE000EGGFVG6,ASRNL,ASR NEDERLAND NV,0.0004491544,660138.07
2026-05-28,IE000EGGFVG6,TGYM,TECHNOGYMSPA,3.46638e-05,50946.56
2026-05-28,IE000EGGFVG6,BFIT,BASIC FITNV,5.98553e-05,87971.48
2026-05-28,IE000EGGFVG6,JST,JOST WERKESE,1.11116e-05,16331.08
2026-05-28,IE000EGGFVG6,FR,VALEO,0.0002840093,417418.47
2026-05-28,IE000EGGFVG6,CASH,PROSEGUR CASH SA,1.6631e-06,2444.31
2026-05-28,IE000EGGFVG6,TKO,TIKEHAU CAPITAL,5.4065e-06,7946.16
2026-05-28,IE000EGGFVG6,SMCP,SMCP SA,2.5969e-06,3816.79
2026-05-28,IE000EGGFVG6,ECNL,AQUAFIL SPA,7.474e-07,1098.44
2026-05-28,IE000EGGFVG6,AYV,AYVENS SA,0.0001237376,181861.53
2026-05-28,IE000EGGFVG6,AIBG,AIB GROUPPLC,0.0004042943,594205.66
2026-05-28,IE000EGGFVG6,BIM,BIOMERIEUX,5.32317e-05,78236.58
2026-05-28,IE000EGGFVG6,IGD,IMMOBILIARE GRANDE DISTRIBUZ,1.0435e-06,1533.71
2026-05-28,IE000EGGFVG6,AGR,AGRANA BETEILIGUNGS AG,1.4619e-06,2148.67
2026-05-28,IE000EGGFVG6,NXT,NUEVA EXPRESION TEXTIL SA,1.3063e-06,1919.85
2026-05-28,IE000EGGFVG6,WAVE,WAVESTONE,1.04094e-05,15299.0
2026-05-28,IE000EGGFVG6,TTALO,TERVEYSTALO OYJ,1.60316e-05,23562.25
2026-05-28,IE000EGGFVG6,C5H,CAIRN HOMES PLC,3.47816e-05,51119.78
2026-05-28,IE000EGGFVG6,URW,UNIBAIL RODAMCO WESTFIELD,0.0001126708,165596.3
2026-05-28,IE000EGGFVG6,TFF,TFF GROUP,1.1652e-06,1712.53
2026-05-28,IE000EGGFVG6,PHN,PHARMANUTRA SPA,2.9048e-06,4269.28
2026-05-28,IE000EGGFVG6,NDA,NORDEA BANK ABP,0.0004576273,672590.99
2026-05-28,IE000EGGFVG6,THEP,THERMADORGROUPE,1.12683e-05,16561.35
2026-05-28,IE000EGGFVG6,ANORA,ANORA GROUP OYJ,1.4086e-06,2070.27
2026-05-28,IE000EGGFVG6,HARVIA,HARVIA OYJ,6.6677e-06,9799.74
2026-05-28,IE000EGGFVG6,TOM2,TOMTOM NV,2.1354e-06,3138.51
2026-05-28,IE000EGGFVG6,LUMO,LUMO KODITOYJ,1.74283e-05,25615.06
2026-05-28,IE000EGGFVG6,DMP,DERMAPHARMHOLDING SE,7.782e-07,1143.78
2026-05-28,IE000EGGFVG6,FDJU,FDJ UNITED,3.77633e-05,55501.99
2026-05-28,IE000EGGFVG6,ALFEN,ALFEN N.V.,3.8282e-06,5626.37
2026-05-28,IE000EGGFVG6,VIO,VIOHALCO SA,1.03681e-05,15238.43
2026-05-28,IE000EGGFVG6,NOHO,NOHO PARTNERS OYJ,9.261e-07,1361.19
2026-05-28,IE000EGGFVG6,CTT,CTT CORREIOS DE PORTUGAL,2.5455e-06,3741.25
2026-05-28,IE000EGGFVG6,OMASP,OMA SAASTOPANKKI OYJ,1.0202e-06,1499.45
2026-05-28,IE000EGGFVG6,COM,COMER INDUSTRIES SPA,1.3187e-06,1938.14
2026-05-28,IE000EGGFVG6,BKHT,BROCKHAUSTECHNOLOGIES AG,1.1317e-06,1663.26
2026-05-28,IE000EGGFVG6,UNI,UNICAJA BANCO SA,6.41093e-05,94223.74
2026-05-28,IE000EGGFVG6,VALMT,VALMET OYJ,0.0001014754,149141.99
2026-05-28,IE000EGGFVG6,FGA,FIGEAC AERO,1.2488e-06,1835.46
2026-05-28,IE000EGGFVG6,AKZA,AKZO NOBELN.V.,0.0004345518,638676.17
2026-05-28,IE000EGGFVG6,IRES,IRISH RESIDENTIAL PROPERTIES,6.1582e-06,9050.91
2026-05-28,IE000EGGFVG6,PRX,PROSUS NV,0.0002911922,427975.47
2026-05-28,IE000EGGFVG6,HYL,HYLORIS PHARMACEUTICALS SA,3.275e-07,481.37
2026-05-28,IE000EGGFVG6,P911,DR ING HCF PORSCHE AG,7.98669e-05,117383.26
2026-05-28,IE000EGGFVG6,FQT,FREQUENTISAG,2.2964e-06,3375.1
2026-05-28,IE000EGGFVG6,YACHT,FERRETTI SPA,1.79619e-05,26399.28
2026-05-28,IE000EGGFVG6,BANQ,BANQUP GROUP,4.799e-07,705.34
2026-05-28,IE000EGGFVG6,FAST,FASTNED CVA,2.0364e-06,2992.94
2026-05-28,IE000EGGFVG6,ALCLA,CLARANOVASE,2.384e-07,350.45
2026-05-28,IE000EGGFVG6,ACT,ALZCHEM GROUP AG,2.72456e-05,40043.89
2026-05-28,IE000EGGFVG6,HTG,HOMETOGO SE,1.3646e-06,2005.64
2026-05-28,IE000EGGFVG6,CPINV,CARE PROPERTY INVEST,2.589e-06,3805.1
2026-05-28,IE000EGGFVG6,PUUILO,PUUILO OYJ,3.89053e-05,57180.49
2026-05-28,IE000EGGFVG6,VERK,VERKKOKAUPPA.COM OYJ,7.606e-07,1117.88
2026-05-28,IE000EGGFVG6,MFEA,MFE MEDIAFOREUROPE NV CL A,8.0982e-06,11902.15
2026-05-28,IE000EGGFVG6,MFEB,MFE MEDIAFOREUROPE NV CL B,2.3089e-06,3393.48
2026-05-28,IE000EGGFVG6,CTPNV,CTP NV,2.94031e-05,43214.71
2026-05-28,IE000EGGFVG6,2015163D,EVLI PLC CLASS B,1.8142e-06,2666.35
2026-05-28,IE000EGGFVG6,EDR,EDREAMS ODIGEO SL,3.2395e-06,4761.27
2026-05-28,IE000EGGFVG6,VK,VALLOURECSA,0.0001057573,155435.25
2026-05-28,IE000EGGFVG6,IR5B,IRISH CONTINENTAL GROUP PLC,2.06361e-05,30329.54
2026-05-28,IE000EGGFVG6,OVH,OVH GROUPESA,2.7807e-06,4086.88
2026-05-28,IE000EGGFVG6,DSY,DASSAULT SYSTEMES SE,4.19455e-05,61648.73
2026-05-28,IE000EGGFVG6,BAR,BARCO N.V.,1.07152e-05,15748.5
2026-05-28,IE000EGGFVG6,ARAMI,ARAMIS GROUP SAS,9.301e-07,1367.02
2026-05-28,IE000EGGFVG6,R3NK,RENK GROUPAG,8.50747e-05,125037.36
2026-05-28,IE000EGGFVG6,FSECURE,F SECURE CORP,2.3183e-06,3407.31
2026-05-28,IE000EGGFVG6,NCH2,THYSSENKRUPP NUCERA AG + CO,2.2739e-06,3341.99
2026-05-28,IE000EGGFVG6,AZE,AZELIS GROUP NV,1.9388e-05,28495.27
2026-05-28,IE000EGGFVG6,CPR,DAVIDE CAMPARI MILANO NV,5.61737e-05,82560.51
2026-05-28,IE000EGGFVG6,AM,DASSAULT AVIATION SA,2.11449e-05,31077.41
2026-05-28,IE000EGGFVG6,KTA,KNAUS TABBERT AG,4.709e-07,692.14
2026-05-28,IE000EGGFVG6,PHM,PHARMA MARSA,1.98909e-05,29234.3
2026-05-28,IE000EGGFVG6,EXPL,EXPLOSIFSPROD. CHI,1.1095e-06,1630.65
2026-05-28,IE000EGGFVG6,LTMC,LOTTOMATICA GROUP SPA,0.0002479359,364400.23
2026-05-28,IE000EGGFVG6,DEME,DEME GROUP,1.90144e-05,27946.09
2026-05-28,IE000EGGFVG6,ORTHEX,ORTHEX OYJ,5.033e-07,739.66
2026-05-28,IE000EGGFVG6,ECMPA,EUROCOMMERCIAL PROPERTIES NV,5.9064e-06,8680.89
2026-05-28,IE000EGGFVG6,HAG,HENSOLDT AG,0.0001065582,156612.35
2026-05-28,IE000EGGFVG6,ELIOR,ELIOR GROUP,2.4681e-06,3627.47
2026-05-28,IE000EGGFVG6,IMC,INMOCEMENTO SA,1.83769e-05,27009.13
2026-05-28,IE000EGGFVG6,BRNL,BRUNEL INTERNATIONAL,1.6902e-06,2484.2
2026-05-28,IE000EGGFVG6,FACC,FACC AG,2.5573e-06,3758.6
2026-05-28,IE000EGGFVG6,ONTEX,ONTEX GROUP NV,1.1249e-06,1653.32
2026-05-28,IE000EGGFVG6,ENX,EURONEXT NV,0.0001377121,202400.32
2026-05-28,IE000EGGFVG6,TE,TECHNIP ENERGIES NV,8.50691e-05,125029.07
2026-05-28,IE000EGGFVG6,LDA,LINEA DIRECTA ASEGURADORA SA,5.222e-06,7674.94
2026-05-28,IE000EGGFVG6,LASTIK,LASSILA +TIKANOJA PLC,2.9954e-06,4402.49
2026-05-28,IE000EGGFVG6,LUOTEA,LUOTEA PLC,8.566e-07,1258.95
2026-05-28,IE000EGGFVG6,ERF,EUROFINS SCIENTIFIC,0.0002784924,409310.08
2026-05-28,IE000EGGFVG6,WLN,WORLDLINESA,5.1806e-06,7614.18
2026-05-28,IE000EGGFVG6,COFA,COFACE SA,3.09433e-05,45478.43
2026-05-28,IE000EGGFVG6,IOT,SECO SPA,1.1235e-06,1651.24
2026-05-28,IE000EGGFVG6,RJF/D,LABORATORIO REIG JOFRE SA,5.1e-09,7.48
2026-05-28,IE000EGGFVG6,NN,NN GROUP NV,0.0004953646,728054.85
2026-05-28,IE000EGGFVG6,FBK,FINECOBANKSPA,0.0002703795,397386.29
2026-05-28,IE000EGGFVG6,MRL,MERLIN PROPERTIES SOCIMI SA,6.34214e-05,93212.65
2026-05-28,IE000EGGFVG6,ARGX,ARGENX SE,5.64102e-05,82908.1
2026-05-28,IE000EGGFVG6,FPE,FUCHS SE,2.46446e-05,36221.06
2026-05-28,IE000EGGFVG6,FPE3,FUCHS SE PREF,7.7812e-05,114363.07
2026-05-28,IE000EGGFVG6,HRPK,7C SOLARPARKEN AG,1.2986e-06,1908.63
2026-05-28,IE000EGGFVG6,VLTSA,VOLTALIA SA  REGR,3.4694e-06,5099.04
2026-05-28,IE000EGGFVG6,ICOS,INTERCOS SPA,1.34955e-05,19834.77
2026-05-28,IE000EGGFVG6,ONWD,ONWARD MEDICAL,4.428e-07,650.84
2026-05-28,IE000EGGFVG6,UMG,UNIVERSALMUSIC GROUP NV,0.0001886501,277265.72
2026-05-28,IE000EGGFVG6,AVTX,AVANTIUM,2.0565e-06,3022.53
2026-05-28,IE000EGGFVG6,STM,STABILUS SE,2.25563e-05,33151.78
2026-05-28,IE000EGGFVG6,DNR,INDUSTRIEDE NORA SPA,2.5512e-06,3749.61
2026-05-28,IE000EGGFVG6,LOG,LOGISTA INTEGRAL SA,3.4882e-05,51267.33
2026-05-28,IE000EGGFVG6,KEMPOWR,KEMPOWER OYJ,1.0266e-06,1508.85
2026-05-28,IE000EGGFVG6,ANE,CORP ACCIONA ENERGIAS RENOVA,3.27733e-05,48168.05
2026-05-28,IE000EGGFVG6,ML,MICHELIN (CGDE),0.0003308217,486220.42
2026-05-28,IE000EGGFVG6,ARIS,ARISTON HOLDING NV,2.407e-06,3537.67
2026-05-28,IE000EGGFVG6,IOS,IONOS GROUP SE,3.29789e-05,48470.27
2026-05-28,IE000EGGFVG6,SYENS,SYENSQO SA,7.84386e-05,115283.97
2026-05-28,IE000EGGFVG6,DIS,D AMICO INTERNATIONAL SHIPPI,1.67412e-05,24605.12
2026-05-28,IE000EGGFVG6,EAPI,EUROAPI SASU,8.068e-07,1185.81
2026-05-28,IE000EGGFVG6,ZAL,ZALANDO SE,0.0001534811,225576.55
2026-05-28,IE000EGGFVG6,SHUR,SHURGARD SELF STORAGE LTD,4.0083e-06,5891.07
2026-05-28,IE000EGGFVG6,EMEIS,EMEIS SA,1.61536e-05,23741.56
2026-05-28,IE000EGGFVG6,VIRI,VIRIDIEN,0.0001363574,200409.29
2026-05-28,IE000EGGFVG6,LAT,LATECOERE,2.5614e-06,3764.53
2026-05-28,IE000EGGFVG6,SPIE,SPIE SA,0.000186592,274240.89
2026-05-28,IE000EGGFVG6,MANTA,MANDATUM OYJ,2.65064e-05,38957.39
2026-05-28,IE000EGGFVG6,LOUP,L.D.C. SA,8.4074e-06,12356.6
2026-05-28,IE000EGGFVG6,MICC,MAGNUM ICECREAM CO NV/THE,0.0001498379,220222.12
2026-05-28,IE000EGGFVG6,MULT,MULTITUDEAG,4.522e-07,664.63
2026-05-28,IE000EGGFVG6,HIAB,HIAB OYJ,3.48986e-05,51291.65
2026-05-28,IE000EGGFVG6,DIA,DISTRIBUIDORA INTERNACIONAL,1.1196e-05,16455.13
2026-05-28,IE000EGGFVG6,SHA0,SCHAEFFLERAG,4.34344e-05,63837.04
2026-05-28,IE000EGGFVG6,QIA,QIAGEN N.V.,0.0001157173,170073.76
2026-05-28,IE000EGGFVG6,ELIS,ELIS SA,0.0001321198,194181.14
2026-05-28,IE000EGGFVG6,ENENTO,ENENTO GROUP OYJ,2.7726e-06,4074.95
2026-05-28,IE000EGGFVG6,OVS,OVS SPA,2.8465e-05,41835.98
2026-05-28,IE000EGGFVG6,QBY0,Q BEYOND AG KONV NAMENS AKTI,7.619e-07,1119.79
2026-05-28,IE000EGGFVG6,PTSB,PERMANENTTSB GROUP HOLDINGS,5.8553e-06,8605.75
2026-05-28,IE000EGGFVG6,DIEDU,EDP RENEWABLES SA,6.778e-07,996.22
2026-05-28,IE000EGGFVG6,CLNX,CELLNEX TELECOM SA,0.000160405,235752.95
2026-05-28,IE000EGGFVG6,TLGO,TALGO SA,9.522e-07,1399.45
2026-05-28,IE000EGGFVG6,ALM/D,ALMIRALL SA,3.329e-07,489.29
2026-05-28,IE000EGGFVG6,PRS,PROMOTORADE INFORMACIONES A,2.8e-09,4.14
2026-05-28,IE000EGGFVG6,PBB,DEUTSCHE PFANDBRIEFBANK AG,1.61911e-05,23796.68
2026-05-28,IE000EGGFVG6,BAMI,BANCO BPMSPA,0.0003403825,500272.2
2026-05-28,IE000EGGFVG6,UCG,UNICREDITSPA,0.0008554394,1257269.56
2026-05-28,IE000EGGFVG6,ORY,ORYZON GENOMICS,1.1574e-06,1701.08
2026-05-28,IE000EGGFVG6,GOFORE,GOFORE OYJ,5.841e-07,858.42
2026-05-28,IE000EGGFVG6,ABN,ABN AMRO BANK NV CVA,0.0001854883,272618.69
2026-05-28,IE000EGGFVG6,BST,BANCA SISTEMA SPA,9.127e-07,1341.4
2026-05-28,IE000EGGFVG6,RJF,LABORATORIO REIG JOFRE SA,5.82e-07,855.39
2026-05-28,IE000EGGFVG6,G24,SCOUT24 SE,8.29101e-05,121855.84
2026-05-28,IE000EGGFVG6,BFG,BF SPA,5.5939e-06,8221.62
2026-05-28,IE000EGGFVG6,ECONB,ECONOCOM GROUP,2.1574e-06,3170.85
2026-05-28,IE000EGGFVG6,FTK,FLATEXDEGIRO SE,5.56855e-05,81843.01
2026-05-28,IE000EGGFVG6,AAG,AUMANN AG,3.28e-08,48.22
2026-05-28,IE000EGGFVG6,HFG,HELLOFRESHSE,1.04877e-05,15414.08
2026-05-28,IE000EGGFVG6,CAF,CONSTRUCCY AUX DE FERROCARR,2.47992e-05,36448.3
2026-05-28,IE000EGGFVG6,GRF,GRIFOLS SA,6.59343e-05,96906.03
2026-05-28,IE000EGGFVG6,WAF,SILTRONICAG,4.17239e-05,61323.06
2026-05-28,IE000EGGFVG6,LIGHT,SIGNIFY NV,5.4762e-05,80485.65
2026-05-28,IE000EGGFVG6,RDC,REDCARE PHARMACY NV,3.6919e-06,5426.18
2026-05-28,IE000EGGFVG6,DIM,SARTORIUSSTEDIM BIOTECH,3.95961e-05,58195.82
2026-05-28,IE000EGGFVG6,ORS,ORSERO SPA,1.5676e-06,2303.99
2026-05-28,IE000EGGFVG6,PCZ,PROCREDITHOLDING AG,2.0092e-06,2952.99
2026-05-28,IE000EGGFVG6,PIHLIS,PIHLAJALINNA OYJ,3.084e-06,4532.7
2026-05-28,IE000EGGFVG6,SERI,SERI INDUSTRIAL SPA,9.909e-07,1456.33
2026-05-28,IE000EGGFVG6,AMUN,AMUNDI SA,8.531e-05,125383.06
2026-05-28,IE000EGGFVG6,HLAG,HAPAG LLOYD AG,3.78988e-05,55701.16
2026-05-28,IE000EGGFVG6,ITM,ITALMOBILIARE SPA,1.86786e-05,27452.59
2026-05-28,IE000EGGFVG6,REMEDY,REMEDY ENTERTAINMENT OYJ,6.414e-07,942.75
2026-05-28,IE000EGGFVG6,BG,BAWAG GROUP AG,0.0005808327,853670.42
2026-05-28,IE000EGGFVG6,ADYEN,ADYEN NV,0.000180799,265726.64
2026-05-28,IE000EGGFVG6,XIOR,XIOR STUDENT HOUSING NV,4.873e-06,7162.05
2026-05-28,IE000EGGFVG6,GRE,GRENERGY RENOVABLES,4.73037e-05,69523.95
2026-05-28,IE000EGGFVG6,INGA,ING GROEPNV,0.0005464931,803200.21
2026-05-28,IE000EGGFVG6,PIRC,PIRELLI +C SPA,6.7656e-05,99436.35
2026-05-28,IE000EGGFVG6,SOI,S.O.I.T.E.C.,4.26486e-05,62682.21
2026-05-28,IE000EGGFVG6,NSI,NSI NV,1.0825e-06,1591.03
2026-05-28,IE000EGGFVG6,BCP,BANCO COMERCIAL PORTUGUES R,9.97289e-05,146575.11
2026-05-28,IE000EGGFVG6,CEVI,CELLAVISION AB,1.3455e-06,1977.51
2026-05-28,IE000EGGFVG6,BERGB,BERGMAN +BEVING AKTIEBOLAG,4.2155e-06,6195.69
2026-05-28,IE000EGGFVG6,BURE,BURE EQUITY AB,1.54527e-05,22711.44
2026-05-28,IE000EGGFVG6,ELANB,ELANDERS AB B SHS,1.1894e-06,1748.12
2026-05-28,IE000EGGFVG6,PEABB,PEAB AB CLASS B,3.277e-05,48163.26
2026-05-28,IE000EGGFVG6,HUFVA,HUFVUDSTADEN AB A SHS,8.5471e-06,12561.94
2026-05-28,IE000EGGFVG6,NCCB,NCC AB B SHS,7.84568e-05,115310.67
2026-05-28,IE000EGGFVG6,PRICB,PRICER ABB SHS,5.842e-07,858.55
2026-05-28,IE000EGGFVG6,CATB,CATELLA AB,7.675e-07,1127.96
2026-05-28,IE000EGGFVG6,SEBC,SKANDINAVISKA ENSKILDA BAN C,8.064e-07,1185.16
2026-05-28,IE000EGGFVG6,SEBA,SKANDINAVISKA ENSKILDA BAN A,0.0001589734,233648.91
2026-05-28,IE000EGGFVG6,SWEDA,SWEDBANK AB   A SHARES,0.0001794591,263757.38
2026-05-28,IE000EGGFVG6,TRELB,TRELLEBORGAB B SHS,9.16192e-05,134656.01
2026-05-28,IE000EGGFVG6,CTT,CTT SYSTEMS AB,9.298e-07,1366.56
2026-05-28,IE000EGGFVG6,KNOW,KNOW IT AB,1.8987e-06,2790.55
2026-05-28,IE000EGGFVG6,PREVB,PREVAS ABB SHS,4.773e-07,701.55
2026-05-28,IE000EGGFVG6,SECUB,SECURITASAB B SHS,8.60495e-05,126470.03
2026-05-28,IE000EGGFVG6,SOFB,SOFTRONICAB B SHS,5.063e-07,744.15
2026-05-28,IE000EGGFVG6,HMB,HENNES + MAURITZ AB B SHS,5.7087e-05,83902.84
2026-05-28,IE000EGGFVG6,MSONB,MIDSONA ABB SHS,8.891e-07,1306.72
2026-05-28,IE000EGGFVG6,MSABB,MICRO SYSTEMATION AB B,5.851e-07,859.99
2026-05-28,IE000EGGFVG6,ERICA,ERICSSON LM A SHS,4.0385e-06,5935.52
2026-05-28,IE000EGGFVG6,ERICB,ERICSSON LM B SHS,0.0003146538,462457.88
2026-05-28,IE000EGGFVG6,NETIB,NET INSIGHT AB B,6.53e-07,959.68
2026-05-28,IE000EGGFVG6,TELIA,TELIA CO AB,0.0001558117,229001.96
2026-05-28,IE000EGGFVG6,EPEN,EPENDION AB,2.5565e-06,3757.38
2026-05-28,IE000EGGFVG6,SKAB,SKANSKA ABB SHS,0.0001101069,161828.04
2026-05-28,IE000EGGFVG6,ORRON,ORRON ENERGY AB,1.9253e-06,2829.68
2026-05-28,IE000EGGFVG6,BILL,BILLERUD AB,1.94108e-05,28528.75
2026-05-28,IE000EGGFVG6,ALFA,ALFA LAVALAB,6.63405e-05,97502.91
2026-05-28,IE000EGGFVG6,INTRUM,INTRUM AB,1.8365e-06,2699.21
2026-05-28,IE000EGGFVG6,SINT,SINTERCASTAB,4.577e-07,672.68
2026-05-28,IE000EGGFVG6,RAYB,RAYSEARCHLABORATORIES AB,2.29451e-05,33723.26
2026-05-28,IE000EGGFVG6,GETIB,GETINGE ABB SHS,0.0001156357,169953.94
2026-05-28,IE000EGGFVG6,INWI,INWIDO AB,8.0652e-06,11853.77
2026-05-28,IE000EGGFVG6,AXFO,AXFOOD AB,2.7563e-05,40510.25
2026-05-28,IE000EGGFVG6,ASSAB,ASSA ABLOYAB B,0.0001127039,165644.93
2026-05-28,IE000EGGFVG6,DOM,DOMETIC GROUP AB,2.9622e-05,43536.43
2026-05-28,IE000EGGFVG6,BILIA,BILIA AB ASHS,1.919e-05,28204.16
2026-05-28,IE000EGGFVG6,ENEA,ENEA AB,1.0622e-06,1561.18
2026-05-28,IE000EGGFVG6,ESSITYB,ESSITY AKTIEBOLAG B,0.0002731517,401460.79
2026-05-28,IE000EGGFVG6,ALLIGOB,ALLIGO ABB,3.0508e-06,4483.9
2026-05-28,IE000EGGFVG6,ESSITYA,ESSITY AKTIEBOLAG A,1.06483e-05,15650.15
2026-05-28,IE000EGGFVG6,FAG,FAGERHULTGROUP AB,1.6579e-06,2436.64
2026-05-28,IE000EGGFVG6,COREB,COREM PROPERTY GROUP B SHARE,1.2525e-06,1840.79
2026-05-28,IE000EGGFVG6,CIBUS,CIBUS REALESTATE AB PUBL,2.87134e-05,42201.11
2026-05-28,IE000EGGFVG6,AAK,AAK AB,3.09229e-05,45448.51
2026-05-28,IE000EGGFVG6,SKISB,SKISTAR AB,2.02917e-05,29823.36
2026-05-28,IE000EGGFVG6,AZA,AVANZA BANK HOLDING AB,0.0001104315,162305.05
2026-05-28,IE000EGGFVG6,TROAX,TROAX GROUP AB,3.0974e-06,4552.4
2026-05-28,IE000EGGFVG6,FPARA,FASTPARTNER AB A,1.4226e-06,2090.91
2026-05-28,IE000EGGFVG6,BICO,BICO GROUPAB,8.07e-07,1186.13
2026-05-28,IE000EGGFVG6,EPROB,ELECTROLUXPROFESSIONAL AB B,2.64433e-05,38864.6
2026-05-28,IE000EGGFVG6,SWECB,SWECO AB BSHS,4.96962e-05,73040.24
2026-05-28,IE000EGGFVG6,SF,STILLFRONTGROUP AB,2.2707e-06,3337.26
2026-05-28,IE000EGGFVG6,HEXAB,HEXAGON ABB SHS,9.51995e-05,139918.09
2026-05-28,IE000EGGFVG6,NOLAB,NOLATO ABB SHS,2.22537e-05,32707.09
2026-05-28,IE000EGGFVG6,PACT,PROACT ITGROUP AB,3.5267e-06,5183.28
2026-05-28,IE000EGGFVG6,GARO,GARO AB,4.08e-07,599.62
2026-05-28,IE000EGGFVG6,KFASTB,K FAST HOLDING AB,9.339e-07,1372.58
2026-05-28,IE000EGGFVG6,ELUXB,ELECTROLUXAB B,6.59802e-05,96973.43
2026-05-28,IE000EGGFVG6,SYSR,SYSTEMAIRAB,1.21147e-05,17805.35
2026-05-28,IE000EGGFVG6,NIVIB,NIVIKA FASTIGHETER AB B,8.275e-07,1216.15
2026-05-28,IE000EGGFVG6,DYVOX,DYNAVOX GROUP AB,1.93416e-05,28426.97
2026-05-28,IE000EGGFVG6,SFAB,SOLID FORSAKRING AB,7.944e-07,1167.51
2026-05-28,IE000EGGFVG6,ALLEI,ALLEIMA AB,4.07199e-05,59847.5
2026-05-28,IE000EGGFVG6,KARNELB,KARNELL GROUP AB,2.0154e-06,2962.15
2026-05-28,IE000EGGFVG6,OEMB,OEM INTERNATIONAL AB B SHS,2.55063e-05,37487.55
2026-05-28,IE000EGGFVG6,BIOGB,BIOGAIA ABB SHS,2.15234e-05,31633.66
2026-05-28,IE000EGGFVG6,HEBAB,HEBA FASTIGHETS AB B,9.397e-07,1381.14
2026-05-28,IE000EGGFVG6,BALDB,FASTIGHETSAB BALDER B SHRS,2.11041e-05,31017.42
2026-05-28,IE000EGGFVG6,TRIANB,FASTIGHETSAB TRIANON,5.74e-07,843.68
2026-05-28,IE000EGGFVG6,XANOB,XANO INDUSTRI AB  CLASS B,6.123e-07,899.99
2026-05-28,IE000EGGFVG6,HTRO,HEXATRONICGROUP AB,8.6077e-06,12650.99
2026-05-28,IE000EGGFVG6,FMMB,FM MATTSSON AB,1.4069e-06,2067.81
2026-05-28,IE000EGGFVG6,BOL,BOLIDEN AB,0.0002426949,356697.36
2026-05-28,IE000EGGFVG6,NEWAB,NEW WAVE GROUP AB  B SHS,1.84667e-05,27141.1
2026-05-28,IE000EGGFVG6,VISC,GRUVAKTIEBOLAGET VISCARIA,2.4727e-06,3634.2
2026-05-28,IE000EGGFVG6,EAST,EASTNINE AB,1.7715e-06,2603.69
2026-05-28,IE000EGGFVG6,AQ,AQ GROUP AB,7.9545e-06,11690.95
2026-05-28,IE000EGGFVG6,BORG,BJORN BORGAB,7.765e-07,1141.2
2026-05-28,IE000EGGFVG6,CARA,CARASENT AB,8.211e-07,1206.79
2026-05-28,IE000EGGFVG6,ASMDEE,ASMODEE GROUP AB B,4.06925e-05,59807.26
2026-05-28,IE000EGGFVG6,COFFEEB,COFFEE STAIN GROUP AB B,2.188e-06,3215.8
2026-05-28,IE000EGGFVG6,FPIPSR,FORMPIPE SOFTWARE AB,1.207e-07,177.44
2026-05-28,IE000EGGFVG6,NOBI,NOBIA AB,1.7861e-06,2625.15
2026-05-28,IE000EGGFVG6,OCTVSDB,OCTAVE INTELLIGENCE PLC SDR,1.72285e-05,25321.31
2026-05-28,IE000EGGFVG6,2652094D,ELECTROLUXAB,5.40219e-05,79397.84
2026-05-28,IE000EGGFVG6,NOTE,NOTE AB,2.3459e-06,3447.81
2026-05-28,IE000EGGFVG6,CLASB,CLAS OHLSON AB B SHS,3.24691e-05,47720.94
2026-05-28,IE000EGGFVG6,DUNI,DUNI AB,1.9229e-06,2826.1
2026-05-28,IE000EGGFVG6,FPIP,FORMPIPE SOFTWARE AB,5.253e-07,772.0
2026-05-28,IE000EGGFVG6,IVSO,INVISIO AB,1.87753e-05,27594.71
2026-05-28,IE000EGGFVG6,INDT,INDUTRADEAB,4.04636e-05,59470.81
2026-05-28,IE000EGGFVG6,EKTAB,ELEKTA ABB SHS,3.95379e-05,58110.31
2026-05-28,IE000EGGFVG6,CAST,CASTELLUMAB,7.58074e-05,111416.86
2026-05-28,IE000EGGFVG6,HUSQB,HUSQVARNAAB B SHS,9.97832e-05,146654.97
2026-05-28,IE000EGGFVG6,HUSQA,HUSQVARNAAB A SHS,6.104e-07,897.19
2026-05-28,IE000EGGFVG6,SVEDB,SVEDBERGSI DALSTORP AB,1.34e-06,1969.4
2026-05-28,IE000EGGFVG6,RATOB,RATOS AB BSHS,2.13282e-05,31346.77
2026-05-28,IE000EGGFVG6,CATE,CATENA AB,2.31468e-05,34019.65
2026-05-28,IE000EGGFVG6,DIOS,DIOS FASTIGHETER AB,2.0342e-05,29897.42
2026-05-28,IE000EGGFVG6,BTSB,BTS GROUPAB B SHARES,2.8653e-06,4211.29
2026-05-28,IE000EGGFVG6,REJLB,REJLERS AB,2.0918e-06,3074.46
2026-05-28,IE000EGGFVG6,JM,JM AB,1.98265e-05,29139.78
2026-05-28,IE000EGGFVG6,VBGB,VBG GROUPAB B SHS,4.1745e-06,6135.38
2026-05-28,IE000EGGFVG6,SSABA,SSAB AB ASHARES,8.4685e-06,12446.52
2026-05-28,IE000EGGFVG6,SSABB,SSAB ABB SHARES,6.40744e-05,94172.41
2026-05-28,IE000EGGFVG6,SOBI,SWEDISH ORPHAN BIOVITRUM AB,9.87442e-05,145127.81
2026-05-28,IE000EGGFVG6,LIAB,LINDAB INTERNATIONAL AB,2.57541e-05,37851.75
2026-05-28,IE000EGGFVG6,SKFA,SKF AB A SHS,1.6828e-06,2473.26
2026-05-28,IE000EGGFVG6,SKFB,SKF AB B SHARES,0.0001027447,151007.59
2026-05-28,IE000EGGFVG6,VOLVA,VOLVO AB ASHS,9.61329e-05,141289.92
2026-05-28,IE000EGGFVG6,VOLVB,VOLVO AB BSHS,0.0008306664,1220859.89
2026-05-28,IE000EGGFVG6,SAND,SANDVIK AB,0.0002348402,345152.89
2026-05-28,IE000EGGFVG6,SCAA,SVENSKA CELLULOSA AB A SHS,1.1568e-06,1700.19
2026-05-28,IE000EGGFVG6,SCAB,SVENSKA CELLULOSA AB SCA B,8.1751e-05,120152.41
2026-05-28,IE000EGGFVG6,CRADB,C RAD AB BSHS,4.116e-07,604.94
2026-05-28,IE000EGGFVG6,MEKO,MEKO AB,3.2329e-06,4751.54
2026-05-28,IE000EGGFVG6,EWRK,EWORK GROUP AB,5.159e-07,758.3
2026-05-28,IE000EGGFVG6,CLAB,CLOETTA ABB SHS,1.75791e-05,25836.61
2026-05-28,IE000EGGFVG6,SIVE,SIVERS SEMICONDUCTORS AB,1.40834e-05,20698.85
2026-05-28,IE000EGGFVG6,BULTEN,BULTEN AB,7.704e-07,1132.26
2026-05-28,IE000EGGFVG6,BMAX,BYGGMAX GROUP AB,3.3617e-06,4940.88
2026-05-28,IE000EGGFVG6,TEL2B,TELE2 AB BSHS,0.000404271,594171.47
2026-05-28,IE000EGGFVG6,NEOBO,NEOBO FASTIGHETER AB,9.526e-07,1400.03
2026-05-28,IE000EGGFVG6,SAGAB,SAGAX AB B,2.56605e-05,37714.08
2026-05-28,IE000EGGFVG6,OVZON,OVZON AB,3.1969e-06,4698.53
2026-05-28,IE000EGGFVG6,BHG,BHG GROUPAB,3.8525e-06,5662.21
2026-05-28,IE000EGGFVG6,SBBB,SAMHALLSBYGGNADSBOLAGET I NO,2.6266e-06,3860.41
2026-05-28,IE000EGGFVG6,MAHAA,MAHA CAPITAL AB,7.909e-07,1162.46
2026-05-28,IE000EGGFVG6,XSPRAY,XSPRAY PHARMA AB,7.468e-07,1097.55
2026-05-28,IE000EGGFVG6,SDIPB,SDIPTECH AB   B,2.77859e-05,40837.98
2026-05-28,IE000EGGFVG6,VITB,VITEC SOFTWARE GROUP AB B SH,7.537e-06,11077.41
2026-05-28,IE000EGGFVG6,IPCO,INTERNATIONAL PETROLEUM CORP,3.70895e-05,54511.76
2026-05-28,IE000EGGFVG6,ACAD,ACADEMEDIAAB,3.49207e-05,51324.13
2026-05-28,IE000EGGFVG6,HOLMB,HOLMEN ABB SHARES,3.24694e-05,47721.44
2026-05-28,IE000EGGFVG6,BIOAB,BIOARCTICAB,3.64242e-05,53533.87
2026-05-28,IE000EGGFVG6,BEIAB,BEIJER ALMA AB,1.86129e-05,27356.01
2026-05-28,IE000EGGFVG6,ARJOB,ARJO ABB SHARES,1.8065e-05,26550.84
2026-05-28,IE000EGGFVG6,GREEN,GREEN LANDSCAPING GROUP AB,1.1635e-06,1710.01
2026-05-28,IE000EGGFVG6,MIPS,MIPS AB,4.1962e-06,6167.34
2026-05-28,IE000EGGFVG6,BONEX,BONESUPPORT HOLDING AB,6.6473e-06,9769.78
2026-05-28,IE000EGGFVG6,ALTRA,NYFOSA AB,2.29789e-05,33772.85
2026-05-28,IE000EGGFVG6,EG7,ENAD GLOBAL 7 AB,1.0215e-06,1501.36
2026-05-28,IE000EGGFVG6,FABG,FABEGE AB,2.55543e-05,37558.12
2026-05-28,IE000EGGFVG6,NMAN,NEDERMAN HOLDING AB,2.013e-06,2958.52
2026-05-28,IE000EGGFVG6,BETCO,BETTER COLLECTIVE A/S,3.9485e-06,5803.27
2026-05-28,IE000EGGFVG6,VITR,VITROLIFEAB,7.2733e-06,10689.86
2026-05-28,IE000EGGFVG6,SBBD,SAMHALLSBYGGNADSBOLAGET I D,6.173e-07,907.29
2026-05-28,IE000EGGFVG6,PLAZB,PLATZER FASTIGHETER HOLD B,2.7462e-06,4036.22
2026-05-28,IE000EGGFVG6,LIME,LIME TECHNOLOGIES AB,2.0256e-06,2977.04
2026-05-28,IE000EGGFVG6,VPLAYB,VIAPLAY GROUP AB,3.0843e-06,4533.16
2026-05-28,IE000EGGFVG6,EQT,EQT AB,3.3136e-05,48701.09
2026-05-28,IE000EGGFVG6,SLPB,SWEDISH LOGISTIC PROPERTY B,2.01048e-05,29548.72
2026-05-28,IE000EGGFVG6,JOMA,JOHN MATTSON FASTIGHETSFORET,1.2879e-06,1892.88
2026-05-28,IE000EGGFVG6,EVO,EVOLUTIONAB,8.7623e-05,128782.66
2026-05-28,IE000EGGFVG6,SINCH,SINCH AB,0.0001259674,185138.76
2026-05-28,IE000EGGFVG6,NORION,NORION BANK AB,4.693e-06,6897.5
2026-05-28,IE000EGGFVG6,LIFCOB,LIFCO AB BSHS,4.48165e-05,65868.43
2026-05-28,IE000EGGFVG6,KLARAB,KLARABO SVERIGE AB B,1.0055e-06,1477.84
2026-05-28,IE000EGGFVG6,WALLB,WALLENSTAMAB B SHS,2.32287e-05,34139.98
2026-05-28,IE000EGGFVG6,ANODB,ADDNODE GROUP AB,2.48151e-05,36471.56
2026-05-28,IE000EGGFVG6,ATCOA,ATLAS COPCO AB A SHS,0.0003565425,524023.18
2026-05-28,IE000EGGFVG6,ATCOB,ATLAS COPCO AB B SHS,9.82799e-05,144445.43
2026-05-28,IE000EGGFVG6,ADDTB,ADDTECH ABB SHARES,0.0001500226,220493.56
2026-05-28,IE000EGGFVG6,STORB,STORSKOGENGROUP AB B,2.39614e-05,35216.99
2026-05-28,IE000EGGFVG6,CINT,CINT GROUPAB,2.0866e-06,3066.82
2026-05-28,IE000EGGFVG6,SFAST,STENHUS FASTIGHETER I NORDEN,1.2033e-06,1768.59
2026-05-28,IE000EGGFVG6,TRUEB,TRUECALLERAB B,3.3778e-06,4964.54
2026-05-28,IE000EGGFVG6,NORBB,NORDISK BERGTEKNIK AB B,3.808e-07,559.61
2026-05-28,IE000EGGFVG6,RVRC,RVRC HOLDING AB,1.90817e-05,28045.02
2026-05-28,IE000EGGFVG6,VESTUM,VESTUM AB,2.003e-06,2943.94
2026-05-28,IE000EGGFVG6,EPIA,EPIROC ABA,0.0001029977,151379.31
2026-05-28,IE000EGGFVG6,EPIB,EPIROC ABB,4.04317e-05,59423.86
2026-05-28,IE000EGGFVG6,FOIB,FENIX OUTDOOR INTERNATIONAL,1.669e-06,2452.92
2026-05-28,IE000EGGFVG6,NELLY,NELLY GROUP AB,3.182e-07,467.69
2026-05-28,IE000EGGFVG6,LOOMIS,LOOMIS AB,9.49813e-05,139597.36
2026-05-28,IE000EGGFVG6,ALIFB,ADDLIFE ABB,2.43371e-05,35769.14
2026-05-28,IE000EGGFVG6,BETSB,BETSSON ABB,3.99438e-05,58706.75
2026-05-28,IE000EGGFVG6,LAGRB,LAGERCRANTZ GROUP AB B SHS,8.38119e-05,123181.25
2026-05-28,IE000EGGFVG6,HEM,HEMNET GROUP AB,6.8966e-06,10136.19
2026-05-28,IE000EGGFVG6,AFRY,AFRY AB,2.34884e-05,34521.8
2026-05-28,IE000EGGFVG6,NIBEB,NIBE INDUSTRIER AB B SHS,3.30201e-05,48530.8
2026-05-28,IE000EGGFVG6,MTGB,MODERN TIMES GROUP B SHS,2.99991e-05,44090.72
2026-05-28,IE000EGGFVG6,ENGCONB,ENGCON AB,2.5258e-06,3712.27
2026-05-28,IE000EGGFVG6,SAVE,NORDNET ABPUBL,4.00044e-05,58795.85
2026-05-28,IE000EGGFVG6,HANZA,HANZA AB,3.2165e-06,4727.37
2026-05-28,IE000EGGFVG6,ANNEB,ANNEHEM FASTIGHETER AB B,6.704e-07,985.35
2026-05-28,IE000EGGFVG6,SCST,SCANDI STANDARD AB,2.63405e-05,38713.55
2026-05-28,IE000EGGFVG6,VIMIAN,VIMIAN GROUP AB,4.9596e-06,7289.37
2026-05-28,IE000EGGFVG6,EMILB,FASTIGHETSBOLAGET EMILSHUS B,2.5293e-06,3717.41
2026-05-28,IE000EGGFVG6,FG,FASADGRUPPEN GROUP AB,1.3636e-06,2004.12
2026-05-28,IE000EGGFVG6,SEDANA,SEDANA MEDICAL AB,6.676e-07,981.24
2026-05-28,IE000EGGFVG6,NCAB,NCAB GROUPAB,2.33637e-05,34338.39
2026-05-28,IE000EGGFVG6,BEIJB,BEIJER REFAB CL B,4.24056e-05,62325.01
2026-05-28,IE000EGGFVG6,SYNSAM,SYNSAM GROUP AB,1.65137e-05,24270.71
2026-05-28,IE000EGGFVG6,MMGRB,MOMENTUM GROUP KOMPONENTER +,2.2001e-06,3233.59
2026-05-28,IE000EGGFVG6,SMCRT,SMARTCRAFTGROUP AB,3.859e-07,567.18
2026-05-28,IE000EGGFVG6,LOGIB,LOGISTEA AB B,2.6316e-06,3867.74
2026-05-28,IE000EGGFVG6,WIHL,WIHLBORGSFASTIGHETER AB,1.67504e-05,24618.62
2026-05-28,IE000EGGFVG6,INSTAL,INSTALCO AB,2.10567e-05,30947.74
2026-05-28,IE000EGGFVG6,SAABB,SAAB AB B,2.16558e-05,31828.24
2026-05-28,IE000EGGFVG6,SECTB,SECTRA ABB SHS,5.05281e-05,74263.0
2026-05-28,IE000EGGFVG6,GRNG,GRANGES AB,3.86618e-05,56822.64
2026-05-28,IE000EGGFVG6,VOLCARB,VOLVO CARAB B,7.1377e-06,10490.55
2026-05-28,IE000EGGFVG6,RUSTA,RUSTA AB,7.5162e-06,11046.88
2026-05-28,IE000EGGFVG6,HUMBLE,HUMBLE GROUP AB,2.5181e-06,3700.91
2026-05-28,IE000EGGFVG6,THULE,THULE GROUP AB/THE,2.08136e-05,30590.52
2026-05-28,IE000EGGFVG6,NP3,NP3 FASTIGHETER AB,1.56068e-05,22937.87
2026-05-28,IE000EGGFVG6,EMBRACB,EMBRACER GROUP AB,8.8361e-06,12986.75
2026-05-28,IE000EGGFVG6,BUFAB,BUFAB AB,2.43667e-05,35812.64
2026-05-28,IE000EGGFVG6,STEFB,STENDORRENFASTIGHETER AB,2.0845e-06,3063.65
2026-05-28,IE000EGGFVG6,AVARDA,AVARDA BANK AB,4.0042e-06,5885.11
2026-05-28,IE000EGGFVG6,MYCR,MYCRONIC AB,6.91339e-05,101608.57
2026-05-28,IE000EGGFVG6,ATRLJB,ATRIUM LJUNGBERG AB B SHS,5.1874e-06,7624.16
2026-05-28,IE000EGGFVG6,DUST,DUSTIN GROUP AB,1.1507e-06,1691.29
2026-05-28,IE000EGGFVG6,HOFI,HOIST FINANCE AB,7.8235e-06,11498.52
2026-05-28,IE000EGGFVG6,PUBLI,PPI PUBLICPROPERTY INVEST A,2.82e-08,41.51
2026-05-28,IE000EGGFVG6,HPOLB,HEXPOL AB,3.97361e-05,58401.49
2026-05-28,IE000EGGFVG6,SHBA,SVENSKA HANDELSBANKEN A SHS,0.0001200719,176473.9
2026-05-28,IE000EGGFVG6,SHBB,SVENSKA HANDELSBANKEN B SHS,2.1937e-06,3224.18
2026-05-28,IE000EGGFVG6,MCOVB,MEDICOVERAB   B SHARE,2.59834e-05,38188.79
2026-05-28,IE000EGGFVG6,SHOT,SCANDIC HOTELS GROUP AB,4.57525e-05,67244.08
2026-05-28,IE000EGGFVG6,CAMX,CAMURUS AB,3.0825e-05,45304.59
2026-05-28,IE000EGGFVG6,AMBEA,AMBEA AB,3.34411e-05,49149.5
2026-05-28,IE000EGGFVG6,NILB,NILORNGRUPPEN AB B SHS,7.007e-07,1029.89
2026-05-28,IE000EGGFVG6,COOR,COOR SERVICE MANAGEMENT,6.6563e-06,9782.93
2026-05-28,IE000EGGFVG6,HUM,HUMANA AB,2.5624e-06,3766.08
2026-05-28,IE000EGGFVG6,EOLUB,EOLUS AB BSHS,1.0298e-06,1513.54
2026-05-28,IE000EGGFVG6,VOLO,VOLATI AB,8.577e-07,1260.64
2026-05-28,IE000EGGFVG6,MTRS,MUNTERS GROUP AB,5.48843e-05,80665.36
2026-05-28,IE000EGGFVG6,PNDXB,PANDOX AB,2.51305e-05,36935.19
2026-05-28,IE000EGGFVG6,ALIG,ALIMAK GROUP AB,1.58344e-05,23272.32
2026-05-28,IE000EGGFVG6,MCAP,MEDCAP AB,3.1124e-06,4574.41
2026-05-28,IE000EGGFVG6,BRAV,BRAVIDA HOLDING AB,5.72014e-05,84070.98
2026-05-28,IE000EGGFVG6,ATT,ATTENDO AB,3.75181e-05,55141.63
2026-05-28,IE000EGGFVG6,BOOZT,BOOZT AB,5.5222e-06,8116.17
2026-05-28,IE000EGGFVG6,HMS,HMS NETWORKS AB,3.349e-06,4922.13
2026-05-28,IE000EGGFVG6,BONAVB,BONAVA ABB SHARES,1.9887e-06,2922.84
2026-05-28,IE000EGGFVG6,AFK,ARENDALS FOSSEKOMPANI ASA,1.5671e-06,2303.17
2026-05-28,IE000EGGFVG6,ABG,ABG SUNDALCOLLIER HOLDING,1.9165e-06,2816.77
2026-05-28,IE000EGGFVG6,REACH,REACH SUBSEA ASA,7.236e-07,1063.45
2026-05-28,IE000EGGFVG6,LSG,LEROY SEAFOOD GROUP ASA,1.72866e-05,25406.7
2026-05-28,IE000EGGFVG6,TEL,TELENOR ASA,5.17914e-05,76119.62
2026-05-28,IE000EGGFVG6,STB,STOREBRANDASA,9.7122e-05,142743.62
2026-05-28,IE000EGGFVG6,ROGS,ROGALAND SPAREBANK,1.9686e-06,2893.25
2026-05-28,IE000EGGFVG6,NRC,NRC GROUPASA,1.0095e-06,1483.71
2026-05-28,IE000EGGFVG6,HEX,HEXAGON COMPOSITES ASA,1.813e-06,2664.64
2026-05-28,IE000EGGFVG6,SUBC,SUBSEA 7 SA,8.10478e-05,119118.82
2026-05-28,IE000EGGFVG6,SOFF,SOLSTAD OFFSHORE ASA,2.6335e-06,3870.61
2026-05-28,IE000EGGFVG6,KIT,KITRON ASA,2.81911e-05,41433.42
2026-05-28,IE000EGGFVG6,AFG,AF GRUPPENASA,8.5095e-06,12506.7
2026-05-28,IE000EGGFVG6,PHO,PHOTOCUREASA,5.018e-07,737.55
2026-05-28,IE000EGGFVG6,OTEC,OTELLO CORP ASA,9.04e-07,1328.69
2026-05-28,IE000EGGFVG6,EQNR,EQUINOR ASA,0.0002848446,418646.17
2026-05-28,IE000EGGFVG6,YAR,YARA INTERNATIONAL ASA,7.16373e-05,105287.94
2026-05-28,IE000EGGFVG6,ODL,ODFJELL DRILLING LTD,8.7198e-06,12815.74
2026-05-28,IE000EGGFVG6,AKSO,AKER SOLUTIONS ASA,2.70514e-05,39758.36
2026-05-28,IE000EGGFVG6,VEND,VEND MARKETPLACES ASA CL,5.9209e-06,8702.19
2026-05-28,IE000EGGFVG6,BWO,BW OFFSHORE LTD,1.78737e-05,26269.68
2026-05-28,IE000EGGFVG6,OKEA,OKEA ASA,1.7852e-06,2623.76
2026-05-28,IE000EGGFVG6,PRS,PROSAFE SE,8.689e-07,1277.07
2026-05-28,IE000EGGFVG6,BWE,BW ENERGYLTD,1.40567e-05,20659.66
2026-05-28,IE000EGGFVG6,PEXIP,PEXIP HOLDING ASA,1.4032e-06,2062.36
2026-05-28,IE000EGGFVG6,AKBM,AKER BIOMARINE ASA,9.369e-07,1377.04
2026-05-28,IE000EGGFVG6,DNB,DNB BANK ASA,0.000161548,237432.8
2026-05-28,IE000EGGFVG6,VAR,VAR ENERGIASA,4.83349e-05,71039.5
2026-05-28,IE000EGGFVG6,OTL,ODFJELL TECHNOLOGY LTD,6.069e-07,892.01
2026-05-28,IE000EGGFVG6,DOFG,DOF GROUPASA,2.99337e-05,43994.63
2026-05-28,IE000EGGFVG6,NOM,NORDIC MINING ASA,8.309e-07,1221.25
2026-05-28,IE000EGGFVG6,KMAR,KONGSBERGMARITIME AS,1.10106e-05,16182.74
2026-05-28,IE000EGGFVG6,,ELKEM ASA,4.493e-07,660.33
2026-05-28,IE000EGGFVG6,,AXACTOR SERIGHT,1.78e-08,26.15
2026-05-28,IE000EGGFVG6,MGN,MAGNORA ASA,1.2452e-06,1830.08
2026-05-28,IE000EGGFVG6,NOD,NORDIC SEMICONDUCTOR ASA,5.48173e-05,80567.0
2026-05-28,IE000EGGFVG6,MEDI,MEDISTIM ASA,2.1049e-06,3093.58
2026-05-28,IE000EGGFVG6,MOWI,MOWI ASA,5.20091e-05,76439.56
2026-05-28,IE000EGGFVG6,NEL,NEL ASA,6.2044e-06,9118.87
2026-05-28,IE000EGGFVG6,AKER,AKER ASA ASHARES,2.95961e-05,43498.44
2026-05-28,IE000EGGFVG6,WWIB,WILH WILHELMSEN HOLDING B,2.478e-06,3642.02
2026-05-28,IE000EGGFVG6,KOA,KONGSBERGAUTOMOTIVE ASA,1.5759e-06,2316.1
2026-05-28,IE000EGGFVG6,HELG,SPAREBANK1 HELGELAND,5.449e-07,800.89
2026-05-28,IE000EGGFVG6,ODF,ODFJELL SEA SHS,2.5222e-06,3706.94
2026-05-28,IE000EGGFVG6,NHY,NORSK HYDRO ASA,0.0001029193,151264.17
2026-05-28,IE000EGGFVG6,ATEA,ATEA ASA,1.92971e-05,28361.62
2026-05-28,IE000EGGFVG6,TGS,TGS ASA,0.0001044695,153542.58
2026-05-28,IE000EGGFVG6,BONHR,BONHEUR ASA,5.8264e-06,8563.25
2026-05-28,IE000EGGFVG6,AUSS,AUSTEVOLLSEAFOOD ASA,1.71335e-05,25181.64
2026-05-28,IE000EGGFVG6,PROT,PROTECTORFORSIKRING ASA,2.74072e-05,40281.3
2026-05-28,IE000EGGFVG6,AKVA,AKVA GROUPASA,4.932e-07,724.93
2026-05-28,IE000EGGFVG6,AKRBP,AKER BP ASA,0.0001646939,242056.52
2026-05-28,IE000EGGFVG6,AKAST,AKASTOR ASA,1.8407e-06,2705.34
2026-05-28,IE000EGGFVG6,ORK,ORKLA ASA,4.6312e-06,6806.71
2026-05-28,IE000EGGFVG6,SALM,SALMAR ASA,2.04486e-05,30053.99
2026-05-28,IE000EGGFVG6,VEI,VEIDEKKE ASA,3.59884e-05,52893.48
2026-05-28,IE000EGGFVG6,BOUV,BOUVET ASA,3.1308e-06,4601.48
2026-05-28,IE000EGGFVG6,GSF,GRIEG SEAFOOD ASA,1.1161e-06,1640.41
2026-05-28,IE000EGGFVG6,BNOR,BLUENORD ASA,0.0001458003,214287.82
2026-05-28,IE000EGGFVG6,SB1NO,SPAREBANK1 SOR NORGE ASA,3.21658e-05,47275.24
2026-05-28,IE000EGGFVG6,GJF,GJENSIDIGEFORSIKRING ASA,2.46362e-05,36208.74
2026-05-28,IE000EGGFVG6,SNI,STOLT NIELSEN LTD,1.88391e-05,27688.47
2026-05-28,IE000EGGFVG6,SBO,SELVAAG BOLIG ASA,1.0815e-06,1589.49
2026-05-28,IE000EGGFVG6,WAWI,WALLENIUSWILHELMSEN ASA,3.35564e-05,49319.0
2026-05-28,IE000EGGFVG6,PEN,PANORO ENERGY ASA,1.90041e-05,27930.94
2026-05-28,IE000EGGFVG6,ENH,SED ENERGYHOLDINGS PLC,7.418e-07,1090.25
2026-05-28,IE000EGGFVG6,BAKKA,BAKKAFROSTP/F,2.0929e-05,30760.11
2026-05-28,IE000EGGFVG6,WWI,WILH WILHELMSEN HOLDING A,1.92271e-05,28258.71
2026-05-28,IE000EGGFVG6,BRG,BORREGAARDASA,2.73848e-05,40248.44
2026-05-28,IE000EGGFVG6,MPCC,MPC CONTAINER SHIPS AS,2.59565e-05,38149.26
2026-05-28,IE000EGGFVG6,2020,2020 BULKERS LTD,6.189e-07,909.59
2026-05-28,IE000EGGFVG6,ELMRA,ELMERA GROUP ASA,2.0247e-06,2975.78
2026-05-28,IE000EGGFVG6,ELK,ELKEM ASA,2.69105e-05,39551.26
2026-05-28,IE000EGGFVG6,KCC,KLAVENESSCOMBINATION CARRIE,1.8876e-06,2774.22
2026-05-28,IE000EGGFVG6,NAPA,NAPATECH A/S,1.1344e-06,1667.23
2026-05-28,IE000EGGFVG6,NOL,NORTHERN OCEAN LTD,1.0024e-06,1473.25
2026-05-28,IE000EGGFVG6,ACR,AXACTOR ASA,5.922e-07,870.37
2026-05-28,IE000EGGFVG6,NORBT,NORBIT ASA,1.92437e-05,28283.18
2026-05-28,IE000EGGFVG6,PARB,PARETO BANK ASA,2.631e-06,3866.83
2026-05-28,IE000EGGFVG6,NSKOG,NORSKE SKOG ASA,2.4271e-06,3567.22
2026-05-28,IE000EGGFVG6,SATS,SATS ASA,2.16666e-05,31844.21
2026-05-28,IE000EGGFVG6,PLSV,PARATUS ENERGY SERVICES LTD,1.2343e-06,1814.11
2026-05-28,IE000EGGFVG6,CLOUD,CLOUDBERRYCLEAN ENERGY ASA,2.2928e-06,3369.79
2026-05-28,IE000EGGFVG6,LINK,LINK MOBILITY GROUP HOLDING,1.97981e-05,29097.91
2026-05-28,IE000EGGFVG6,ELO,ELOPAK ASA,2.928e-06,4303.33
2026-05-28,IE000EGGFVG6,HAUTO,HOEGH AUTOLINERS ASA,0.0001437136,211221.02
2026-05-28,IE000EGGFVG6,SALME,SALMON EVOLUTION ASA,1.1715e-06,1721.86
2026-05-28,IE000EGGFVG6,ZAP,ZAPTEC ASA,1.89e-06,2777.82
2026-05-28,IE000EGGFVG6,FRO,FRONTLINEPLC,4.61498e-05,67827.94
2026-05-28,IE000EGGFVG6,NORCO,NORCONSULTAS,2.5942e-06,3812.83
2026-05-28,IE000EGGFVG6,AGLX,AGILYX ASA,8.125e-07,1194.19
2026-05-28,IE000EGGFVG6,CADLR,CADELER A/S,3.04553e-05,44761.28
2026-05-28,IE000EGGFVG6,SEA1,SEA1 OFFSHORE INC,1.3179e-06,1937.03
2026-05-28,IE000EGGFVG6,BEWI,BEWI AS,1.1296e-06,1660.2
2026-05-28,IE000EGGFVG6,AUTO,AUTOSTOREHOLDINGS LTD,1.40317e-05,20622.93
2026-05-28,IE000EGGFVG6,KOMPL,KOMPLETT ASA,3.031e-07,445.49
2026-05-28,IE000EGGFVG6,ZAL,ZALARIS ASA,1.4506e-06,2132.07
2026-05-28,IE000EGGFVG6,ARCH,ARCHER,1.8104e-06,2660.76
2026-05-28,IE000EGGFVG6,MORG,SPAREBANKEN MORE CAP CERT,4.9048e-06,7208.76
2026-05-28,IE000EGGFVG6,TOM,TOMRA SYSTEMS ASA,3.8808e-06,5703.82
2026-05-28,IE000EGGFVG6,SCATC,SCATEC ASA,2.8976e-05,42587.04
2026-05-28,IE000EGGFVG6,ENTRA,ENTRA ASA,2.4292e-06,3570.24
2026-05-28,IE000EGGFVG6,CRNA,CIRCIO HOLDING,2.44867e-05,35988.91
2026-05-28,IE000EGGFVG6,PNOR,PETRONOR E+P ASA,1.2405e-06,1823.21
2026-05-28,IE000EGGFVG6,KOG,KONGSBERGGRUPPEN ASA,6.2174e-05,91379.4
2026-05-28,IE000EGGFVG6,HAFNI,HAFNIA LTD,2.29969e-05,33799.38
2026-05-28,IE000EGGFVG6,BWLPG,BW LPG LTD,1.14431e-05,16818.39
2026-05-28,IE000EGGFVG6,B2I,B2 IMPACTASA,1.77976e-05,26157.71
2026-05-28,IE000EGGFVG6,MULTI,MULTICONSULT ASA,2.1755e-06,3197.46
2026-05-28,IE000EGGFVG6,KID,KID ASA,4.6484e-06,6831.91
2026-05-28,IE000EGGFVG6,EPR,EUROPRIS ASA,2.93206e-05,43093.47
2026-05-28,IE000EGGFVG6,SPOL,SPAREBANK1 OESTLANDET,1.87633e-05,27577.09
2026-05-28,IE000EGGFVG6,BO,BANG + OLUFSEN A/S,1.6225e-06,2384.71
2026-05-28,IE000EGGFVG6,CARLB,CARLSBERGAS B,0.0002007884,295105.79
2026-05-28,IE000EGGFVG6,MAERSKB,AP MOLLERMAERSK A/S B,6.4145e-05,94276.16
2026-05-28,IE000EGGFVG6,MAERSKA,AP MOLLERMAERSK A/S A,5.29467e-05,77817.69
2026-05-28,IE000EGGFVG6,ALMB,ALM. BRANDA/S,2.86158e-05,42057.69
2026-05-28,IE000EGGFVG6,GRLA,GRONLANDSBANKEN,4.475e-07,657.72
2026-05-28,IE000EGGFVG6,HH,H H INTERNATIONAL A/S B,1.9633e-06,2885.56
2026-05-28,IE000EGGFVG6,GN,GN STORE NORD A/S,3.29328e-05,48402.51
2026-05-28,IE000EGGFVG6,DANSKE,DANSKE BANK A/S,0.000426704,627142.05
2026-05-28,IE000EGGFVG6,GMAB,GENMAB A/S,0.0001111969,163430.02
2026-05-28,IE000EGGFVG6,SOLARB,SOLAR A/SB SHS,1.8604e-06,2734.35
2026-05-28,IE000EGGFVG6,FLS,FLSMIDTH +CO A/S,4.44093e-05,65269.98
2026-05-28,IE000EGGFVG6,PARKEN,PARKEN SPORT + ENTERTAINMENT,7.858e-07,1154.9
2026-05-28,IE000EGGFVG6,BAVA,BAVARIAN NORDIC A/S,3.91799e-05,57584.06
2026-05-28,IE000EGGFVG6,SCHO,SCHOUW + CO,2.70274e-05,39723.2
2026-05-28,IE000EGGFVG6,MTHH,MT HOJGAARD HOLDING,1.9836e-06,2915.3
2026-05-28,IE000EGGFVG6,COLUM,COLUMBUS A/S,7.226e-07,1061.99
2026-05-28,IE000EGGFVG6,RTX,RTX A/S,9.579e-07,1407.93
2026-05-28,IE000EGGFVG6,NKT,NKT A/S,0.0001374206,201971.9
2026-05-28,IE000EGGFVG6,COLOB,COLOPLASTB,8.99144e-05,132150.34
2026-05-28,IE000EGGFVG6,TRMDA,TORM PLC A,3.34755e-05,49200.07
2026-05-28,IE000EGGFVG6,TIV,TIVOLI A/S,2.2047e-06,3240.26
2026-05-28,IE000EGGFVG6,JDAN,JEUDAN A/S,1.5217e-06,2236.54
2026-05-28,IE000EGGFVG6,TRIFOR,TRIFORK HOLDING AG,1.5319e-06,2251.44
2026-05-28,IE000EGGFVG6,JYSK,JYSKE BANKREG,8.56943e-05,125947.96
2026-05-28,IE000EGGFVG6,ALSYDB,AL SYDBANK,4.21852e-05,62001.04
2026-05-28,IE000EGGFVG6,HARBB,HARBOES BRYGGERI AS B,8.004e-07,1176.41
2026-05-28,IE000EGGFVG6,ZEAL,ZEALAND PHARMA A/S,9.08965e-05,133593.76
2026-05-28,IE000EGGFVG6,CBRAIN,CBRAIN A/S,4.528e-07,665.45
2026-05-28,IE000EGGFVG6,CHEMM,CHEMOMETECA/S,1.21251e-05,17820.69
2026-05-28,IE000EGGFVG6,DNORD,D/S NORDEN,2.52639e-05,37131.3
2026-05-28,IE000EGGFVG6,DSV,DSV A/S,0.0002892187,425075.01
2026-05-28,IE000EGGFVG6,FOBANK,FOROYA BANKI P/F,1.2496e-06,1836.62
2026-05-28,IE000EGGFVG6,PNDORA,PANDORA A/S,8.96535e-05,131766.87
2026-05-28,IE000EGGFVG6,NSISB,NOVONESIS(NOVOZYMES) B,0.0002419348,355580.12
2026-05-28,IE000EGGFVG6,MATAS,MATAS A/S,1.90401e-05,27983.89
2026-05-28,IE000EGGFVG6,AMBUB,AMBU A/S B,2.89668e-05,42573.57
2026-05-28,IE000EGGFVG6,RILBA,RINGKJOEBING LANDBOBANK A/S,0.0001058252,155535.02
2026-05-28,IE000EGGFVG6,TCM,TCM GROUPA/S,1.0214e-06,1501.21
2026-05-28,IE000EGGFVG6,NETC,NETCOMPANYGROUP AS,3.03175e-05,44558.68
2026-05-28,IE000EGGFVG6,SPG,SP GROUP A/S,5.1419e-06,7557.18
2026-05-28,IE000EGGFVG6,NTG,NTG NORDICTRANSPORT GROUP A,2.4823e-06,3648.29
2026-05-28,IE000EGGFVG6,ISS,ISS A/S,0.0001028436,151152.83
2026-05-28,IE000EGGFVG6,HUSCO,HUSCOMPAGNIET A/S,8.982e-07,1320.11
2026-05-28,IE000EGGFVG6,HLUNA,H LUNDBECKA/S A SHS,2.2178e-06,3259.54
2026-05-28,IE000EGGFVG6,HLUNB,H LUNDBECKA/S,4.82381e-05,70897.31
2026-05-28,IE000EGGFVG6,UIE,UIE PLC,2.2746e-06,3343.13
2026-05-28,IE000EGGFVG6,VWS,VESTAS WIND SYSTEMS A/S,0.0002294417,337218.58
2026-05-28,IE000EGGFVG6,ALKB,ALK ABELLOA/S,5.54864e-05,81550.4
2026-05-28,IE000EGGFVG6,NOVOB,NOVO NORDISK A/S B,0.0010326703,1517752.06
2026-05-28,IE000EGGFVG6,ROCKA,ROCKWOOL A/S A SHS,2.20984e-05,32478.75
2026-05-28,IE000EGGFVG6,ROCKB,ROCKWOOL A/S B SHS,5.89506e-05,86641.8
2026-05-28,IE000EGGFVG6,NNIT,NNIT A/S,7.025e-07,1032.51
2026-05-28,IE000EGGFVG6,RBREW,ROYAL UNIBREW,7.14542e-05,105018.74
2026-05-28,IE000EGGFVG6,TRYG,TRYG A/S,0.0001034407,152030.42
2026-05-28,IE000EGGFVG6,PAALB,PER AARSLEFF HOLDING A/S,4.00494e-05,58862.09
2026-05-28,IE000EGGFVG6,DFDS,DFDS A/S,2.16896e-05,31877.96
2026-05-28,IE000EGGFVG6,ORSTED,ORSTED A/S,4.52423e-05,66494.27
2026-05-28,IE000EGGFVG6,SJF,SJF BANK A/S,1.60109e-05,23531.79
2026-05-28,IE000EGGFVG6,STG,SCANDINAVIAN TOBACCO GROUP A,1.27406e-05,18725.37
2026-05-28,IE000EGGFVG6,DEMANT,DEMANT A/S,6.33921e-05,93169.64
2026-05-28,IE000EGGFVG6,FORN,FORBO HOLDING AG REG,1.68822e-05,24812.38
2026-05-28,IE000EGGFVG6,HBLN,HYPOTHEKARBANK LENZBURG REG,3.589e-06,5274.89
2026-05-28,IE000EGGFVG6,TXGN,TX GROUP AG,1.15944e-05,17040.71
2026-05-28,IE000EGGFVG6,NEAG,NATURENERGIE HOLDING AG,6.161e-06,9054.98
2026-05-28,IE000EGGFVG6,MIKN,MIKRON HOLDING AG REG NEW,1.342e-06,1972.35
2026-05-28,IE000EGGFVG6,OERL,OC OERLIKON CORP AG REG,8.9476e-06,13150.65
2026-05-28,IE000EGGFVG6,ASCN,ASCOM HOLDING AG REG,2.7165e-06,3992.51
2026-05-28,IE000EGGFVG6,SNBN,SCHWEIZERISCH NATIONALBA REG,5.8603e-06,8613.11
2026-05-28,IE000EGGFVG6,SUN,SULZER AG,6.83056e-05,100391.16
2026-05-28,IE000EGGFVG6,INRN,INTERROLLHOLDING AG REG,2.37568e-05,34916.23
2026-05-28,IE000EGGFVG6,CICN,CICOR TECHNOLOGIES REG,2.08197e-05,30599.48
2026-05-28,IE000EGGFVG6,BARN,BARRY CALLEBAUT AG REG,0.0001285021,188864.11
2026-05-28,IE000EGGFVG6,FTON,FEINTOOL INTL HOLDING REG,6.281e-07,923.11
2026-05-28,IE000EGGFVG6,SCMN,SWISSCOM AG REG,0.0005974408,878079.89
2026-05-28,IE000EGGFVG6,CPHN,CPH GROUPAG,2.8351e-06,4166.91
2026-05-28,IE000EGGFVG6,BEKN,BERNER KANTONALBANK AG REG,4.94139e-05,72625.34
2026-05-28,IE000EGGFVG6,ALLN,ALLREAL HOLDING AG REG,7.68152e-05,112898.01
2026-05-28,IE000EGGFVG6,LISN,CHOCOLADEFABRIKEN LINDT REG,8.22698e-05,120914.82
2026-05-28,IE000EGGFVG6,KOMN,KOMAX HOLDING AG REG,2.5515e-06,3750.02
2026-05-28,IE000EGGFVG6,GIVN,GIVAUDAN REG,0.0001953834,287161.88
2026-05-28,IE000EGGFVG6,ZURN,ZURICH INSURANCE GROUP AG,0.0008026305,1179654.46
2026-05-28,IE000EGGFVG6,RIEN,RIETER HOLDING AG REG,2.8679e-06,4215.05
2026-05-28,IE000EGGFVG6,SGKN,ST GALLERKANTONALBANK A REG,4.16394e-05,61198.96
2026-05-28,IE000EGGFVG6,NOVN,NOVARTIS AG REG,6.69461e-05,98393.04
2026-05-28,IE000EGGFVG6,ABBN,ABB LTD REG,0.0005564731,817868.28
2026-05-28,IE000EGGFVG6,RO,ROCHE HOLDING AG BR,7.00736e-05,102989.62
2026-05-28,IE000EGGFVG6,ADEN,ADECCO GROUP AG REG,0.0001419389,208612.66
2026-05-28,IE000EGGFVG6,HOLN,HOLCIM LTD,0.0005657564,831512.16
2026-05-28,IE000EGGFVG6,TECN,TECAN GROUP AG REG,0.0001240452,182313.56
2026-05-28,IE000EGGFVG6,CLN,CLARIANT AG REG,0.0001322913,194433.25
2026-05-28,IE000EGGFVG6,KUD,KUDELSKI SA BR,1.353e-07,198.88
2026-05-28,IE000EGGFVG6,VONN,VONTOBEL HOLDING AG REG,4.47976e-05,65840.61
2026-05-28,IE000EGGFVG6,NESN,NESTLE SAREG,0.0025038532,3680001.77
2026-05-28,IE000EGGFVG6,ARBN,ARBONIA AG,2.285e-06,3358.28
2026-05-28,IE000EGGFVG6,HUBN,HUBER   SUHNER AG REG,6.52731e-05,95934.25
2026-05-28,IE000EGGFVG6,TEMN,TEMENOS AGREG,8.55842e-05,125786.14
2026-05-28,IE000EGGFVG6,SOON,SONOVA HOLDING AG REG,8.8049e-05,129408.68
2026-05-28,IE000EGGFVG6,UHR,SWATCH GROUP AG/THE BR,0.0003405861,500571.45
2026-05-28,IE000EGGFVG6,UHRN,SWATCH GROUP AG/THE REG,2.56328e-05,37673.44
2026-05-28,IE000EGGFVG6,LONN,LONZA GROUP AG REG,0.0003935676,578440.21
2026-05-28,IE000EGGFVG6,CFT,COMPAGNIEFINANCIERE TRAD BR,5.2439e-06,7707.21
2026-05-28,IE000EGGFVG6,SLHN,SWISS LIFEHOLDING AG REG,0.000304114,446967.19
2026-05-28,IE000EGGFVG6,VATN,VALIANT HOLDING AG REG,5.72931e-05,84205.64
2026-05-28,IE000EGGFVG6,EMSN,EMS CHEMIEHOLDING AG REG,5.00805e-05,73605.15
2026-05-28,IE000EGGFVG6,JFN,JUNGFRAUBAHN HOLDING AG REG,3.85909e-05,56718.48
2026-05-28,IE000EGGFVG6,FHZN,FLUGHAFENZURICH AG REG,0.0003029553,445264.19
2026-05-28,IE000EGGFVG6,SFPN,SF URBAN PROPERTIES AG,2.0723e-06,3045.68
2026-05-28,IE000EGGFVG6,CALN,CALIDA HOLDING REG,1.0685e-06,1570.44
2026-05-28,IE000EGGFVG6,AUTN,AUTONEUM HOLDING AG,4.0707e-06,5982.8
2026-05-28,IE000EGGFVG6,SREN,SWISS RE AG,0.0006188091,909485.64
2026-05-28,IE000EGGFVG6,BKW,BKW AG,4.70536e-05,69156.27
2026-05-28,IE000EGGFVG6,VBSN,IVF HARTMANN HOLDING AG REG,8.357e-07,1228.26
2026-05-28,IE000EGGFVG6,MTG,MEIER TOBLER GROUP AG,1.7199e-06,2527.87
2026-05-28,IE000EGGFVG6,BRKN,BURKHALTERHOLDING AG,2.61764e-05,38472.32
2026-05-28,IE000EGGFVG6,CFR,CIE FINANCIERE RICHEMO A REG,0.0007364503,1082387.08
2026-05-28,IE000EGGFVG6,LMN,LASTMINUTE.COM NV,1.8354e-06,2697.52
2026-05-28,IE000EGGFVG6,BOSN,BOSSARD HOLDING AG REG A,2.89271e-05,42515.13
2026-05-28,IE000EGGFVG6,BYS,BYSTRONICAG,1.87253e-05,27521.18
2026-05-28,IE000EGGFVG6,UBSG,UBS GROUPAG REG,0.0003751947,551436.88
2026-05-28,IE000EGGFVG6,MOZN,MOBILEZONEHOLDING AG REG,4.2807e-06,6291.52
2026-05-28,IE000EGGFVG6,ZEHN,ZEHNDER GROUP AG RG,1.30031e-05,19111.17
2026-05-28,IE000EGGFVG6,PLAN,PLAZZA AGREG A,4.5669e-06,6712.11
2026-05-28,IE000EGGFVG6,WKBN,WALLISER KANTONALBANK REG,8.4927e-06,12482.0
2026-05-28,IE000EGGFVG6,BELL,BELL FOODGROUP AG   REG,1.17163e-05,17219.85
2026-05-28,IE000EGGFVG6,VPBN,VP BANK AGA,3.3185e-06,4877.37
2026-05-28,IE000EGGFVG6,GALE,GALENICA AG,0.0001075534,158075.05
2026-05-28,IE000EGGFVG6,LLBN,LIECHTENSTEIN LANDESBANK,2.40308e-05,35318.85
2026-05-28,IE000EGGFVG6,SIKA,SIKA AG REG,0.0001232653,181167.36
2026-05-28,IE000EGGFVG6,ALC,ALCON INC,6.1875e-06,9093.92
2026-05-28,IE000EGGFVG6,HBAN,HELVETIA BALOISE HOLDING AG,0.0002931365,430833.15
2026-05-28,IE000EGGFVG6,AEVS,AEVIS VICTORIA SA,1.5102e-06,2219.53
2026-05-28,IE000EGGFVG6,VZN,VZ HOLDINGAG,5.1658e-05,75923.55
2026-05-28,IE000EGGFVG6,BCVN,BANQUE CANTONALE VAUDOIS REG,9.91523e-05,145727.72
2026-05-28,IE000EGGFVG6,VZUG,V ZUG HOLDING AG,1.0884e-06,1599.67
2026-05-28,IE000EGGFVG6,BEAN,BELIMO HOLDING AG REG,0.0001324292,194635.92
2026-05-28,IE000EGGFVG6,MEDX,MEDMIX AG,2.6191e-06,3849.4
2026-05-28,IE000EGGFVG6,STMN,STRAUMANNHOLDING AG REG,0.0001343965,197527.32
2026-05-28,IE000EGGFVG6,SGSN,SGS SA REG,0.0003794061,557626.58
2026-05-28,IE000EGGFVG6,SWTQ,SCHWEITERTECHNOLOGIES AG,3.5743e-06,5253.23
2026-05-28,IE000EGGFVG6,LUKN,LUZERNER KANTONALBANK AG REG,4.74928e-05,69801.87
2026-05-28,IE000EGGFVG6,PMN,PHOENIX MECANO AG   REG,3.3705e-06,4953.81
2026-05-28,IE000EGGFVG6,REHN,ROMANDE ENERGIE HOLDING REG,1.88905e-05,27764.03
2026-05-28,IE000EGGFVG6,SDZ,SANDOZ GROUP AG,0.0002172762,319338.52
2026-05-28,IE000EGGFVG6,GALD,GALDERMA GROUP AG,0.0001797884,264241.38
2026-05-28,IE000EGGFVG6,ISN,INTERSHOPHOLDING AG,2.28114e-05,33526.66
2026-05-28,IE000EGGFVG6,SUNN,SUNRISE COMMUNICATIONS AG A,0.0001082901,159157.8
2026-05-28,IE000EGGFVG6,SFZN,SIEGFRIEDHOLDING AG REG,6.95227e-05,102180.03
2026-05-28,IE000EGGFVG6,ARYN,ARYZTA AG,3.91435e-05,57530.61
2026-05-28,IE000EGGFVG6,BCGE,BANQUE CANTONALE DE GENEV BR,7.696e-06,11311.08
2026-05-28,IE000EGGFVG6,DOKA,DORMAKABAHOLDING AG,3.07129e-05,45139.84
2026-05-28,IE000EGGFVG6,ROP,ROCHE HOLDING AG,0.0022527869,3311000.7
2026-05-28,IE000EGGFVG6,,SWISSQUOTEGROUP HOLDING SA,0.0001002303,147311.97
2026-05-28,IE000EGGFVG6,BSLN,BASILEA PHARMACEUTICA REG,2.485e-05,36522.9
2026-05-28,IE000EGGFVG6,KARN,KARDEX HOLDING AG REG,4.07183e-05,59845.19
2026-05-28,IE000EGGFVG6,PSPN,PSP SWISSPROPERTY AG REG,9.10472e-05,133815.25
2026-05-28,IE000EGGFVG6,APGN,APG SGA SA,2.3342e-06,3430.59
2026-05-28,IE000EGGFVG6,YPSN,YPSOMED HOLDING AG REG,4.10458e-05,60326.43
2026-05-28,IE000EGGFVG6,EMMN,EMMI AG REG,3.53699e-05,51984.46
2026-05-28,IE000EGGFVG6,BUCN,BUCHER INDUSTRIES AG REG,4.49861e-05,66117.73
2026-05-28,IE000EGGFVG6,SPSN,SWISS PRIME SITE REG,0.0002287114,336145.25
2026-05-28,IE000EGGFVG6,BBN,BELLEVUE GROUP AG,6.471e-07,951.09
2026-05-28,IE000EGGFVG6,VAHN,VAUDOISE ASSURANCES HOL,1.75809e-05,25839.33
2026-05-28,IE000EGGFVG6,MOBN,MOBIMO HOLDING AG REG,6.3346e-05,93101.87
2026-05-28,IE000EGGFVG6,LEHN,LEM HOLDING SA REG,3.2284e-06,4744.86
2026-05-28,IE000EGGFVG6,EFGN,EFG INTERNATIONAL AG,4.73233e-05,69552.76
2026-05-28,IE000EGGFVG6,AVOL,AVOLTA AG,0.0003344688,491580.61
2026-05-28,IE000EGGFVG6,IMPN,IMPLENIA AG REG,2.40587e-05,35359.88
2026-05-28,IE000EGGFVG6,PGHN,PARTNERS GROUP HOLDING AG,0.0002086974,306729.95
2026-05-28,IE000EGGFVG6,ALSN,ALSO HOLDING AG REG,2.56155e-05,37647.96
2026-05-28,IE000EGGFVG6,SCHN,SCHINDLERHOLDING AG REG,6.3411e-05,93197.43
2026-05-28,IE000EGGFVG6,KNIN,KUEHNE   NAGEL INTL AG REG,0.0001656663,243485.63
2026-05-28,IE000EGGFVG6,BCHN,BURCKHARDTCOMPRESSION HOLDI,6.75124e-05,99225.33
2026-05-28,IE000EGGFVG6,CLTN,COLTENE HOLDING AG REG,1.7581e-06,2583.93
2026-05-28,IE000EGGFVG6,LOGN,LOGITECH INTERNATIONAL REG,5.41443e-05,79577.8
2026-05-28,IE000EGGFVG6,GEBN,GEBERIT AGREG,0.0005581819,820379.69
2026-05-28,IE000EGGFVG6,DAE,DAETWYLERHOLDING AG BR,4.14531e-05,60925.02
2026-05-28,IE000EGGFVG6,METN,METALL ZUGAG SHS B REG,1.8387e-06,2702.43
2026-05-28,IE000EGGFVG6,PEAN,PEACH PROPERTY GROUP AG,1.14e-06,1675.48
2026-05-28,IE000EGGFVG6,BAER,JULIUS BAER GROUP LTD,0.0002695191,396121.78
2026-05-28,IE000EGGFVG6,FREN,FUNDAMENTAREAL ESTATE,1.53879e-05,22616.1
2026-05-28,IE000EGGFVG6,ORON,ORIOR AG,1.0451e-06,1536.09
2026-05-28,IE000EGGFVG6,DKSH,DKSH HOLDING AG,6.04458e-05,88839.27
2026-05-28,IE000EGGFVG6,ZUGN,ZUG ESTATES HOLDING AG B SHR,1.69308e-05,24883.74
2026-05-28,IE000EGGFVG6,DOCM,DOCMORRISAG,3.5436e-06,5208.21
2026-05-28,IE000EGGFVG6,NREN,NOVAVEST REAL ESTATE AG,2.9475e-06,4332.04
2026-05-28,IE000EGGFVG6,SIGN,SIG GROUPAG,5.23624e-05,76958.91
2026-05-28,IE000EGGFVG6,IREN,INVESTIS HOLDING SA,1.9502e-05,28662.8
2026-05-28,IE000EGGFVG6,LAND,LANDIS   GYR GROUP AG,3.01524e-05,44315.98
2026-05-28,IE000EGGFVG6,CMBN,CEMBRA MONEY BANK AG,7.80863e-05,114766.2
2026-05-28,IE000EGGFVG6,SENS,SENSIRIONHOLDING AG,9.1381e-06,13430.59
2026-05-28,IE000EGGFVG6,SRAIL,STADLER RAIL AG,3.35145e-05,49257.49
2026-05-28,IE000EGGFVG6,ZUGER,ZUGER KANTONALBANK BR,3.65836e-05,53768.24
2026-05-28,IE000EGGFVG6,MOVE,MEDACTA GROUP SA,2.08454e-05,30637.19
2026-05-28,IE000EGGFVG6,SWON,SOFTWAREONE HOLDING AG,1.08107e-05,15888.86
2026-05-28,IE000EGGFVG6,VETN,VETROPACKHOLDING REGISTERED,2.9705e-06,4365.8
2026-05-28,IE000EGGFVG6,SFSN,SFS GROUPAG,5.4943e-05,80751.74
2026-05-28,IE000EGGFVG6,GF,FISCHER (GEORG) REG,6.46892e-05,95076.05
2026-05-28,IE000EGGFVG6,AERO,MONTANA AEROSPACE AG,2.39762e-05,35238.71
2026-05-28,IE000EGGFVG6,HIAG,HIAG IMMOBILIEN AG,1.97786e-05,29069.25
2026-05-28,IE000EGGFVG6,IFCN,INFICON HOLDING AG REG,3.86136e-05,56751.74
2026-05-28,IE000EGGFVG6,PPGN,POLYPEPTIDE GROUP AG,6.6925e-06,9836.27
2026-05-28,IE000EGGFVG6,GLKBN,GLARNER KANTONALBANK,1.6291e-06,2394.34
2026-05-28,IE000EGGFVG6,ACLN,ACCELLERONINDUSTRIES AG,0.000269903,396685.99
2026-05-28,IE000EGGFVG6,AMS,AMS OSRAMAG,7.13517e-05,104868.09
2026-05-28,IE000EGGFVG6,MOLN,MOLECULARPARTNERS AG,8.651e-07,1271.48
2026-05-28,IE000EGGFVG6,VARN,VARIA US PROPERTIES AG,5.451e-07,801.17
2026-05-28,IE000EGGFVG6,VACN,VAT GROUPAG,0.0001555756,228654.9
2026-05-28,IE000EGGFVG6,522,ASMPT LTD,9.36452e-05,137633.61
2026-05-28,IE000EGGFVG6,178,SA SA INTERNATIONAL HLDGS,1.494e-07,219.52
2026-05-28,IE000EGGFVG6,900,AEON CREDIT SERVICE ASIA CO,1.4815e-06,2177.37
2026-05-28,IE000EGGFVG6,101,HANG LUNGPROPERTIES LTD,4.42391e-05,65019.84
2026-05-28,IE000EGGFVG6,321,TEXWINCA HOLDINGS LTD,7.433e-07,1092.51
2026-05-28,IE000EGGFVG6,23,BANK OF EAST ASIA LTD,2.42247e-05,35603.91
2026-05-28,IE000EGGFVG6,62,TRANSPORTINTL HLDG LTD,1.9799e-06,2909.96
2026-05-28,IE000EGGFVG6,2,CLP HOLDINGS LTD,4.94981e-05,72749.09
2026-05-28,IE000EGGFVG6,1184,SAS DRAGONHOLDINGS LTD,1.0351e-06,1521.35
2026-05-28,IE000EGGFVG6,480,HKR INTERNATIONAL LTD,5.203e-07,764.76
2026-05-28,IE000EGGFVG6,341,CAFE DE CORAL HOLDINGS LTD,2.0112e-06,2955.91
2026-05-28,IE000EGGFVG6,293,CATHAY PACIFIC AIRWAYS,5.32287e-05,78232.08
2026-05-28,IE000EGGFVG6,127,CHINESE ESTATES HOLDINGS LTD,4.689e-07,689.2
2026-05-28,IE000EGGFVG6,116,CHOW SANGSANG HLDG,4.5373e-06,6668.67
2026-05-28,IE000EGGFVG6,1686,SUNEVISIONHOLDINGS,6.2211e-06,9143.41
2026-05-28,IE000EGGFVG6,440,DAH SING FINANCIAL HOLDINGS,1.01685e-05,14944.96
2026-05-28,IE000EGGFVG6,388,HONG KONGEXCHANGES + CLEAR,0.0003474956,510726.66
2026-05-28,IE000EGGFVG6,709,GIORDANO INTERNATIONAL LTD,2.8466e-06,4183.72
2026-05-28,IE000EGGFVG6,66,MTR CORP,5.07069e-05,74525.69
2026-05-28,IE000EGGFVG6,142,FIRST PACIFIC CO,1.5756e-05,23157.18
2026-05-28,IE000EGGFVG6,393,GLORIOUS SUN ENTERPRISES LTD,4.655e-07,684.1
2026-05-28,IE000EGGFVG6,41,GREAT EAGLE HOLDINGS LTD,1.4337e-06,2107.17
2026-05-28,IE000EGGFVG6,10,HANG LUNGGROUP LTD,3.41615e-05,50208.36
2026-05-28,IE000EGGFVG6,12,HENDERSONLAND DEVELOPMENT,3.77366e-05,55462.88
2026-05-28,IE000EGGFVG6,6,POWER ASSETS HOLDINGS LTD,0.0001001511,147195.64
2026-05-28,IE000EGGFVG6,45,HONGKONG +SHANGHAI HOTELS,3.0585e-06,4495.13
2026-05-28,IE000EGGFVG6,3,HONG KONG+ CHINA GAS,8.70567e-05,127950.31
2026-05-28,IE000EGGFVG6,1126,DREAM INTERNATIONAL LTD,1.7142e-06,2519.42
2026-05-28,IE000EGGFVG6,14,HYSAN DEVELOPMENT CO,9.8162e-06,14427.29
2026-05-28,IE000EGGFVG6,27,GALAXY ENTERTAINMENT GROUP L,8.9008e-05,130818.17
2026-05-28,IE000EGGFVG6,173,K WAH INTLHOLDINGS,1.8931e-06,2782.33
2026-05-28,IE000EGGFVG6,1050,KARRIE INTL HLDGS LTD,9.656e-07,1419.24
2026-05-28,IE000EGGFVG6,683,KERRY PROPERTIES LTD,2.92334e-05,42965.36
2026-05-28,IE000EGGFVG6,856,VSTECS HOLDINGS LTD,6.5511e-06,9628.41
2026-05-28,IE000EGGFVG6,2388,BOC HONG KONG HOLDINGS LTD,0.0001146688,168532.84
2026-05-28,IE000EGGFVG6,590,LUK FOOK HOLDINGS INTL LTD,9.0746e-06,13337.33
2026-05-28,IE000EGGFVG6,659,CTF SERVICES LTD,2.03481e-05,29906.25
2026-05-28,IE000EGGFVG6,8,PCCW LTD,2.95946e-05,43496.28
2026-05-28,IE000EGGFVG6,551,YUE YUEN INDUSTRIAL HLDG,2.92803e-05,43034.27
2026-05-28,IE000EGGFVG6,71,MIRAMAR HOTEL + INVESTMENT,1.8462e-06,2713.41
2026-05-28,IE000EGGFVG6,1200,MIDLAND HOLDINGS LTD,1.8062e-06,2654.7
2026-05-28,IE000EGGFVG6,218,SHENWAN HONGYUAN HK LTD,4.038e-07,593.48
2026-05-28,IE000EGGFVG6,398,ORIENTAL WATCH HOLDINGS,2.2578e-06,3318.38
2026-05-28,IE000EGGFVG6,69,SHANGRI LAASIA LTD,1.71368e-05,25186.52
2026-05-28,IE000EGGFVG6,242,SHUN TAK HOLDINGS LTD,5.94e-07,872.99
2026-05-28,IE000EGGFVG6,716,SINGAMAS CONTAINER HLDGS,6.079e-07,893.41
2026-05-28,IE000EGGFVG6,83,SINO LANDCO,4.49182e-05,66017.94
2026-05-28,IE000EGGFVG6,315,SMARTONE TELECOMMUNICATIONS,3.1457e-06,4623.4
2026-05-28,IE000EGGFVG6,86,SUN HUNG KAI + CO LTD,2.1727e-06,3193.3
2026-05-28,IE000EGGFVG6,16,SUN HUNG KAI PROPERTIES,0.0001245615,183072.44
2026-05-28,IE000EGGFVG6,19,SWIRE PACIFIC LTD   CL A,4.2881e-05,63023.68
2026-05-28,IE000EGGFVG6,87,SWIRE PACIFIC LTD CL B,8.4993e-06,12491.78
2026-05-28,IE000EGGFVG6,88,TAI CHEUNGHOLDINGS,9.587e-07,1409.03
2026-05-28,IE000EGGFVG6,990,DEEP SOURCE HOLDINGS LTD,3.4736e-06,5105.2
2026-05-28,IE000EGGFVG6,732,TRULY INTERNATIONAL HOLDINGS,1.3477e-06,1980.82
2026-05-28,IE000EGGFVG6,345,VITASOY INTL HOLDINGS LTD,6.1169e-06,8990.26
2026-05-28,IE000EGGFVG6,303,VTECH HOLDINGS LTD,2.28303e-05,33554.56
2026-05-28,IE000EGGFVG6,289,WING ON COINTERNATIONAL LTD,1.2852e-06,1888.92
2026-05-28,IE000EGGFVG6,17,NEW WORLDDEVELOPMENT,2.6762e-05,39333.0
2026-05-28,IE000EGGFVG6,373,ALLIED GROUP LTD,1.2036e-06,1768.95
2026-05-28,IE000EGGFVG6,636,KLN LOGISTICS GROUP LTD,3.4093e-06,5010.75
2026-05-28,IE000EGGFVG6,6088,FIT HON TENG LTD,4.64379e-05,68251.38
2026-05-28,IE000EGGFVG6,2878,SOLOMON SYSTECH (INTL) LTD,7.737e-07,1137.18
2026-05-28,IE000EGGFVG6,669,TECHTRONICINDUSTRIES CO LTD,0.000128695,189147.62
2026-05-28,IE000EGGFVG6,2356,DAH SING BANKING GROUP LTD,2.29602e-05,33745.36
2026-05-28,IE000EGGFVG6,2343,PACIFIC BASIN SHIPPING LTD,4.7414e-05,69686.05
2026-05-28,IE000EGGFVG6,240,BUILD KINGHOLDINGS LTD,1.3807e-06,2029.32
2026-05-28,IE000EGGFVG6,868,XINYI GLASS HOLDINGS LTD,5.54656e-05,81519.81
2026-05-28,IE000EGGFVG6,200,MELCO INTERNATIONAL DEVELOP.,1.3031e-05,19152.17
2026-05-28,IE000EGGFVG6,536,TRADELINKELECTRONIC COMMERC,6.148e-07,903.62
2026-05-28,IE000EGGFVG6,823,LINK REIT,0.000210676,309637.98
2026-05-28,IE000EGGFVG6,752,PICO FAR EAST HOLDINGS LTD,1.5562e-06,2287.13
2026-05-28,IE000EGGFVG6,235,CSC HOLDINGS LTD/HK,2.74e-08,40.2
2026-05-28,IE000EGGFVG6,2778,CHAMPION REIT,2.283e-06,3355.4
2026-05-28,IE000EGGFVG6,3918,NAGACORP LTD,2.05495e-05,30202.34
2026-05-28,IE000EGGFVG6,3933,THE UNITEDLABORATORIES INTE,3.83376e-05,56346.06
2026-05-28,IE000EGGFVG6,717,EMPEROR CAPITAL GROUP LTD,2.918e-07,428.83
2026-05-28,IE000EGGFVG6,1883,CITIC TELECOM INTERNATIONAL,1.31665e-05,19351.27
2026-05-28,IE000EGGFVG6,1382,PACIFIC TEXTILES HOLDINGS,1.0699e-06,1572.41
2026-05-28,IE000EGGFVG6,1836,STELLA INTERNATIONAL,2.36887e-05,34816.17
2026-05-28,IE000EGGFVG6,806,VALUE PARTNERS GROUP LTD,2.7354e-06,4020.35
2026-05-28,IE000EGGFVG6,880,SJM HOLDINGS LTD,1.13168e-05,16632.72
2026-05-28,IE000EGGFVG6,327,PAX GLOBALTECHNOLOGY LTD,2.9265e-06,4301.13
2026-05-28,IE000EGGFVG6,1788,GUOTAI JUNAN INTERNATIONAL,1.7142e-05,25194.16
2026-05-28,IE000EGGFVG6,215,HUTCHISONTELECOMM HONG KONG,1.9626e-06,2884.44
2026-05-28,IE000EGGFVG6,1128,WYNN MACAULTD,1.61451e-05,23728.97
2026-05-28,IE000EGGFVG6,2282,MGM CHINAHOLDINGS LTD,3.616e-07,531.45
2026-05-28,IE000EGGFVG6,1913,PRADA S.P.A.,5.36768e-05,78890.64
2026-05-28,IE000EGGFVG6,1910,SAMSONITEGROUP SA,6.05239e-05,88954.16
2026-05-28,IE000EGGFVG6,1299,AIA GROUPLTD,0.0008289478,1218333.99
2026-05-28,IE000EGGFVG6,6823,HKT TRUSTAND HKT LTD SS,0.0001397409,205382.12
2026-05-28,IE000EGGFVG6,1428,BRIGHT SMART SECURITIES AND,2.36028e-05,34689.84
2026-05-28,IE000EGGFVG6,1928,SANDS CHINA LTD,5.17559e-05,76067.48
2026-05-28,IE000EGGFVG6,778,FORTUNE REIT,4.1422e-06,6087.95
2026-05-28,IE000EGGFVG6,1999,MAN WAH HOLDINGS LTD,2.63517e-05,38730.05
2026-05-28,IE000EGGFVG6,1308,SITC INTERNATIONAL HOLDINGS,7.14023e-05,104942.47
2026-05-28,IE000EGGFVG6,1972,SWIRE PROPERTIES LTD,2.68561e-05,39471.36
2026-05-28,IE000EGGFVG6,376,YUNFENG FINANCIAL GROUP LTD,4.0884e-06,6008.82
2026-05-28,IE000EGGFVG6,511,TELEVISIONBROADCASTS LTD,9.926e-07,1458.81
2026-05-28,IE000EGGFVG6,1270,LANGHAM HOSPITALITY INV  SS,3.642e-07,535.32
2026-05-28,IE000EGGFVG6,933,VIVA GOODSCOMPANY LTD,1.834e-06,2695.54
2026-05-28,IE000EGGFVG6,1475,NISSIN FOODS CO LTD,1.8418e-06,2707.03
2026-05-28,IE000EGGFVG6,1523,PLOVER BAYTECHNOLOGIES LTD,2.3394e-06,3438.35
2026-05-28,IE000EGGFVG6,2232,CRYSTAL INTERNATIONAL GROUP,1.71246e-05,25168.64
2026-05-28,IE000EGGFVG6,1997,WHARF REALESTATE INVESTMENT,3.95325e-05,58102.27
2026-05-28,IE000EGGFVG6,3309,C MER MEDICAL HOLDINGS LTD,5.419e-07,796.41
2026-05-28,IE000EGGFVG6,799,IGG INC,1.505e-05,22119.55
2026-05-28,IE000EGGFVG6,1286,IMPRO PRECISION INDUSTRIES L,1.91618e-05,28162.84
2026-05-28,IE000EGGFVG6,2638,HK ELECTRIC INVESTMENTS  SS,2.37113e-05,34849.35
2026-05-28,IE000EGGFVG6,622,OSHIDORI INTERNATIONAL HOLDI,9.2952e-06,13661.52
2026-05-28,IE000EGGFVG6,975,MONGOLIANMINING CORP,2.61663e-05,38457.47
2026-05-28,IE000EGGFVG6,1876,BUDWEISERBREWING CO APAC LT,2.71366e-05,39883.6
2026-05-28,IE000EGGFVG6,1709,DL HOLDINGS GROUP LTD,5.888e-07,865.33
2026-05-28,IE000EGGFVG6,288,WH GROUP LTD,0.0002702125,397140.92
2026-05-28,IE000EGGFVG6,2161,JBM HEALTHCARE LTD,8.267e-07,1215.04
2026-05-28,IE000EGGFVG6,2209,YESASIA HOLDINGS LTD,4.88e-07,717.28
2026-05-28,IE000EGGFVG6,1140,HK AI CAPITAL LTD,6.19e-07,909.74
2026-05-28,IE000EGGFVG6,3886,TOWN HEALTH INTERNATIONAL ME,5.349e-07,786.21
2026-05-28,IE000EGGFVG6,412,SHANDONG HI SPEED HOLDINGS,4.22e-07,620.28
2026-05-28,IE000EGGFVG6,3738,VOBILE GROUP LTD,1.59176e-05,23394.61
2026-05-28,IE000EGGFVG6,179,JOHNSON ELECTRIC HOLDINGS,2.78839e-05,40981.98
2026-05-28,IE000EGGFVG6,1539,UNITY GROUP HOLDINGS INTERNA,4.316e-07,634.33
2026-05-28,IE000EGGFVG6,6929,ORBUSNEICHMEDICAL GROUP HOL,1.0942e-06,1608.14
2026-05-28,IE000EGGFVG6,621,TAUNG GOLDINTERNATIONAL LTD,1.1636e-06,1710.24
2026-05-28,IE000EGGFVG6,1,CK HUTCHISON HOLDINGS LTD,0.0001140931,167686.65
2026-05-28,IE000EGGFVG6,1415,COWELL E HOLDINGS INC,2.23054e-05,32783.03
2026-05-28,IE000EGGFVG6,1341,HAO TIAN INTERNATIONAL CONST,2.015e-07,296.08
2026-05-28,IE000EGGFVG6,1038,CK INFRASTRUCTURE HOLDINGS L,3.36978e-05,49526.82
2026-05-28,IE000EGGFVG6,1113,CK ASSET HOLDINGS LTD,0.0001239936,182237.75
2026-05-28,IE000EGGFVG6,2633,JACOBSON PHARMA CORP LTD,7.781e-07,1143.57
2026-05-28,IE000EGGFVG6,7893,PRONEXUS INC,9.153e-07,1345.27
2026-05-28,IE000EGGFVG6,4206,AICA KOGYOCO LTD,2.93139e-05,43083.69
2026-05-28,IE000EGGFVG6,5482,AICHI STEEL CORP,1.81139e-05,26622.7
2026-05-28,IE000EGGFVG6,6118,AIDA ENGINEERING LTD,2.9049e-06,4269.43
2026-05-28,IE000EGGFVG6,7283,AISAN INDUSTRY CO LTD,2.02121e-05,29706.39
2026-05-28,IE000EGGFVG6,7259,AISIN CORP,8.1608e-05,119942.22
2026-05-28,IE000EGGFVG6,2802,AJINOMOTOCO INC,0.0002153316,316480.46
2026-05-28,IE000EGGFVG6,7238,AKEBONO BRAKE INDUSTRY CO,8.945e-06,13146.81
2026-05-28,IE000EGGFVG6,8343,AKITA BANKLTD/THE,2.05454e-05,30196.26
2026-05-28,IE000EGGFVG6,8864,AIRPORT FACILITIES CO LTD,1.499e-06,2203.17
2026-05-28,IE000EGGFVG6,5933,ALINCO INC,8.726e-07,1282.46
2026-05-28,IE000EGGFVG6,9202,ANA HOLDINGS INC,4.43965e-05,65251.06
2026-05-28,IE000EGGFVG6,7545,NISHIMATSUYA CHAIN CO LTD,1.5068e-05,22146.02
2026-05-28,IE000EGGFVG6,6291,AIRTECH JAPAN LTD,5.26e-07,773.12
2026-05-28,IE000EGGFVG6,6770,ALPS ALPINE CO LTD,6.89234e-05,101299.11
2026-05-28,IE000EGGFVG6,6113,AMADA CO LTD,7.74276e-05,113798.09
2026-05-28,IE000EGGFVG6,6436,AMANO CORP,3.6592e-05,53780.5
2026-05-28,IE000EGGFVG6,4641,ALTECH CORP,2.0212e-06,2970.64
2026-05-28,IE000EGGFVG6,7508,G 7 HOLDINGS INC,2.3143e-06,3401.48
2026-05-28,IE000EGGFVG6,4674,CRESCO LTD,3.2626e-06,4795.1
2026-05-28,IE000EGGFVG6,7868,KOSAIDO HOLDINGS CO LTD,3.5536e-06,5222.8
2026-05-28,IE000EGGFVG6,4676,FUJI MEDIAHOLDINGS INC,2.39532e-05,35204.9
2026-05-28,IE000EGGFVG6,5184,NICHIRIN CO LTD,3.5595e-06,5231.59
2026-05-28,IE000EGGFVG6,8570,AEON FINANCIAL SERVICE CO LT,2.5298e-05,37181.35
2026-05-28,IE000EGGFVG6,7554,KOURAKUENCORP,9.085e-07,1335.22
2026-05-28,IE000EGGFVG6,7550,ZENSHO HOLDINGS CO LTD,4.03353e-05,59282.15
2026-05-28,IE000EGGFVG6,7552,HAPPINET CORP,1.96211e-05,28837.81
2026-05-28,IE000EGGFVG6,4681,RESORTTRUST INC,2.80894e-05,41284.03
2026-05-28,IE000EGGFVG6,8214,AOKI HOLDINGS INC,1.2499e-05,18370.23
2026-05-28,IE000EGGFVG6,8219,AOYAMA TRADING CO LTD,1.80118e-05,26472.6
2026-05-28,IE000EGGFVG6,7867,TOMY COMPANY LTD,3.4064e-05,50065.0
2026-05-28,IE000EGGFVG6,7305,ARAYA INDUSTRIAL CO LTD,2.1716e-06,3191.71
2026-05-28,IE000EGGFVG6,9842,ARCLANDS CORP,2.31982e-05,34095.15
2026-05-28,IE000EGGFVG6,5208,ARISAWA MFG CO LTD,4.7924e-06,7043.49
2026-05-28,IE000EGGFVG6,8572,ACOM CO LTD,1.31482e-05,19324.35
2026-05-28,IE000EGGFVG6,7463,ADVAN GROUP CO LTD,8.008e-07,1176.95
2026-05-28,IE000EGGFVG6,9037,HAMAKYOREXCO LTD,2.09761e-05,30829.33
2026-05-28,IE000EGGFVG6,7564,WORKMAN COLTD,6.4952e-06,9546.24
2026-05-28,IE000EGGFVG6,2502,ASAHI GROUP HOLDINGS LTD,0.0001622469,238460.04
2026-05-28,IE000EGGFVG6,3407,ASAHI KASEI CORP,0.000453093,665926.85
2026-05-28,IE000EGGFVG6,6140,ASAHI DIAMOND INDUSTRIAL CO,7.5661e-06,11120.11
2026-05-28,IE000EGGFVG6,4401,ADEKA CORP,3.98413e-05,58556.13
2026-05-28,IE000EGGFVG6,5201,AGC INC,0.0001176488,172912.54
2026-05-28,IE000EGGFVG6,1975,ASAHI KOGYOSHA CO LTD,2.05625e-05,30221.38
2026-05-28,IE000EGGFVG6,4216,ASAHI YUKIZAI CORP,5.6406e-06,8290.16
2026-05-28,IE000EGGFVG6,1852,ASANUMA CORP,1.58432e-05,23285.29
2026-05-28,IE000EGGFVG6,7936,ASICS CORP,0.0003024819,444568.38
2026-05-28,IE000EGGFVG6,3529,ATSUGI COLTD,8.863e-07,1302.56
2026-05-28,IE000EGGFVG6,9832,AUTOBACS SEVEN CO LTD,6.9755e-06,10252.16
2026-05-28,IE000EGGFVG6,8388,AWA BANK LTD/THE,1.15717e-05,17007.38
2026-05-28,IE000EGGFVG6,6918,AVAL DATACORP,1.4913e-06,2191.87
2026-05-28,IE000EGGFVG6,7539,AINAVO HOLDINGS CO LTD,6.512e-07,957.14
2026-05-28,IE000EGGFVG6,9997,BELLUNA COLTD,2.7459e-06,4035.8
2026-05-28,IE000EGGFVG6,5195,BANDO CHEMICAL INDUSTRIES,3.7826e-06,5559.43
2026-05-28,IE000EGGFVG6,8399,BANK OF THE RYUKYUS LTD,6.52e-06,9582.67
2026-05-28,IE000EGGFVG6,8395,BANK OF SAGA LTD/THE,4.4612e-06,6556.76
2026-05-28,IE000EGGFVG6,4686,JUSTSYSTEMS CORP,2.04343e-05,30032.97
2026-05-28,IE000EGGFVG6,4687,TDC SOFT INC,1.6084e-06,2363.95
2026-05-28,IE000EGGFVG6,1762,TAKAMATSUCONSTRUCTION GROUP,4.5573e-06,6698.07
2026-05-28,IE000EGGFVG6,7864,FUJI SEALINTERNATIONAL INC,9.1582e-06,13460.2
2026-05-28,IE000EGGFVG6,4689,LY CORP,7.3683e-05,108294.53
2026-05-28,IE000EGGFVG6,4966,C UYEMURA+ CO LTD,2.00582e-05,29480.3
2026-05-28,IE000EGGFVG6,7575,JAPAN LIFELINE CO LTD,5.5978e-06,8227.35
2026-05-28,IE000EGGFVG6,6323,RORZE CORP,5.6575e-05,83150.26
2026-05-28,IE000EGGFVG6,9974,BELC CO LTD,5.3671e-06,7888.21
2026-05-28,IE000EGGFVG6,7581,SAIZERIYACO LTD,2.24768e-05,33035.01
2026-05-28,IE000EGGFVG6,6877,OBARA GROUP INC,5.3329e-06,7837.97
2026-05-28,IE000EGGFVG6,3421,INABA SEISAKUSHO CO LTD,7.183e-07,1055.74
2026-05-28,IE000EGGFVG6,8871,GOLDCRESTCO LTD,3.051e-06,4484.22
2026-05-28,IE000EGGFVG6,6875,MEGACHIPSCORP,1.0324e-05,15173.5
2026-05-28,IE000EGGFVG6,4704,TREND MICRO INC,0.0001055301,155101.27
2026-05-28,IE000EGGFVG6,6855,JAPAN ELECTRONIC MATERIALS,6.7516e-06,9923.06
2026-05-28,IE000EGGFVG6,8508,J TRUST COLTD,3.2861e-06,4829.64
2026-05-28,IE000EGGFVG6,6425,UNIVERSALENTERTAINMENT CORP,9.41e-07,1382.95
2026-05-28,IE000EGGFVG6,7593,VT HOLDINGS CO LTD,3.3997e-06,4996.7
2026-05-28,IE000EGGFVG6,7860,AVEX INC,2.5532e-06,3752.55
2026-05-28,IE000EGGFVG6,6328,EBARA JITSUGYO CO LTD,2.0383e-06,2995.76
2026-05-28,IE000EGGFVG6,4709,ID HOLDINGS CORP,1.7434e-06,2562.41
2026-05-28,IE000EGGFVG6,5108,BRIDGESTONE CORP,0.0003275773,481452.03
2026-05-28,IE000EGGFVG6,7220,MUSASHI SEIMITSU INDUSTRY CO,0.0002517065,369941.9
2026-05-28,IE000EGGFVG6,7715,NAGANO KEIKI CO LTD,2.563e-06,3767.0
2026-05-28,IE000EGGFVG6,7599,IDOM INC,6.7841e-06,9970.8
2026-05-28,IE000EGGFVG6,4684,OBIC CO LTD,3.11129e-05,45727.74
2026-05-28,IE000EGGFVG6,4559,ZERIA PHARMACEUTICAL CO LTD,3.88e-06,5702.62
2026-05-28,IE000EGGFVG6,4716,ORACLE CORP JAPAN,2.18367e-05,32094.21
2026-05-28,IE000EGGFVG6,6470,TAIHO KOGYO CO,9.862e-07,1449.52
2026-05-28,IE000EGGFVG6,6448,BROTHER INDUSTRIES LTD,8.37062e-05,123025.91
2026-05-28,IE000EGGFVG6,9436,OKINAWA CELLULAR TELEPHONE,6.1277e-06,9006.12
2026-05-28,IE000EGGFVG6,4719,ALPHA SYSTEMS INC,1.3802e-06,2028.58
2026-05-28,IE000EGGFVG6,5930,BUNKA SHUTTER CO LTD,1.67448e-05,24610.46
2026-05-28,IE000EGGFVG6,6333,TEIKOKU CORP,1.2354e-06,1815.67
2026-05-28,IE000EGGFVG6,9324,YASUDA LOGISTICS CORP,1.9204e-06,2822.42
2026-05-28,IE000EGGFVG6,9658,BUSINESS BRAIN SHOWA OTA INC,1.2973e-06,1906.74
2026-05-28,IE000EGGFVG6,6407,CKD CORP,2.61518e-05,38436.17
2026-05-28,IE000EGGFVG6,6958,CMK CORP,2.8267e-06,4154.5
2026-05-28,IE000EGGFVG6,2579,COCA COLABOTTLERS JAPAN HOL,2.10462e-05,30932.33
2026-05-28,IE000EGGFVG6,4725,CAC HOLDINGS CORP,1.5315e-06,2250.9
2026-05-28,IE000EGGFVG6,7606,UNITED ARROWS LTD,4.2817e-06,6292.98
2026-05-28,IE000EGGFVG6,9449,GMO INTERNET GROUP INC,2.94605e-05,43299.1
2026-05-28,IE000EGGFVG6,7609,DAITRON COLTD,3.0254e-06,4446.54
2026-05-28,IE000EGGFVG6,4732,USS CO LTD,7.19345e-05,105724.61
2026-05-28,IE000EGGFVG6,7751,CANON INC,0.0001209626,177783.01
2026-05-28,IE000EGGFVG6,8060,CANON MARKETING JAPAN INC,3.01002e-05,44239.28
2026-05-28,IE000EGGFVG6,9697,CAPCOM COLTD,0.000106953,157192.65
2026-05-28,IE000EGGFVG6,7611,HIDAY HIDAKA CORP,3.3267e-06,4889.31
2026-05-28,IE000EGGFVG6,8876,RELO GROUPINC,2.45e-05,36008.48
2026-05-28,IE000EGGFVG6,7613,SIIX CORP,3.6048e-06,5298.16
2026-05-28,IE000EGGFVG6,7616,COLOWIDE CO LTD,9.1736e-06,13482.81
2026-05-28,IE000EGGFVG6,4109,STELLA CHEMIFA CORP,3.051e-06,4484.22
2026-05-28,IE000EGGFVG6,8877,ESLEAD CORP,2.1836e-06,3209.3
2026-05-28,IE000EGGFVG6,6952,CASIO COMPUTER CO LTD,2.6233e-05,38555.5
2026-05-28,IE000EGGFVG6,2922,NATORI COLTD,8.093e-07,1189.51
2026-05-28,IE000EGGFVG6,5909,CORONA CORP,7.905e-07,1161.88
2026-05-28,IE000EGGFVG6,9022,CENTRAL JAPAN RAILWAY CO,9.78922e-05,143875.65
2026-05-28,IE000EGGFVG6,8117,CENTRAL AUTOMOTIVE PRODUCTS,6.2307e-06,9157.48
2026-05-28,IE000EGGFVG6,4044,CENTRAL GLASS CO LTD,5.0445e-06,7414.04
2026-05-28,IE000EGGFVG6,9740,CENTRAL SECURITY PATROLS CO,1.1016e-06,1619.09
2026-05-28,IE000EGGFVG6,4968,ARAKAWA CHEMICAL INDUSTRIES,1.8563e-06,2728.21
2026-05-28,IE000EGGFVG6,4714,RISO KYOIKU GROUP CORP,4.948e-07,727.27
2026-05-28,IE000EGGFVG6,8331,CHIBA BANKLTD/THE,3.31328e-05,48696.5
2026-05-28,IE000EGGFVG6,8337,CHIBA KOGYO BANK LTD/THE,4.8116e-06,7071.75
2026-05-28,IE000EGGFVG6,8544,KEIYO BANKLTD/THE,1.51655e-05,22289.21
2026-05-28,IE000EGGFVG6,6850,CHINO CORP,1.3845e-06,2034.86
2026-05-28,IE000EGGFVG6,1938,NIPPON RIETEC CO LTD,2.375e-06,3490.66
2026-05-28,IE000EGGFVG6,6366,CHIYODA CORP,1.08239e-05,15908.3
2026-05-28,IE000EGGFVG6,8185,CHIYODA COLTD,1.2512e-06,1838.91
2026-05-28,IE000EGGFVG6,5946,CHOFU SEISAKUSHO CO LTD,2.5767e-06,3787.09
2026-05-28,IE000EGGFVG6,8014,CHORI CO LTD,3.4869e-06,5124.82
2026-05-28,IE000EGGFVG6,4922,KOSE HOLDINGS CORP,2.09829e-05,30839.38
2026-05-28,IE000EGGFVG6,9502,CHUBU ELECTRIC POWER CO INC,9.07928e-05,133441.36
2026-05-28,IE000EGGFVG6,2053,CHUBU SHIRYO CO LTD,2.2126e-06,3252.0
2026-05-28,IE000EGGFVG6,3877,CHUETSU PULP + PAPER CO LTD,8.794e-07,1292.51
2026-05-28,IE000EGGFVG6,5461,CHUBU STEEL PLATE CO LTD,2.6152e-06,3843.62
2026-05-28,IE000EGGFVG6,1941,CHUDENKO CORP,8.1361e-06,11957.92
2026-05-28,IE000EGGFVG6,9504,CHUGOKU ELECTRIC POWER CO,4.76918e-05,70094.27
2026-05-28,IE000EGGFVG6,4617,CHUGOKU MARINE PAINTS LTD,2.11842e-05,31135.19
2026-05-28,IE000EGGFVG6,1964,CHUGAI ROCO LTD,1.846e-06,2713.14
2026-05-28,IE000EGGFVG6,4519,CHUGAI PHARMACEUTICAL CO LTD,0.0002018314,296638.72
2026-05-28,IE000EGGFVG6,5992,CHUO SPRING CO LTD,3.3843e-06,4974.09
2026-05-28,IE000EGGFVG6,9319,CHUO WAREHOUSE CO LTD,1.5059e-06,2213.22
2026-05-28,IE000EGGFVG6,7762,CITIZEN WATCH CO LTD,5.23634e-05,76960.28
2026-05-28,IE000EGGFVG6,4694,BML INC,4.4996e-06,6613.28
2026-05-28,IE000EGGFVG6,6905,COSEL CO LTD,2.5964e-06,3815.98
2026-05-28,IE000EGGFVG6,7955,CLEANUP CORP,8.11e-07,1192.02
2026-05-28,IE000EGGFVG6,7630,ICHIBANYACO LTD,2.6383e-06,3877.53
2026-05-28,IE000EGGFVG6,9861,YOSHINOYAHOLDINGS CO LTD,9.4881e-06,13945.05
2026-05-28,IE000EGGFVG6,4743,ITFOR INC,1.411e-06,2073.8
2026-05-28,IE000EGGFVG6,9692,COMPUTER ENGINEER + CONSULT,3.4202e-06,5026.85
2026-05-28,IE000EGGFVG6,4751,CYBERAGENTINC,0.0001206827,177371.64
2026-05-28,IE000EGGFVG6,4722,FUTURE CORP,3.9946e-06,5870.94
2026-05-28,IE000EGGFVG6,9621,CTI ENGINEERING CO LTD,2.3143e-06,3401.48
2026-05-28,IE000EGGFVG6,7638,NEW ART HOLDINGS CO LTD,5.807e-07,853.51
2026-05-28,IE000EGGFVG6,4755,RAKUTEN GROUP INC,0.0001252282,184052.25
2026-05-28,IE000EGGFVG6,7483,DOSHISHA CO LTD,3.7587e-06,5524.26
2026-05-28,IE000EGGFVG6,9441,BELL PARKCO LTD,1.1961e-06,1757.89
2026-05-28,IE000EGGFVG6,4680,ROUND ONECORP,3.94142e-05,57928.41
2026-05-28,IE000EGGFVG6,9433,KDDI CORP,0.0005207218,765323.28
2026-05-28,IE000EGGFVG6,9627,AIN HOLDINGS INC,1.16593e-05,17136.13
2026-05-28,IE000EGGFVG6,7245,DAIDO METAL CO LTD,3.1707e-06,4660.07
2026-05-28,IE000EGGFVG6,6383,DAIFUKU COLTD,0.0001644908,241757.89
2026-05-28,IE000EGGFVG6,8059,DAIICHI JITSUGYO CO LTD,3.9035e-06,5737.16
2026-05-28,IE000EGGFVG6,1847,ICHIKEN COLTD,2.1605e-06,3175.38
2026-05-28,IE000EGGFVG6,6023,DAIHATSU INFINEARTH MFG CO L,3.8651e-06,5680.64
2026-05-28,IE000EGGFVG6,1822,DAIHO CORP,9.55e-07,1403.67
2026-05-28,IE000EGGFVG6,7278,EXEDY CORP,7.7814e-06,11436.65
2026-05-28,IE000EGGFVG6,5702,DAIKI ALUMINIUM INDUSTRY CO,3.3604e-06,4938.92
2026-05-28,IE000EGGFVG6,1878,DAITO TRUST CONSTRUCT CO LTD,0.0001041832,153121.68
2026-05-28,IE000EGGFVG6,4202,DAICEL CORP,7.16334e-05,105282.15
2026-05-28,IE000EGGFVG6,5471,DAIDO STEEL CO LTD,3.9274e-05,57722.41
2026-05-28,IE000EGGFVG6,4461,DKS CO LTD,4.7945e-06,7046.63
2026-05-28,IE000EGGFVG6,6367,DAIKIN INDUSTRIES LTD,0.0003110351,457139.27
2026-05-28,IE000EGGFVG6,4631,DIC CORP,4.09113e-05,60128.75
2026-05-28,IE000EGGFVG6,4506,SUMITOMO PHARMA CO LTD,3.1481e-05,46268.8
2026-05-28,IE000EGGFVG6,4611,DAI NIPPONTORYO CO LTD,1.6345e-06,2402.26
2026-05-28,IE000EGGFVG6,7912,DAI NIPPONPRINTING CO LTD,4.18659e-05,61531.79
2026-05-28,IE000EGGFVG6,4116,DAINICHISEIKA COLOR + CHEM,3.61e-06,5305.7
2026-05-28,IE000EGGFVG6,7735,SCREEN HOLDINGS CO LTD,0.0001319724,193964.51
2026-05-28,IE000EGGFVG6,3947,DYNAPAC COLTD,8.67e-07,1274.3
2026-05-28,IE000EGGFVG6,1814,DAISUE CONSTRUCTION CO LTD,1.3738e-06,2019.16
2026-05-28,IE000EGGFVG6,1925,DAIWA HOUSE INDUSTRY CO LTD,0.0003140058,461505.42
2026-05-28,IE000EGGFVG6,3107,DAIWABO HOLDINGS CO LTD,3.91815e-05,57586.43
2026-05-28,IE000EGGFVG6,8601,DAIWA SECURITIES GROUP INC,8.49163e-05,124804.52
2026-05-28,IE000EGGFVG6,7990,GLOBERIDEINC,2.1896e-06,3218.09
2026-05-28,IE000EGGFVG6,6962,DAISHINKUCORP,1.6238e-06,2386.56
2026-05-28,IE000EGGFVG6,6459,DAIWA INDUSTRIES LTD,3.0066e-06,4418.9
2026-05-28,IE000EGGFVG6,5951,DAINICHI CO LTD,4.201e-07,617.37
2026-05-28,IE000EGGFVG6,7458,DAIICHIKOSHO CO LTD,2.53211e-05,37215.26
2026-05-28,IE000EGGFVG6,7856,HAGIHARA INDUSTRIES INC,1.4221e-06,2090.12
2026-05-28,IE000EGGFVG6,1799,DAIICHI KENSETSU CORP,1.3909e-06,2044.28
2026-05-28,IE000EGGFVG6,9682,DTS CORP,7.7225e-06,11349.98
2026-05-28,IE000EGGFVG6,7649,SUGI HOLDINGS CO LTD,2.4839e-05,36506.83
2026-05-28,IE000EGGFVG6,8881,NISSHIN GROUP HOLDINGS CO LT,1.1076e-06,1627.89
2026-05-28,IE000EGGFVG6,6706,DKK CO LTD,1.5042e-06,2210.71
2026-05-28,IE000EGGFVG6,9793,DAISEKI COLTD,8.8775e-06,13047.57
2026-05-28,IE000EGGFVG6,6517,DENYO CO LTD,3.0339e-06,4459.1
2026-05-28,IE000EGGFVG6,4768,OTSUKA CORP,3.41417e-05,50179.31
2026-05-28,IE000EGGFVG6,8593,MITSUBISHIHC CAPITAL INC,7.71618e-05,113407.45
2026-05-28,IE000EGGFVG6,6835,ALLIED TELESIS HOLDINGS KK,1.2349e-06,1815.04
2026-05-28,IE000EGGFVG6,4771,F+M CO LTD,1.0914e-06,1604.02
2026-05-28,IE000EGGFVG6,7532,PAN PACIFIC INTERNATIONAL HO,0.0001247294,183319.19
2026-05-28,IE000EGGFVG6,6146,DISCO CORP,0.0001701147,250023.55
2026-05-28,IE000EGGFVG6,7716,NAKANISHIINC,1.06658e-05,15675.93
2026-05-28,IE000EGGFVG6,9979,DAISYO CORP,4.547e-07,668.24
2026-05-28,IE000EGGFVG6,4776,CYBOZU INC,3.2241e-06,4738.58
2026-05-28,IE000EGGFVG6,5714,DOWA HOLDINGS CO LTD,3.59971e-05,52906.26
2026-05-28,IE000EGGFVG6,2659,SAN A CO LTD,9.3625e-06,13760.4
2026-05-28,IE000EGGFVG6,4783,NCD CO LTD/SHINAGAWA,1.0234e-06,1504.16
2026-05-28,IE000EGGFVG6,9409,TV ASAHI HOLDINGS CORP,3.8907e-06,5718.32
2026-05-28,IE000EGGFVG6,4792,YAMADA CONSULTING GROUP CO L,7.008e-07,1029.99
2026-05-28,IE000EGGFVG6,2664,CAWACHI LTD,2.8288e-06,4157.64
2026-05-28,IE000EGGFVG6,2670,ABC MART INC,2.58238e-05,37954.15
2026-05-28,IE000EGGFVG6,2669,KANEMI COLTD,1.7093e-06,2512.17
2026-05-28,IE000EGGFVG6,2674,HARD OFF CORPORATION CO LTD,2.0844e-06,3063.59
2026-05-28,IE000EGGFVG6,2678,ASKUL CORP,3.6194e-06,5319.52
2026-05-28,IE000EGGFVG6,4812,DENTSU SOKEN INC,2.03445e-05,29901.08
2026-05-28,IE000EGGFVG6,2681,GEO HOLDINGS CORP,4.4142e-06,6487.67
2026-05-28,IE000EGGFVG6,9020,EAST JAPANRAILWAY CO,0.0001427527,209808.76
2026-05-28,IE000EGGFVG6,2685,AND ST HDCO LTD,6.8477e-06,10064.37
2026-05-28,IE000EGGFVG6,4816,TOEI ANIMATION CO LTD,1.96724e-05,28913.17
2026-05-28,IE000EGGFVG6,7717,V TECHNOLOGY CO LTD,2.5383e-06,3730.57
2026-05-28,IE000EGGFVG6,6787,MEIKO ELECTRONICS CO LTD,4.82013e-05,70843.15
2026-05-28,IE000EGGFVG6,6361,EBARA CORP,0.000187985,276288.27
2026-05-28,IE000EGGFVG6,8541,EHIME BANKLTD/THE,4.1001e-06,6026.06
2026-05-28,IE000EGGFVG6,4523,EISAI CO LTD,2.16705e-05,31849.9
2026-05-28,IE000EGGFVG6,6932,ENDO LIGHTING CORP,2.1409e-06,3146.49
2026-05-28,IE000EGGFVG6,9684,SQUARE ENIX HOLDINGS CO LTD,7.89168e-05,115986.81
2026-05-28,IE000EGGFVG6,4820,EM SYSTEMSCO LTD,8.478e-07,1246.04
2026-05-28,IE000EGGFVG6,8473,SBI HOLDINGS INC,0.0002416474,355157.79
2026-05-28,IE000EGGFVG6,4061,DENKA CO LTD,3.78859e-05,55682.21
2026-05-28,IE000EGGFVG6,4825,WEATHERNEWS INC,1.8033e-06,2650.34
2026-05-28,IE000EGGFVG6,4971,MEC CO LTD,9.23e-06,13565.71
2026-05-28,IE000EGGFVG6,6928,ENOMOTO COLTD,1.596e-06,2345.74
2026-05-28,IE000EGGFVG6,2112,ENSUIKO SUGAR REFINING CO,5.589e-07,821.48
2026-05-28,IE000EGGFVG6,6785,SUZUKI COLTD,2.7861e-06,4094.83
2026-05-28,IE000EGGFVG6,4828,BUSINESS ENGINEERING CORP,2.269e-06,3334.9
2026-05-28,IE000EGGFVG6,2206,EZAKI GLICO CO LTD,1.86447e-05,27402.73
2026-05-28,IE000EGGFVG6,4832,JFE SYSTEMS INC,1.6332e-06,2400.38
2026-05-28,IE000EGGFVG6,7212,F TECH INC,8.551e-07,1256.71
2026-05-28,IE000EGGFVG6,7947,FP CORP,1.84216e-05,27074.89
2026-05-28,IE000EGGFVG6,7966,LINTEC CORP,1.47424e-05,21667.45
2026-05-28,IE000EGGFVG6,9983,FAST RETAILING CO LTD,0.0005023959,738389.07
2026-05-28,IE000EGGFVG6,7296,FCC CO LTD,7.2537e-06,10661.01
2026-05-28,IE000EGGFVG6,8306,MITSUBISHIUFJ FINANCIAL GRO,0.0015342061,2254877.09
2026-05-28,IE000EGGFVG6,4839,WOWOW INC,4.337e-07,637.46
2026-05-28,IE000EGGFVG6,4972,SOKEN CHEMICAL + ENGINEERING,4.4227e-06,6500.24
2026-05-28,IE000EGGFVG6,2695,KURA SUSHIINC,2.7075e-06,3979.27
2026-05-28,IE000EGGFVG6,4368,FUSO CHEMICAL CO LTD,2.21264e-05,32520.02
2026-05-28,IE000EGGFVG6,6794,FOSTER ELECTRIC CO LTD,3.6382e-06,5347.15
2026-05-28,IE000EGGFVG6,4848,FULLCAST HOLDINGS CO LTD,1.9627e-06,2884.6
2026-05-28,IE000EGGFVG6,4847,INTELLIGENT WAVE INC,4.004e-07,588.48
2026-05-28,IE000EGGFVG6,4849,EN INC/JAPAN,2.643e-06,3884.44
2026-05-28,IE000EGGFVG6,7730,MANI INC,6.6649e-06,9795.57
2026-05-28,IE000EGGFVG6,6890,FERROTEC CORP,2.5545e-05,37544.36
2026-05-28,IE000EGGFVG6,2698,CAN DO COLTD,1.3824e-06,2031.72
2026-05-28,IE000EGGFVG6,5185,FUKOKU COLTD,1.5127e-06,2223.27
2026-05-28,IE000EGGFVG6,1813,FUDO TETRACORP,3.4151e-06,5019.31
2026-05-28,IE000EGGFVG6,2908,FUJICCO COLTD,1.8934e-06,2782.85
2026-05-28,IE000EGGFVG6,7917,ZACROS CORP,4.9611e-06,7291.57
2026-05-28,IE000EGGFVG6,6420,GALILEI COLTD,4.4291e-06,6509.66
2026-05-28,IE000EGGFVG6,4554,FUJI PHARMA CO LTD,2.9369e-06,4316.53
2026-05-28,IE000EGGFVG6,5384,FUJIMI INC,6.6234e-06,9734.65
2026-05-28,IE000EGGFVG6,4662,FOCUS SYSTEMS CORP,1.3409e-06,1970.8
2026-05-28,IE000EGGFVG6,9790,FUKUI COMPUTER HOLDINGS INC,1.3247e-06,1946.93
2026-05-28,IE000EGGFVG6,9906,FUJII SANGYO CORP,1.7114e-06,2515.31
2026-05-28,IE000EGGFVG6,8860,FUJI CORPLTD,9.499e-07,1396.14
2026-05-28,IE000EGGFVG6,8278,FUJI CO LTD,3.4168e-06,5021.82
2026-05-28,IE000EGGFVG6,6504,FUJI ELECTRIC CO LTD,0.0001165676,171323.6
2026-05-28,IE000EGGFVG6,7270,SUBARU CORP,0.00013064,192006.27
2026-05-28,IE000EGGFVG6,9010,FUJI KYUKOCO LTD,2.6395e-06,3879.42
2026-05-28,IE000EGGFVG6,4901,FUJIFILM HOLDINGS CORP,0.0002540986,373457.69
2026-05-28,IE000EGGFVG6,3104,FUJIBO HOLDINGS INC,1.02941e-05,15129.53
2026-05-28,IE000EGGFVG6,4544,H.U. GROUPHOLDINGS INC,2.28537e-05,33588.95
2026-05-28,IE000EGGFVG6,5803,FUJIKURA LTD,0.0004287693,630177.42
2026-05-28,IE000EGGFVG6,4620,FUJIKURA KASEI CO LTD,1.3307e-06,1955.72
2026-05-28,IE000EGGFVG6,5121,FUJIKURA COMPOSITES INC,4.2304e-06,6217.62
2026-05-28,IE000EGGFVG6,2607,FUJI OIL CO LTD /OSAKA,1.34066e-05,19704.19
2026-05-28,IE000EGGFVG6,9722,FUJITA KANKO INC,3.7967e-06,5580.15
2026-05-28,IE000EGGFVG6,6954,FANUC CORP,5.11754e-05,75214.32
2026-05-28,IE000EGGFVG6,6702,FUJITSU LIMITED,0.0001771372,260344.79
2026-05-28,IE000EGGFVG6,2211,FUJIYA COLTD,9.927e-07,1458.94
2026-05-28,IE000EGGFVG6,1899,FUKUDA CORP,3.2562e-06,4785.68
2026-05-28,IE000EGGFVG6,6960,FUKUDA DENSHI CO LTD,3.48776e-05,51260.79
2026-05-28,IE000EGGFVG6,8362,FUKUI BANKLTD/THE,5.8777e-06,8638.72
2026-05-28,IE000EGGFVG6,9075,FUKUYAMA TRANSPORTING CO LTD,8.4224e-06,12378.71
2026-05-28,IE000EGGFVG6,9757,FUNAI SOKEN HOLDINGS INC,4.5851e-06,6738.89
2026-05-28,IE000EGGFVG6,5801,FURUKAWA ELECTRIC CO LTD,0.0001999841,293923.69
2026-05-28,IE000EGGFVG6,5715,FURUKAWA CO LTD,5.1086e-06,7508.24
2026-05-28,IE000EGGFVG6,6814,FURUNO ELECTRIC CO LTD,7.6917e-06,11304.76
2026-05-28,IE000EGGFVG6,6986,FUTABA CORP,1.1008e-06,1617.84
2026-05-28,IE000EGGFVG6,7241,FUTABA INDUSTRIAL CO LTD,5.5662e-06,8180.88
2026-05-28,IE000EGGFVG6,5852,AHRESTY CORP,1.1794e-06,1733.4
2026-05-28,IE000EGGFVG6,4538,FUSO PHARMACEUTICAL INDUST,8.683e-07,1276.18
2026-05-28,IE000EGGFVG6,7505,FUSO DENTSU CO LTD,8.918e-07,1310.72
2026-05-28,IE000EGGFVG6,9470,GAKKEN HOLDINGS CO LTD,2.4255e-06,3564.77
2026-05-28,IE000EGGFVG6,9769,GAKKYUSHACO LTD,1.0901e-06,1602.14
2026-05-28,IE000EGGFVG6,6289,GIKEN LTD,2.3088e-06,3393.31
2026-05-28,IE000EGGFVG6,2700,KITOKU SHINRYO CO LTD,7.504e-07,1102.84
2026-05-28,IE000EGGFVG6,6777,SANTEC HOLDINGS CORP,2.10838e-05,30987.6
2026-05-28,IE000EGGFVG6,2702,MCDONALD SHOLDINGS CO JAPAN,2.65962e-05,39089.34
2026-05-28,IE000EGGFVG6,4290,PRESTIGE INTERNATIONAL INC,4.3142e-06,6340.71
2026-05-28,IE000EGGFVG6,8628,MATSUI SECURITIES CO LTD,2.45814e-05,36128.12
2026-05-28,IE000EGGFVG6,6457,GLORY LTD,3.13898e-05,46134.71
2026-05-28,IE000EGGFVG6,2533,OENON HOLDINGS INC,1.0448e-06,1535.56
2026-05-28,IE000EGGFVG6,5410,GODO STEELLTD,2.3109e-06,3396.45
2026-05-28,IE000EGGFVG6,2590,DYDO GROUPHOLDINGS INC,3.3549e-06,4930.76
2026-05-28,IE000EGGFVG6,8111,GOLDWIN INC,5.4598e-06,8024.49
2026-05-28,IE000EGGFVG6,8892,ES CON JAPAN LTD,3.7843e-06,5561.94
2026-05-28,IE000EGGFVG6,4301,AMUSE INC,1.5281e-06,2245.88
2026-05-28,IE000EGGFVG6,6750,ELECOM COLTD,5.0342e-06,7398.96
2026-05-28,IE000EGGFVG6,4307,NOMURA RESEARCH INSTITUTE LT,0.0001404059,206359.55
2026-05-28,IE000EGGFVG6,8951,NIPPON BUILDING FUND INC,4.61361e-05,67807.82
2026-05-28,IE000EGGFVG6,8952,JAPAN REALESTATE INVESTMENT,5.27257e-05,77492.86
2026-05-28,IE000EGGFVG6,4229,GUN EI CHEMICAL INDUSTRY CO,1.8994e-06,2791.65
2026-05-28,IE000EGGFVG6,8334,GUNMA BANKLTD/THE,6.01414e-05,88391.9
2026-05-28,IE000EGGFVG6,3002,GUNZE LTD,6.3243e-06,9295.02
2026-05-28,IE000EGGFVG6,8101,GSI CREOSCORP,9.927e-07,1458.94
2026-05-28,IE000EGGFVG6,9603,H I S CO LTD,5.3432e-06,7853.04
2026-05-28,IE000EGGFVG6,8359,HACHIJUNINAGANO BANK LTD,6.95381e-05,102202.54
2026-05-28,IE000EGGFVG6,6965,HAMAMATSUPHOTONICS KK,7.72041e-05,113469.62
2026-05-28,IE000EGGFVG6,9042,HANKYU HANSHIN HOLDINGS INC,0.0001011697,148692.73
2026-05-28,IE000EGGFVG6,8242,H2O RETAILING CORP,3.28256e-05,48244.94
2026-05-28,IE000EGGFVG6,8078,HANWA CO LTD,2.41519e-05,35496.94
2026-05-28,IE000EGGFVG6,8255,AXIAL RETAILING INC,5.2252e-06,7679.7
2026-05-28,IE000EGGFVG6,4323,JAPAN SYSTEM TECHNIQUES CO,1.4136e-06,2077.56
2026-05-28,IE000EGGFVG6,1808,HASEKO CORP,8.178e-05,120195.01
2026-05-28,IE000EGGFVG6,8050,SEIKO GROUP CORP,2.95276e-05,43397.71
2026-05-28,IE000EGGFVG6,4324,DENTSU GROUP INC,0.000118106,173584.55
2026-05-28,IE000EGGFVG6,9435,HIKARI TSUSHIN INC,1.58107e-05,23237.56
2026-05-28,IE000EGGFVG6,8897,MIRARTH HOLDINGS INC,1.66115e-05,24414.51
2026-05-28,IE000EGGFVG6,7433,HAKUTO COLTD,3.8202e-06,5614.7
2026-05-28,IE000EGGFVG6,8739,SPARX GROUP CO LTD,2.7357e-06,4020.73
2026-05-28,IE000EGGFVG6,8803,HEIWA REALESTATE CO LTD,1.28268e-05,18851.94
2026-05-28,IE000EGGFVG6,8276,HEIWADO COLTD,4.333e-06,6368.35
2026-05-28,IE000EGGFVG6,9543,SHIZUOKA GAS CO LTD,3.2331e-06,4751.77
2026-05-28,IE000EGGFVG6,8308,RESONA HOLDINGS INC,0.0001487728,218656.62
2026-05-28,IE000EGGFVG6,2726,PAL GROUPHOLDINGS CO LTD,2.56142e-05,37646.1
2026-05-28,IE000EGGFVG6,7846,PILOT CORP,2.29195e-05,33685.67
2026-05-28,IE000EGGFVG6,1873,NIHON HOUSE HOLDINGS CO LTD,6.303e-07,926.36
2026-05-28,IE000EGGFVG6,6866,HIOKI E ECORP,1.03411e-05,15198.62
2026-05-28,IE000EGGFVG6,5989,H ONE CO LTD,2.9502e-06,4336.0
2026-05-28,IE000EGGFVG6,9033,HIROSHIMAELECTRIC RAILWAY,1.0461e-06,1537.45
2026-05-28,IE000EGGFVG6,6806,HIROSE ELECTRIC CO LTD,5.81257e-05,85429.42
2026-05-28,IE000EGGFVG6,6247,HISAKA WORKS LTD,1.814e-06,2666.04
2026-05-28,IE000EGGFVG6,6501,HITACHI LTD,0.0012359127,1816464.74
2026-05-28,IE000EGGFVG6,7004,KANADEVIACORP,4.87e-05,71576.07
2026-05-28,IE000EGGFVG6,6810,MAXELL LTD,4.897e-06,7197.36
2026-05-28,IE000EGGFVG6,6305,HITACHI CONSTRUCTION MACHINE,4.24462e-05,62384.68
2026-05-28,IE000EGGFVG6,8393,MIYAZAKI BANK LTD/THE,8.2857e-06,12177.74
2026-05-28,IE000EGGFVG6,6745,HOCHIKI CORP,5.297e-06,7785.21
2026-05-28,IE000EGGFVG6,4112,HODOGAYA CHEMICAL CO LTD,1.9486e-06,2863.87
2026-05-28,IE000EGGFVG6,4337,PIA CORP,1.1307e-06,1661.8
2026-05-28,IE000EGGFVG6,5902,HOKKAN HOLDINGS LTD,1.9187e-06,2819.91
2026-05-28,IE000EGGFVG6,9509,HOKKAIDO ELECTRIC POWER CO,4.31537e-05,63424.59
2026-05-28,IE000EGGFVG6,9534,HOKKAIDO GAS CO LTD,1.9768e-06,2905.32
2026-05-28,IE000EGGFVG6,8309,SUMITOMO MITSUI TRUST GROUP,0.0002753046,404624.9
2026-05-28,IE000EGGFVG6,4992,HOKKO CHEMICAL INDUSTRY CO,2.2665e-06,3331.14
2026-05-28,IE000EGGFVG6,1379,HOKUTO CORP,3.1092e-06,4569.63
2026-05-28,IE000EGGFVG6,3865,HOKUETSU CORP,5.7175e-06,8403.2
2026-05-28,IE000EGGFVG6,9505,HOKURIKU ELECTRIC POWER CO,2.01081e-05,29553.65
2026-05-28,IE000EGGFVG6,1930,HOKURIKU ELECTRICAL CONST,1.4366e-06,2111.48
2026-05-28,IE000EGGFVG6,7267,HONDA MOTOR CO LTD,0.0001601539,235383.9
2026-05-28,IE000EGGFVG6,6856,HORIBA LTD,6.69306e-05,98370.23
2026-05-28,IE000EGGFVG6,4343,AEON FANTASY CO LTD,1.0585e-06,1555.66
2026-05-28,IE000EGGFVG6,6804,HOSIDEN CORP,6.7866e-06,9974.56
2026-05-28,IE000EGGFVG6,6277,HOSOKAWA MICRON CORP,4.5296e-06,6657.25
2026-05-28,IE000EGGFVG6,2810,HOUSE FOODS GROUP INC,1.29336e-05,19008.95
2026-05-28,IE000EGGFVG6,4088,AIR WATERINC,0.0001452081,213417.5
2026-05-28,IE000EGGFVG6,7741,HOYA CORP,0.0002765934,406519.08
2026-05-28,IE000EGGFVG6,4345,CTS CO LTD,1.0666e-06,1567.59
2026-05-28,IE000EGGFVG6,5726,OSAKA TITANIUM TECHNOLOGIES,6.9123e-06,10159.21
2026-05-28,IE000EGGFVG6,4347,BROADMEDIACORP,7.893e-07,1159.99
2026-05-28,IE000EGGFVG6,6737,EIZO CORP,4.439e-06,6524.1
2026-05-28,IE000EGGFVG6,9619,ICHINEN HOLDINGS CO LTD,3.6801e-06,5408.7
2026-05-28,IE000EGGFVG6,2593,ITO EN LTD,2.69008e-05,39537.13
2026-05-28,IE000EGGFVG6,9702,ISB CORP,1.9853e-06,2917.88
2026-05-28,IE000EGGFVG6,4062,IBIDEN COLTD,0.0003289738,483504.47
2026-05-28,IE000EGGFVG6,7244,ICHIKOH INDUSTRIES LTD,1.3768e-06,2023.55
2026-05-28,IE000EGGFVG6,8624,ICHIYOSHISECURITIES CO LTD,2.1844e-06,3210.55
2026-05-28,IE000EGGFVG6,6652,IDEC CORP,5.9739e-06,8780.03
2026-05-28,IE000EGGFVG6,9119,IINO KAIUNKAISHA LTD,7.3939e-06,10867.01
2026-05-28,IE000EGGFVG6,6820,ICOM INC,1.3439e-06,1975.19
2026-05-28,IE000EGGFVG6,2209,IMURAYA GROUP CO LTD,1.8999e-06,2792.28
2026-05-28,IE000EGGFVG6,9934,INABA DENKI SANGYO CO LTD,1.75883e-05,25850.21
2026-05-28,IE000EGGFVG6,6908,IRISO ELECTRONICS CO LTD,4.0702e-06,5982.1
2026-05-28,IE000EGGFVG6,8098,INABATA +CO LTD,9.8838e-06,14526.61
2026-05-28,IE000EGGFVG6,9742,INES CORP,2.6562e-06,3903.91
2026-05-28,IE000EGGFVG6,6246,TECHNO SMART CORP,7.452e-07,1095.31
2026-05-28,IE000EGGFVG6,9308,INUI GLOBAL LOGISTICS CO LTD,2.0293e-06,2982.57
2026-05-28,IE000EGGFVG6,6310,ISEKI + COLTD,1.4606e-06,2146.65
2026-05-28,IE000EGGFVG6,4028,ISHIHARA SANGYO KAISHA LTD,6.5166e-06,9577.64
2026-05-28,IE000EGGFVG6,7013,IHI CORP,0.0002881437,423495.06
2026-05-28,IE000EGGFVG6,7202,ISUZU MOTORS LTD,9.06877e-05,133286.86
2026-05-28,IE000EGGFVG6,4462,ISHIHARA CHEMICAL CO LTD,1.117e-06,1641.7
2026-05-28,IE000EGGFVG6,8001,ITOCHU CORP,0.0002070049,304242.42
2026-05-28,IE000EGGFVG6,8133,ITOCHU ENEX CO LTD,7.4956e-06,11016.49
2026-05-28,IE000EGGFVG6,7972,ITOKI CORP,5.5872e-06,8211.65
2026-05-28,IE000EGGFVG6,8345,BANK OF IWATE LTD/THE,6.7174e-06,9872.82
2026-05-28,IE000EGGFVG6,8095,ASTENA HOLDINGS CO LTD,1.2332e-06,1812.53
2026-05-28,IE000EGGFVG6,6381,ANEST IWATA CORP,2.7912e-06,4102.37
2026-05-28,IE000EGGFVG6,8273,IZUMI CO LTD,6.961e-06,10230.81
2026-05-28,IE000EGGFVG6,8088,IWATANI CORP,0.0001106006,162553.62
2026-05-28,IE000EGGFVG6,7942,JSP CORP,3.2703e-06,4806.41
2026-05-28,IE000EGGFVG6,8584,JACCS CO LTD,4.4484e-06,6537.92
2026-05-28,IE000EGGFVG6,8032,JAPAN PULP+ PAPER CO LTD,6.4273e-06,9446.38
2026-05-28,IE000EGGFVG6,6807,JAPAN AVIATION ELECTRONICS,9.4146e-06,13837.02
2026-05-28,IE000EGGFVG6,4997,NIHON NOHYAKU CO LTD,2.2391e-06,3290.94
2026-05-28,IE000EGGFVG6,6368,ORGANO CORP,4.08044e-05,59971.74
2026-05-28,IE000EGGFVG6,6951,JEOL LTD,4.17574e-05,61372.27
2026-05-28,IE000EGGFVG6,4114,NIPPON SHOKUBAI CO LTD,1.39784e-05,20544.51
2026-05-28,IE000EGGFVG6,5631,JAPAN STEEL WORKS LTD,6.7063e-05,98564.92
2026-05-28,IE000EGGFVG6,3201,JAPAN WOOLTEXTILE CO LTD,4.6176e-06,6786.62
2026-05-28,IE000EGGFVG6,8511,JAPAN SECURITIES FINANCE CO,1.16606e-05,17138.01
2026-05-28,IE000EGGFVG6,8595,JAFCO GROUP CO LTD,6.7153e-06,9869.68
2026-05-28,IE000EGGFVG6,7940,WAVELOCK HOLDINGS CO LTD,4.491e-07,660.07
2026-05-28,IE000EGGFVG6,9706,JAPAN AIRPORT TERMINAL CO,3.25239e-05,47801.54
2026-05-28,IE000EGGFVG6,9889,JBCC HOLDINGS INC,2.5425e-06,3736.85
2026-05-28,IE000EGGFVG6,1963,JGC HOLDINGS CORP,6.82382e-05,100292.04
2026-05-28,IE000EGGFVG6,2914,JAPAN TOBACCO INC,0.000127683,187660.23
2026-05-28,IE000EGGFVG6,6418,JAPAN CASHMACHINE CO LTD,1.2063e-06,1772.96
2026-05-28,IE000EGGFVG6,8173,JOSHIN CORP,3.8151e-06,5607.16
2026-05-28,IE000EGGFVG6,8267,AEON CO LTD,0.0001138285,167297.85
2026-05-28,IE000EGGFVG6,7421,KAPPA CREATE CO LTD,2.3896e-06,3512.01
2026-05-28,IE000EGGFVG6,8154,KAGA ELECTRONICS CO LTD,9.3689e-06,13769.82
2026-05-28,IE000EGGFVG6,2811,KAGOME COLTD,2.51555e-05,36971.9
2026-05-28,IE000EGGFVG6,7476,AS ONE CORP,6.2636e-06,9205.84
2026-05-28,IE000EGGFVG6,1812,KAJIMA CORP,0.0004356576,640301.46
2026-05-28,IE000EGGFVG6,4521,KAKEN PHARMACEUTICAL CO LTD,6.82e-06,10023.55
2026-05-28,IE000EGGFVG6,2220,KAMEDA SEIKA CO LTD,1.5717e-06,2309.94
2026-05-28,IE000EGGFVG6,8037,KAMEI CORP,4.5766e-06,6726.33
2026-05-28,IE000EGGFVG6,9364,KAMIGUMI CO LTD,1.21503e-05,17857.75
2026-05-28,IE000EGGFVG6,9678,KANAMOTO CO LTD,3.39802e-05,49941.91
2026-05-28,IE000EGGFVG6,9081,KANAGAWA CHUO KOTSU CO LTD,1.4144e-06,2078.82
2026-05-28,IE000EGGFVG6,8081,KANADEN CORP,2.1673e-06,3185.43
2026-05-28,IE000EGGFVG6,4118,KANEKA CORP,1.59581e-05,23454.23
2026-05-28,IE000EGGFVG6,1376,KANEKO SEEDS CO LTD,5.978e-07,878.63
2026-05-28,IE000EGGFVG6,2216,KANRO INC,1.4191e-06,2085.73
2026-05-28,IE000EGGFVG6,8020,KANEMATSUCORP,4.12179e-05,60579.37
2026-05-28,IE000EGGFVG6,9503,KANSAI ELECTRIC POWER CO INC,0.000106709,156834.04
2026-05-28,IE000EGGFVG6,1942,KANDENKO CO LTD,1.96463e-05,28874.86
2026-05-28,IE000EGGFVG6,4047,KANTO DENKA KOGYO CO LTD,1.03346e-05,15189.2
2026-05-28,IE000EGGFVG6,8338,TSUKUBA BANK LTD,8.9642e-06,13175.07
2026-05-28,IE000EGGFVG6,4613,KANSAI PAINT CO LTD,9.97487e-05,146604.18
2026-05-28,IE000EGGFVG6,4452,KAO CORP,0.0001506641,221436.33
2026-05-28,IE000EGGFVG6,8016,ONWARD HOLDINGS CO LTD,4.9637e-06,7295.34
2026-05-28,IE000EGGFVG6,3001,KATAKURA INDUSTRIES CO LTD,2.1639e-06,3180.41
2026-05-28,IE000EGGFVG6,9869,KATO SANGYO CO LTD,4.9911e-06,7335.53
2026-05-28,IE000EGGFVG6,8282,K S HOLDINGS CORP,3.58108e-05,52632.44
2026-05-28,IE000EGGFVG6,6390,KATO WORKSCO LTD,5.265e-07,773.75
2026-05-28,IE000EGGFVG6,7952,KAWAI MUSICAL INSTRUMENTS MF,1.3717e-06,2016.02
2026-05-28,IE000EGGFVG6,7012,KAWASAKI HEAVY INDUSTRIES,0.0002243967,329803.74
2026-05-28,IE000EGGFVG6,9107,KAWASAKI KISEN KAISHA LTD,8.90186e-05,130833.73
2026-05-28,IE000EGGFVG6,7242,KYB CORP,1.0371e-05,15242.58
2026-05-28,IE000EGGFVG6,4956,KONISHI COLTD,5.6419e-06,8292.04
2026-05-28,IE000EGGFVG6,5988,PIOLAX INC,2.0114e-06,2956.19
2026-05-28,IE000EGGFVG6,5970,G TEKT CORP,2.7947e-06,4107.4
2026-05-28,IE000EGGFVG6,8818,KEIHANSHINBUILDING CO LTD,2.7754e-06,4079.13
2026-05-28,IE000EGGFVG6,9045,KEIHAN HOLDINGS CO LTD,3.99028e-05,58646.57
2026-05-28,IE000EGGFVG6,9006,KEIKYU CORP,1.26272e-05,18558.64
2026-05-28,IE000EGGFVG6,9008,KEIO CORP,4.5141e-05,66345.36
2026-05-28,IE000EGGFVG6,9856,KU HOLDINGS CO LTD,9.88e-07,1452.03
2026-05-28,IE000EGGFVG6,9009,KEISEI ELECTRIC RAILWAY CO,3.38191e-05,49705.13
2026-05-28,IE000EGGFVG6,7513,KOJIMA COLTD,2.9036e-06,4267.55
2026-05-28,IE000EGGFVG6,2222,KOTOBUKI SPIRITS CO LTD,2.84217e-05,41772.34
2026-05-28,IE000EGGFVG6,9616,KYORITSU MAINTENANCE CO LTD,7.86899e-05,115653.32
2026-05-28,IE000EGGFVG6,2915,KENKO MAYONNAISE CO LTD,1.6665e-06,2449.36
2026-05-28,IE000EGGFVG6,2801,KIKKOMAN CORP,6.03794e-05,88741.72
2026-05-28,IE000EGGFVG6,6861,KEYENCE CORP,0.0002570052,377729.63
2026-05-28,IE000EGGFVG6,9991,GECOSS CORP,1.299e-06,1909.25
2026-05-28,IE000EGGFVG6,6378,KIMURA CHEMICAL PLANTS CO,1.017e-06,1494.74
2026-05-28,IE000EGGFVG6,1944,KINDEN CORP,2.47331e-05,36351.08
2026-05-28,IE000EGGFVG6,9041,KINTETSU GROUP HOLDINGS CO L,5.76775e-05,84770.61
2026-05-28,IE000EGGFVG6,9726,KNT CT HOLDINGS CO LTD,1.7076e-06,2509.66
2026-05-28,IE000EGGFVG6,9368,KIMURA UNITY CO LTD,1.1153e-06,1639.19
2026-05-28,IE000EGGFVG6,2503,KIRIN HOLDINGS CO LTD,0.0001953383,287095.62
2026-05-28,IE000EGGFVG6,9628,SAN HOLDINGS INC,1.1401e-06,1675.62
2026-05-28,IE000EGGFVG6,4547,KISSEI PHARMACEUTICAL CO LTD,6.6234e-06,9734.65
2026-05-28,IE000EGGFVG6,6317,KITAGAWA CORP,7.239e-07,1063.9
2026-05-28,IE000EGGFVG6,2208,BOURBON CORP,2.5263e-06,3712.98
2026-05-28,IE000EGGFVG6,6498,KITZ CORP,9.9039e-06,14556.13
2026-05-28,IE000EGGFVG6,8551,KITA NIPPON BANK LTD/THE,2.299e-06,3378.87
2026-05-28,IE000EGGFVG6,8370,KIYO BANKLTD/THE,1.4751e-05,21680.01
2026-05-28,IE000EGGFVG6,6999,KOA CORP,5.4568e-06,8020.1
2026-05-28,IE000EGGFVG6,4097,KOATSU GASKOGYO CO LTD,1.887e-06,2773.43
2026-05-28,IE000EGGFVG6,5406,KOBE STEELLTD,0.0001940019,285131.42
2026-05-28,IE000EGGFVG6,5142,ACHILLES CORP,5.239e-07,769.98
2026-05-28,IE000EGGFVG6,1948,KODENSHA CO LTD/THE,4.9013e-06,7203.64
2026-05-28,IE000EGGFVG6,6016,JAPAN ENGINE CORP,3.7006e-06,5438.84
2026-05-28,IE000EGGFVG6,8218,KOMERI COLTD,5.9653e-06,8767.47
2026-05-28,IE000EGGFVG6,6137,KOIKE SANSO KOGYO CO LTD,1.4486e-06,2129.06
2026-05-28,IE000EGGFVG6,7276,KOITO MANUFACTURING CO LTD,3.98015e-05,58497.72
2026-05-28,IE000EGGFVG6,7984,KOKUYO COLTD,1.39459e-05,20496.78
2026-05-28,IE000EGGFVG6,6301,KOMATSU LTD,0.0004637742,681625.37
2026-05-28,IE000EGGFVG6,3580,KOMATSU MATERE CO LTD,1.1999e-06,1763.54
2026-05-28,IE000EGGFVG6,4026,KONOSHIMACHEMICAL CO LTD,8.098e-07,1190.14
2026-05-28,IE000EGGFVG6,6349,KOMORI CORP,3.7664e-06,5535.56
2026-05-28,IE000EGGFVG6,9766,KONAMI GROUP CORP,0.0001062138,156106.14
2026-05-28,IE000EGGFVG6,4902,KONICA MINOLTA INC,6.95015e-05,102148.79
2026-05-28,IE000EGGFVG6,6473,JTEKT CORP,0.0001110328,163188.88
2026-05-28,IE000EGGFVG6,6326,KUBOTA CORP,0.0001969595,289478.42
2026-05-28,IE000EGGFVG6,1861,KUMAGAI GUMI CO LTD,2.13872e-05,31433.51
2026-05-28,IE000EGGFVG6,4996,KUMIAI CHEMICAL INDUSTRY CO,3.5489e-06,5215.89
2026-05-28,IE000EGGFVG6,3106,KURABO INDUSTRIES LTD,8.7514e-06,12862.3
2026-05-28,IE000EGGFVG6,3405,KURARAY COLTD,0.0001540595,226426.75
2026-05-28,IE000EGGFVG6,4023,KUREHA CORP,6.649e-06,9772.33
2026-05-28,IE000EGGFVG6,5602,KURIMOTO LTD,3.4587e-06,5083.37
2026-05-28,IE000EGGFVG6,6370,KURITA WATER INDUSTRIES LTD,5.57071e-05,81874.71
2026-05-28,IE000EGGFVG6,7914,KYODO PRINTING CO LTD,1.9909e-06,2926.05
2026-05-28,IE000EGGFVG6,8093,KYOKUTO BOEKI KAISHA LTD,7.692e-07,1130.48
2026-05-28,IE000EGGFVG6,1301,KYOKUYO COLTD,3.7946e-06,5577.01
2026-05-28,IE000EGGFVG6,7226,KYOKUTO KAIHATSU KOGYO CO,3.745e-06,5504.16
2026-05-28,IE000EGGFVG6,6742,KYOSAN ELECTRIC MFG CO LTD,1.9614e-06,2882.71
2026-05-28,IE000EGGFVG6,6971,KYOCERA CORP,0.000202674,297877.21
2026-05-28,IE000EGGFVG6,8244,KINTETSU DEPT STORE CO LTD,1.4751e-06,2168.0
2026-05-28,IE000EGGFVG6,8596,KYUSHU LEASING SERVICE CO,6.102e-07,896.84
2026-05-28,IE000EGGFVG6,1951,EXEO GROUPINC,5.0002e-05,73489.72
2026-05-28,IE000EGGFVG6,6853,KYOWA ELECTRONIC INSTRUMENTS,1.1179e-06,1642.96
2026-05-28,IE000EGGFVG6,3553,KYOWA LEATHER CLOTH CO LTD,7.538e-07,1107.87
2026-05-28,IE000EGGFVG6,4151,KYOWA KIRIN CO LTD,2.83997e-05,41739.99
2026-05-28,IE000EGGFVG6,9508,KYUSHU ELECTRIC POWER CO INC,8.10341e-05,119098.76
2026-05-28,IE000EGGFVG6,1959,KRAFTIA CORP,3.16727e-05,46550.48
2026-05-28,IE000EGGFVG6,6484,KVK CORP,9.875e-07,1451.41
2026-05-28,IE000EGGFVG6,7438,KONDOTEC INC,1.8434e-06,2709.37
2026-05-28,IE000EGGFVG6,9369,KRS CORP,2.7605e-06,4057.15
2026-05-28,IE000EGGFVG6,7516,KOHNAN SHOJI CO LTD,6.9738e-06,10249.65
2026-05-28,IE000EGGFVG6,6920,LASERTEC CORP,0.000154257,226716.91
2026-05-28,IE000EGGFVG6,4350,MEDICAL SYSTEM NETWORK CO,8.581e-07,1261.11
2026-05-28,IE000EGGFVG6,7266,IMASEN ELECTRIC INDUSTRIAL,8.17e-07,1200.82
2026-05-28,IE000EGGFVG6,2730,EDION CORP,1.19683e-05,17590.2
2026-05-28,IE000EGGFVG6,2613,J OIL MILLS INC,2.5177e-06,3700.42
2026-05-28,IE000EGGFVG6,8766,TOKIO MARINE HOLDINGS INC,0.0007741384,1137778.61
2026-05-28,IE000EGGFVG6,8953,JAPAN METROPOLITAN FUND INVE,6.02755e-05,88589.1
2026-05-28,IE000EGGFVG6,4994,TAISEI LAMICK GROUP,9.427e-07,1385.46
2026-05-28,IE000EGGFVG6,8194,LIFE CORP,8.2387e-06,12108.65
2026-05-28,IE000EGGFVG6,2733,ARATA CORP,4.4116e-06,6483.91
2026-05-28,IE000EGGFVG6,4912,LION CORP,9.76627e-05,143538.39
2026-05-28,IE000EGGFVG6,2734,SALA CORP,3.3536e-06,4928.87
2026-05-28,IE000EGGFVG6,2301,GAKUJO COLTD,6.73e-07,989.17
2026-05-28,IE000EGGFVG6,7537,MARUBUN CORP,2.1344e-06,3137.07
2026-05-28,IE000EGGFVG6,8954,ORIX JREITINC,3.86871e-05,56859.79
2026-05-28,IE000EGGFVG6,2305,STUDIO ALICE CO LTD,1.5161e-06,2228.29
2026-05-28,IE000EGGFVG6,8955,JAPAN PRIME REALTY INVESTMEN,2.01907e-05,29674.99
2026-05-28,IE000EGGFVG6,2307,CROSS CATCO LTD,3.974e-07,584.08
2026-05-28,IE000EGGFVG6,8904,AVANTIA COLTD,3.534e-07,519.39
2026-05-28,IE000EGGFVG6,2317,SYSTENA CORP,7.7357e-06,11369.45
2026-05-28,IE000EGGFVG6,2742,HALOWS COLTD,3.2049e-06,4710.32
2026-05-28,IE000EGGFVG6,4923,COTA CO LTD,9.781e-07,1437.59
2026-05-28,IE000EGGFVG6,2326,DIGITAL ARTS INC,1.7285e-06,2540.43
2026-05-28,IE000EGGFVG6,5411,JFE HOLDINGS INC,0.0001039394,152763.39
2026-05-28,IE000EGGFVG6,8956,NTT UD REIT INVESTMENT CORP,5.065e-06,7444.18
2026-05-28,IE000EGGFVG6,2327,NS SOLUTIONS CORP,2.10043e-05,30870.78
2026-05-28,IE000EGGFVG6,7512,AEON HOKKAIDO CORP,2.8579e-06,4200.35
2026-05-28,IE000EGGFVG6,2329,TOHOKUSHINSHA FILM CORP,1.6422e-06,2413.57
2026-05-28,IE000EGGFVG6,2749,JP HOLDINGS INC,1.8276e-06,2686.14
2026-05-28,IE000EGGFVG6,2331,ALSOK CO LTD,3.17103e-05,46605.75
2026-05-28,IE000EGGFVG6,6430,DAIKOKU DENKI CO LTD,1.8101e-06,2660.39
2026-05-28,IE000EGGFVG6,2337,ICHIGO INC,6.5815e-06,9673.11
2026-05-28,IE000EGGFVG6,8203,MRMAX HOLDINGS LTD,6.085e-07,894.33
2026-05-28,IE000EGGFVG6,6592,MABUCHI MOTOR CO LTD,2.81144e-05,41320.77
2026-05-28,IE000EGGFVG6,6485,MAEZAWA KYUSO INDUSTRIES CO,1.2179e-06,1789.92
2026-05-28,IE000EGGFVG6,6586,MAKITA CORP,9.40592e-05,138242.11
2026-05-28,IE000EGGFVG6,7844,MARVELOUSINC,5.897e-07,866.7
2026-05-28,IE000EGGFVG6,9823,MAMMY MARTHOLDINGS CORP,8.555e-07,1257.34
2026-05-28,IE000EGGFVG6,8869,MEIWA ESTATE CO LTD,1.032e-06,1516.72
2026-05-28,IE000EGGFVG6,8316,SUMITOMO MITSUI FINANCIAL GR,0.0005323666,782438.06
2026-05-28,IE000EGGFVG6,6432,TAKEUCHI MFG CO LTD,3.29504e-05,48428.33
2026-05-28,IE000EGGFVG6,6871,MICRONICSJAPAN CO LTD,0.0001561927,229561.94
2026-05-28,IE000EGGFVG6,6730,AXELL CORP,4.846e-07,712.2
2026-05-28,IE000EGGFVG6,2288,MARUDAI FOOD CO LTD,2.869e-06,4216.67
2026-05-28,IE000EGGFVG6,8002,MARUBENI CORP,9.15243e-05,134516.56
2026-05-28,IE000EGGFVG6,5463,MARUICHI STEEL TUBE LTD,3.82235e-05,56178.37
2026-05-28,IE000EGGFVG6,8252,MARUI GROUP CO LTD,4.8673e-05,71536.5
2026-05-28,IE000EGGFVG6,9068,MARUZEN SHOWA UNYU CO LTD,6.5465e-06,9621.6
2026-05-28,IE000EGGFVG6,8613,MARUSAN SECURITIES CO LTD,4.436e-07,651.91
2026-05-28,IE000EGGFVG6,8167,RETAIL PARTNERS CO LTD,2.1485e-06,3157.8
2026-05-28,IE000EGGFVG6,7456,MATSUDA SANGYO CO LTD,5.444e-06,8001.26
2026-05-28,IE000EGGFVG6,5344,MARUWA COLTD,3.0942e-05,45476.53
2026-05-28,IE000EGGFVG6,1810,MATSUI CONSTRUCTION CO LTD,1.1597e-06,1704.51
2026-05-28,IE000EGGFVG6,1518,MITSUI MATSUSHIMA HOLDINGS C,3.0745e-06,4518.76
2026-05-28,IE000EGGFVG6,6752,PANASONICHOLDINGS CORP,0.0002559352,376157.01
2026-05-28,IE000EGGFVG6,9887,MATSUYAFOODS HOLDINGS CO LTD,2.0233e-06,2973.78
2026-05-28,IE000EGGFVG6,6454,MAX CO LTD,5.5141e-06,8104.26
2026-05-28,IE000EGGFVG6,6508,MEIDENSHACORP,2.74594e-05,40357.98
2026-05-28,IE000EGGFVG6,1976,MEISEI INDUSTRIAL CO LTD,3.0305e-06,4454.07
2026-05-28,IE000EGGFVG6,2207,MEITO CO LTD,1.2948e-06,1902.97
2026-05-28,IE000EGGFVG6,9744,MEITEC GROUP HOLDINGS INC,1.15875e-05,17030.62
2026-05-28,IE000EGGFVG6,8103,MEIWA CORP,1.1371e-06,1671.22
2026-05-28,IE000EGGFVG6,2353,NIPPON PARKING DEVELOPMENT C,1.04693e-05,15387.03
2026-05-28,IE000EGGFVG6,8737,AKATSUKI CORP,1.5486e-06,2276.02
2026-05-28,IE000EGGFVG6,4235,ULTRAFABRICS HOLDINGS CO LTD,5.752e-07,845.34
2026-05-28,IE000EGGFVG6,2760,TOKYO ELECTRON DEVICE LTD,5.1919e-06,7630.71
2026-05-28,IE000EGGFVG6,7927,MUTO SEIKOCO,9.747e-07,1432.56
2026-05-28,IE000EGGFVG6,1723,NIHON DENGI CO LTD,3.9997e-06,5878.47
2026-05-28,IE000EGGFVG6,8411,MIZUHO FINANCIAL GROUP INC,0.0004498296,661130.48
2026-05-28,IE000EGGFVG6,2359,CORE CORP,8.803e-07,1293.77
2026-05-28,IE000EGGFVG6,2767,TSUBURAYAFIELDS HOLDINGS IN,2.9015e-06,4264.41
2026-05-28,IE000EGGFVG6,8253,CREDIT SAISON CO LTD,4.06203e-05,59701.05
2026-05-28,IE000EGGFVG6,6419,MARS GROUPHOLDINGS CORP,2.5682e-06,3774.53
2026-05-28,IE000EGGFVG6,2768,SOJITZ CORP,5.33381e-05,78392.84
2026-05-28,IE000EGGFVG6,9928,MIROKU JYOHO SERVICE CO LTD,1.4734e-06,2165.49
2026-05-28,IE000EGGFVG6,9962,MISUMI GROUP INC,4.50456e-05,66205.06
2026-05-28,IE000EGGFVG6,8285,MITANI SANGYO CO LTD,1.1503e-06,1690.69
2026-05-28,IE000EGGFVG6,5273,MITANI SEKISAN CO LTD,2.6237e-06,3856.18
2026-05-28,IE000EGGFVG6,7280,MITSUBA CORP,4.5296e-06,6657.25
2026-05-28,IE000EGGFVG6,8066,MITANI CORP,9.5069e-06,13972.68
2026-05-28,IE000EGGFVG6,8802,MITSUBISHIESTATE CO LTD,0.0001425075,209448.27
2026-05-28,IE000EGGFVG6,7976,MITSUBISHIPENCIL CO LTD,5.5829e-06,8205.37
2026-05-28,IE000EGGFVG6,8058,MITSUBISHICORP,0.0003810492,560041.45
2026-05-28,IE000EGGFVG6,9301,MITSUBISHILOGISTICS CORP,6.55973e-05,96410.74
2026-05-28,IE000EGGFVG6,4182,MITSUBISHIGAS CHEMICAL CO,9.21465e-05,135430.99
2026-05-28,IE000EGGFVG6,5192,MITSUBOSHIBELTING LTD,6.6832e-06,9822.58
2026-05-28,IE000EGGFVG6,6503,MITSUBISHIELECTRIC CORP,0.0001821244,267674.67
2026-05-28,IE000EGGFVG6,7011,MITSUBISHIHEAVY INDUSTRIES,0.0003917483,575766.38
2026-05-28,IE000EGGFVG6,5711,MITSUBISHIMATERIALS CORP,5.4782e-05,80515.0
2026-05-28,IE000EGGFVG6,6331,MITSUBISHIKAKOKI KAISHA LTD,3.128e-06,4597.27
2026-05-28,IE000EGGFVG6,3864,MITSUBISHIPAPER MILLS LTD,1.9332e-06,2841.26
2026-05-28,IE000EGGFVG6,5632,MITSUBISHISTEEL MFG CO LTD,1.817e-06,2670.44
2026-05-28,IE000EGGFVG6,8031,MITSUI + CO LTD,0.0004666445,685843.94
2026-05-28,IE000EGGFVG6,5706,MITSUI KINZOKU CO LTD,0.0001874851,275553.46
2026-05-28,IE000EGGFVG6,4183,MITSUI CHEMICALS INC,0.000122589,180173.34
2026-05-28,IE000EGGFVG6,7003,MITSUI E+SCO LTD,5.84697e-05,85935.0
2026-05-28,IE000EGGFVG6,6966,MITSUI HIGH TEC INC,1.62064e-05,23819.12
2026-05-28,IE000EGGFVG6,4404,MIYOSHI OIL + FAT CO LTD,8.354e-07,1227.82
2026-05-28,IE000EGGFVG6,2109,MITSUI DMSUGAR CO LTD,2.8032e-06,4119.96
2026-05-28,IE000EGGFVG6,9104,MITSUI OSKLINES LTD,0.0001067941,156959.02
2026-05-28,IE000EGGFVG6,8801,MITSUI FUDOSAN CO LTD,0.0001498449,220232.37
2026-05-28,IE000EGGFVG6,9302,MITSUI SOKO HOLDINGS CO LTD,2.61791e-05,38476.37
2026-05-28,IE000EGGFVG6,8131,MITSUUROKOHOLDINGS CO LTD,3.0527e-06,4486.73
2026-05-28,IE000EGGFVG6,6005,MIURA CO LTD,3.73355e-05,54873.29
2026-05-28,IE000EGGFVG6,8022,MIZUNO CORP,1.54411e-05,22694.3
2026-05-28,IE000EGGFVG6,8622,MITO SECURITIES CO LTD,2.1742e-06,3195.48
2026-05-28,IE000EGGFVG6,4534,MOCHIDA PHARMACEUTICAL CO,4.3779e-06,6434.29
2026-05-28,IE000EGGFVG6,8848,LEOPALACE21 CORP,1.18452e-05,17409.33
2026-05-28,IE000EGGFVG6,7211,MITSUBISHIMOTORS CORP,7.60263e-05,111738.49
2026-05-28,IE000EGGFVG6,7745,A+D HOLONHOLDINGS CO LTD,7.1507e-06,10509.66
2026-05-28,IE000EGGFVG6,5464,MORY INDUSTRIES INC,1.2332e-06,1812.53
2026-05-28,IE000EGGFVG6,6141,DMG MORI CO LTD,0.0001668944,245290.63
2026-05-28,IE000EGGFVG6,2201,MORINAGA +CO LTD,1.28118e-05,18829.96
2026-05-28,IE000EGGFVG6,2264,MORINAGA MILK INDUSTRY CO,4.28133e-05,62924.16
2026-05-28,IE000EGGFVG6,6455,MORITA HOLDINGS CORP,5.2752e-06,7753.18
2026-05-28,IE000EGGFVG6,9837,MORITO COLTD,2.2806e-06,3351.86
2026-05-28,IE000EGGFVG6,4465,NIITAKA COLTD,9.563e-07,1405.56
2026-05-28,IE000EGGFVG6,6405,SUZUMO MACHINERY CO LTD,4.401e-07,646.88
2026-05-28,IE000EGGFVG6,6727,WACOM CO LTD,6.1239e-06,9000.47
2026-05-28,IE000EGGFVG6,8153,MOS FOOD SERVICES INC,1.68512e-05,24766.84
2026-05-28,IE000EGGFVG6,7292,MURAKAMI CORP,2.8075e-06,4126.24
2026-05-28,IE000EGGFVG6,6981,MURATA MANUFACTURING CO LTD,0.0003611943,530860.11
2026-05-28,IE000EGGFVG6,8336,MUSASHINOBANK LTD/THE,1.24349e-05,18276.02
2026-05-28,IE000EGGFVG6,8005,SCROLL CORP,3.4741e-06,5105.98
2026-05-28,IE000EGGFVG6,6724,SEIKO EPSON CORP,0.0001107412,162760.25
2026-05-28,IE000EGGFVG6,7419,NOJIMA CORP,3.99011e-05,58644.06
2026-05-28,IE000EGGFVG6,5333,NGK CORP,0.0001019919,149901.08
2026-05-28,IE000EGGFVG6,5334,NITERRA COLTD,0.0001568422,230516.56
2026-05-28,IE000EGGFVG6,5991,NHK SPRINGCO LTD,3.77534e-05,55487.52
2026-05-28,IE000EGGFVG6,9733,NAGASE BROTHERS INC,9.679e-07,1422.52
2026-05-28,IE000EGGFVG6,8012,NAGASE + CO LTD,3.64706e-05,53602.14
2026-05-28,IE000EGGFVG6,9048,NAGOYA RAILROAD CO LTD,6.16451e-05,90601.97
2026-05-28,IE000EGGFVG6,6474,NACHI FUJIKOSHI CORP,5.0509e-06,7423.46
2026-05-28,IE000EGGFVG6,8522,BANK OF NAGOYA LTD/THE,1.2734e-05,18715.65
2026-05-28,IE000EGGFVG6,7987,NAKABAYASHI CO LTD,7.269e-07,1068.3
2026-05-28,IE000EGGFVG6,1827,NAKANO CORP,1.1076e-06,1627.89
2026-05-28,IE000EGGFVG6,9830,TRUSCO NAKAYAMA CORP,6.7213e-06,9878.47
2026-05-28,IE000EGGFVG6,5408,NAKAYAMA STEEL WORKS LTD,1.4294e-06,2100.8
2026-05-28,IE000EGGFVG6,7014,NAMURA SHIPBUILDING CO LTD,6.65759e-05,97848.96
2026-05-28,IE000EGGFVG6,9044,NANKAI COLTD,1.18367e-05,17396.77
2026-05-28,IE000EGGFVG6,8367,NANTO BANKLTD/THE,1.46911e-05,21592.09
2026-05-28,IE000EGGFVG6,9788,NAC CO LTD,8.529e-07,1253.57
2026-05-28,IE000EGGFVG6,6269,MODEC INC,1.7896e-05,26302.4
2026-05-28,IE000EGGFVG6,6151,NITTO KOHKI CO LTD,6.987e-07,1026.85
2026-05-28,IE000EGGFVG6,5976,NETUREN COLTD,2.2118e-06,3250.75
2026-05-28,IE000EGGFVG6,4658,NIPPON AIRCONDITIONING SERV,2.0255e-06,2976.92
2026-05-28,IE000EGGFVG6,6824,NEW COSMOSELECTRIC CO LTD,1.9229e-06,2826.19
2026-05-28,IE000EGGFVG6,6723,RENESAS ELECTRONICS CORP,0.0002336831,343452.35
2026-05-28,IE000EGGFVG6,3891,NIPPON KODOSHI CORP,3.0339e-06,4459.1
2026-05-28,IE000EGGFVG6,4463,NICCA CHEMICAL CO LTD,7.405e-07,1088.4
2026-05-28,IE000EGGFVG6,9902,NICHIDEN CORP,2.1973e-06,3229.39
2026-05-28,IE000EGGFVG6,9699,NISHIO HOLDINGS CO LTD,1.96907e-05,28940.18
2026-05-28,IE000EGGFVG6,7943,NICHIHA CORP,3.8074e-06,5595.86
2026-05-28,IE000EGGFVG6,4218,NICHIBAN CO LTD,7.901e-07,1161.25
2026-05-28,IE000EGGFVG6,6996,NICHICON CORP,9.0762e-06,13339.61
2026-05-28,IE000EGGFVG6,8091,NICHIMO COLTD (FISHING),9.264e-07,1361.6
2026-05-28,IE000EGGFVG6,5011,NICHIREKIGROUP CO LTD,2.6113e-06,3837.97
2026-05-28,IE000EGGFVG6,9709,NCS+A CO LTD,5.739e-07,843.46
2026-05-28,IE000EGGFVG6,7988,NIFCO INC,3.90623e-05,57411.21
2026-05-28,IE000EGGFVG6,6779,NIHON DEMPA KOGYO CO LTD,5.4953e-06,8076.62
2026-05-28,IE000EGGFVG6,7974,NINTENDO CO LTD,3.5751e-05,52544.51
2026-05-28,IE000EGGFVG6,9759,NSD CO LTD,2.40994e-05,35419.69
2026-05-28,IE000EGGFVG6,6946,NIPPON AVIONICS CO LTD,2.4784e-06,3642.64
2026-05-28,IE000EGGFVG6,6376,NIKKISO COLTD,2.90746e-05,42731.98
2026-05-28,IE000EGGFVG6,6849,NIHON KOHDEN CORP,1.17157e-05,17219.03
2026-05-28,IE000EGGFVG6,4094,NIHON KAGAKU SANGYO CO LTD,8.726e-07,1282.46
2026-05-28,IE000EGGFVG6,8174,NIPPON GASCO LTD,4.53528e-05,66656.62
2026-05-28,IE000EGGFVG6,4619,NIHON TOKUSHU TORYO CO LTD,2.0144e-06,2960.59
2026-05-28,IE000EGGFVG6,6306,NIKKO CO LTD,1.4597e-06,2145.39
2026-05-28,IE000EGGFVG6,4092,NIPPON CHEMICAL INDUSTRIAL,2.0148e-06,2961.22
2026-05-28,IE000EGGFVG6,1950,NIPPON DENSETSU KOGYO CO LTD,9.636e-06,14162.35
2026-05-28,IE000EGGFVG6,6997,NIPPON CHEMI CON CORP,7.4866e-06,11003.3
2026-05-28,IE000EGGFVG6,5563,NIPPON DENKO CO LTD,3.4933e-06,5134.24
2026-05-28,IE000EGGFVG6,6902,DENSO CORP,0.0001216937,178857.6
2026-05-28,IE000EGGFVG6,6701,NEC CORP,0.0002042837,300243.05
2026-05-28,IE000EGGFVG6,4272,NIPPON KAYAKU CO LTD,1.72935e-05,25416.86
2026-05-28,IE000EGGFVG6,4403,NOF CORP,4.31812e-05,63464.91
2026-05-28,IE000EGGFVG6,4612,NIPPON PAINT HOLDINGS CO LTD,6.56999e-05,96561.47
2026-05-28,IE000EGGFVG6,4095,NIHON PARKERIZING CO LTD,8.4327e-06,12393.78
2026-05-28,IE000EGGFVG6,4091,NIPPON SANSO HOLDINGS CORP,6.68323e-05,98225.78
2026-05-28,IE000EGGFVG6,4516,NIPPON SHINYAKU CO LTD,2.62159e-05,38530.38
2026-05-28,IE000EGGFVG6,4041,NIPPON SODA CO LTD,9.23e-06,13565.71
2026-05-28,IE000EGGFVG6,4064,NIPPON CARBIDE INDUSTRIES CO,1.3589e-06,1997.17
2026-05-28,IE000EGGFVG6,2108,NIPPON BEET SUGAR MFG CO LTD,1.814e-06,2666.04
2026-05-28,IE000EGGFVG6,2001,NIPPN CORP,2.5016e-05,36766.84
2026-05-28,IE000EGGFVG6,2282,NH FOODS LTD,4.90145e-05,72038.31
2026-05-28,IE000EGGFVG6,2871,NICHIREI CORP,0.000105786,155477.46
2026-05-28,IE000EGGFVG6,1332,NISSUI CORP,7.96828e-05,117112.57
2026-05-28,IE000EGGFVG6,2002,NISSHIN SEIFUN GROUP INC,3.26141e-05,47934.05
2026-05-28,IE000EGGFVG6,1820,NISHIMATSUCONSTRUCTION CO,2.54672e-05,37430.05
2026-05-28,IE000EGGFVG6,1515,NITTETSU MINING CO LTD,1.37656e-05,20231.75
2026-05-28,IE000EGGFVG6,2602,NISSHIN OILLIO GROUP LTD/THE,8.9172e-06,13105.98
2026-05-28,IE000EGGFVG6,3110,NITTO BOSEKI CO LTD,0.0002426089,356570.89
2026-05-28,IE000EGGFVG6,6490,PILLAR CORP /JAPAN,1.23708e-05,18181.82
2026-05-28,IE000EGGFVG6,5393,NICHIAS CORP,4.49323e-05,66038.63
2026-05-28,IE000EGGFVG6,5302,NIPPON CARBON CO LTD,2.034e-06,2989.48
2026-05-28,IE000EGGFVG6,5269,NIPPON CONCRETE INDUSTRIES,8.461e-07,1243.52
2026-05-28,IE000EGGFVG6,9432,NTT INC,9.20412e-05,135276.16
2026-05-28,IE000EGGFVG6,5202,NIPPON SHEET GLASS CO LTD,1.51467e-05,22261.58
2026-05-28,IE000EGGFVG6,5331,NORITAKE CO LTD,9.7044e-06,14262.84
2026-05-28,IE000EGGFVG6,6471,NSK LTD,5.96329e-05,87644.52
2026-05-28,IE000EGGFVG6,5480,NIPPON YAKIN KOGYO CO LTD,3.88e-06,5702.62
2026-05-28,IE000EGGFVG6,4021,NISSAN CHEMICAL CORP,8.25601e-05,121341.5
2026-05-28,IE000EGGFVG6,8086,NIPRO CORP,4.15896e-05,61125.76
2026-05-28,IE000EGGFVG6,6493,NITTAN CORP,4.35e-07,639.35
2026-05-28,IE000EGGFVG6,2897,NISSIN FOODS HOLDINGS CO LTD,4.33961e-05,63780.82
2026-05-28,IE000EGGFVG6,6988,NITTO DENKO CORP,0.0004086448,600599.79
2026-05-28,IE000EGGFVG6,5957,NITTO SEIKO CO LTD,1.3589e-06,1997.17
2026-05-28,IE000EGGFVG6,7915,NISSHA COLTD,4.2176e-06,6198.78
2026-05-28,IE000EGGFVG6,9072,NIKKON HOLDINGS CO LTD,2.85319e-05,41934.37
2026-05-28,IE000EGGFVG6,7731,NIKON CORP,4.1407e-05,60857.27
2026-05-28,IE000EGGFVG6,7951,YAMAHA CORP,9.10201e-05,133775.48
2026-05-28,IE000EGGFVG6,6479,MINEBEA MITSUMI INC,8.9533e-05,131589.89
2026-05-28,IE000EGGFVG6,7240,NOK CORP,2.92336e-05,42965.61
2026-05-28,IE000EGGFVG6,7102,NIPPON SHARYO LTD,1.423e-06,2091.38
2026-05-28,IE000EGGFVG6,6741,NIPPON SIGNAL COMPANY LTD,4.1074e-06,6036.74
2026-05-28,IE000EGGFVG6,7287,NIPPON SEIKI CO LTD,6.8559e-06,10076.31
2026-05-28,IE000EGGFVG6,5659,NIPPON SEISEN CO LTD,1.2076e-06,1774.85
2026-05-28,IE000EGGFVG6,5401,NIPPON STEEL CORP,0.0003771484,554308.41
2026-05-28,IE000EGGFVG6,5214,NIPPON ELECTRIC GLASS CO LTD,4.21377e-05,61931.23
2026-05-28,IE000EGGFVG6,8056,BIPROGY INC,2.73816e-05,40243.68
2026-05-28,IE000EGGFVG6,7201,NISSAN MOTOR CO LTD,4.12608e-05,60642.49
2026-05-28,IE000EGGFVG6,6863,NIRECO CORP,1.0854e-06,1595.23
2026-05-28,IE000EGGFVG6,7222,NISSAN SHATAI CO LTD,4.5894e-06,6745.17
2026-05-28,IE000EGGFVG6,3105,NISSHINBOHOLDINGS INC,5.2918e-05,77775.47
2026-05-28,IE000EGGFVG6,9031,NISHI NIPPON RAILROAD CO LTD,7.1802e-06,10552.99
2026-05-28,IE000EGGFVG6,8604,NOMURA HOLDINGS INC,0.0002532862,372263.77
2026-05-28,IE000EGGFVG6,1929,NITTOC CONSTRUCTION CO LTD,9.538e-07,1401.79
2026-05-28,IE000EGGFVG6,6651,NITTO KOGYO CORP,6.1854e-06,9090.91
2026-05-28,IE000EGGFVG6,6382,TRINITY INDUSTRIAL CORP,5.645e-07,829.64
2026-05-28,IE000EGGFVG6,7279,HI LEX CORP,3.1446e-06,4621.76
2026-05-28,IE000EGGFVG6,6480,NIPPON THOMPSON CO LTD,6.7721e-06,9953.21
2026-05-28,IE000EGGFVG6,7995,VALQUA LTD,6.9225e-06,10174.28
2026-05-28,IE000EGGFVG6,5943,NORITZ CORP,4.9099e-06,7216.2
2026-05-28,IE000EGGFVG6,9101,NIPPON YUSEN KK,0.0001137089,167122.0
2026-05-28,IE000EGGFVG6,4205,ZEON CORP,9.16946e-05,134766.84
2026-05-28,IE000EGGFVG6,9404,NIPPON TELEVISION HOLDINGS,1.4627e-05,21497.88
2026-05-28,IE000EGGFVG6,9843,NITORI HOLDINGS CO LTD,8.82481e-05,129701.37
2026-05-28,IE000EGGFVG6,6284,NISSEI ASBMACHINE CO LTD,3.9142e-06,5752.87
2026-05-28,IE000EGGFVG6,9716,NOMURA COLTD,3.7159e-06,5461.45
2026-05-28,IE000EGGFVG6,6145,NITTOKU COLTD,2.5246e-06,3710.47
2026-05-28,IE000EGGFVG6,5186,NITTA CORP,7.4097e-06,10890.25
2026-05-28,IE000EGGFVG6,5161,NISHIKAWARUBBER CO LTD,2.6066e-06,3831.06
2026-05-28,IE000EGGFVG6,7744,NORITSU KOKI CO LTD,7.0285e-06,10330.04
2026-05-28,IE000EGGFVG6,4661,ORIENTAL LAND CO LTD,0.0001009535,148374.94
2026-05-28,IE000EGGFVG6,6472,NTN CORP,5.11595e-05,75190.96
2026-05-28,IE000EGGFVG6,8914,AREALINK CO LTD,2.9015e-06,4264.41
2026-05-28,IE000EGGFVG6,1786,ORIENTAL SHIRAISHI CORP,2.0896e-06,3071.13
2026-05-28,IE000EGGFVG6,6136,OSG CORP,3.07258e-05,45158.74
2026-05-28,IE000EGGFVG6,9007,ODAKYU ELECTRIC RAILWAY CO,3.18928e-05,46873.92
2026-05-28,IE000EGGFVG6,1802,OBAYASHI CORP,0.000114931,168918.2
2026-05-28,IE000EGGFVG6,9765,OHBA CO LTD,4.931e-07,724.76
2026-05-28,IE000EGGFVG6,8361,OGAKI KYORITSU BANK LTD/THE,1.56184e-05,22954.94
2026-05-28,IE000EGGFVG6,7481,OIE SANGYOCO LTD,1.0226e-06,1502.9
2026-05-28,IE000EGGFVG6,6282,OILES CORP,3.2844e-06,4827.13
2026-05-28,IE000EGGFVG6,8392,OITA BANKLTD/THE,9.5847e-06,14086.98
2026-05-28,IE000EGGFVG6,6703,OKI ELECTRIC INDUSTRY CO LTD,4.32487e-05,63564.14
2026-05-28,IE000EGGFVG6,3861,OJI HOLDINGS CORP,8.54618e-05,125606.23
2026-05-28,IE000EGGFVG6,5959,OKABE CO LTD,1.9635e-06,2885.85
2026-05-28,IE000EGGFVG6,5122,OKAMOTO INDUSTRIES INC,2.4143e-06,3548.44
2026-05-28,IE000EGGFVG6,6103,OKUMA CORP,2.57351e-05,37823.83
2026-05-28,IE000EGGFVG6,1833,OKUMURA CORP,2.39725e-05,35233.16
2026-05-28,IE000EGGFVG6,6125,OKAMOTO MACHINE TOOL WORKS,2.252e-06,3309.78
2026-05-28,IE000EGGFVG6,7994,OKAMURA CORP,8.9301e-06,13124.82
2026-05-28,IE000EGGFVG6,4221,OKURA INDUSTRIAL CO LTD,2.0725e-06,3046.0
2026-05-28,IE000EGGFVG6,8609,OKASAN SECURITIES GROUP INC,8.0165e-06,11782.07
2026-05-28,IE000EGGFVG6,8217,OKUWA CO LTD,1.0038e-06,1475.27
2026-05-28,IE000EGGFVG6,9511,OKINAWA ELECTRIC POWER CO,1.5589e-06,2291.1
2026-05-28,IE000EGGFVG6,6294,OKADA AIYON CORP,8.448e-07,1241.64
2026-05-28,IE000EGGFVG6,7991,MAMIYA OPCO LTD,4.594e-07,675.15
2026-05-28,IE000EGGFVG6,7733,OLYMPUS CORP,0.0001914758,281418.74
2026-05-28,IE000EGGFVG6,7414,ONOKEN COLTD,1.7229e-06,2532.27
2026-05-28,IE000EGGFVG6,6645,OMRON CORP,0.0001100177,161696.97
2026-05-28,IE000EGGFVG6,5816,ONAMBA COLTD,7.606e-07,1117.91
2026-05-28,IE000EGGFVG6,8368,HYAKUGO BANK LTD/THE,7.92933e-05,116540.12
2026-05-28,IE000EGGFVG6,8386,HYAKUJUSHIBANK LTD/THE,1.27426e-05,18728.22
2026-05-28,IE000EGGFVG6,4528,ONO PHARMACEUTICAL CO LTD,3.48618e-05,51237.56
2026-05-28,IE000EGGFVG6,5233,TAIHEIYO CEMENT CORP,6.78121e-05,99665.88
2026-05-28,IE000EGGFVG6,6914,OPTEX GROUP CO LTD,2.6953e-05,39613.75
2026-05-28,IE000EGGFVG6,9936,OHSHO FOODSERVICE CORP,4.5911e-06,6747.68
2026-05-28,IE000EGGFVG6,8585,ORIENT CORP,3.3882e-06,4979.75
2026-05-28,IE000EGGFVG6,8591,ORIX CORP,0.0005626304,826917.89
2026-05-28,IE000EGGFVG6,1980,DAI DAN COLTD,1.32912e-05,19534.62
2026-05-28,IE000EGGFVG6,9532,OSAKA GASCO LTD,0.0001035495,152190.3
2026-05-28,IE000EGGFVG6,8041,OUG HOLDINGS INC,1.8204e-06,2675.46
2026-05-28,IE000EGGFVG6,4187,OSAKA ORGANIC CHEMICAL IND,4.8543e-06,7134.56
2026-05-28,IE000EGGFVG6,6644,OSAKI ELECTRIC CO LTD,2.8374e-06,4170.2
2026-05-28,IE000EGGFVG6,5449,OSAKA STEEL CO LTD,2.2195e-06,3262.05
2026-05-28,IE000EGGFVG6,7727,OVAL CORP,1.0256e-06,1507.3
2026-05-28,IE000EGGFVG6,9755,OYO CORP,3.6869e-06,5418.75
2026-05-28,IE000EGGFVG6,1871,PS CONSTRUCTION CO LTD,2.7664e-06,4065.94
2026-05-28,IE000EGGFVG6,5541,PACIFIC METALS CO LTD,2.8818e-06,4235.52
2026-05-28,IE000EGGFVG6,4666,PARK24 COLTD,3.44169e-05,50583.76
2026-05-28,IE000EGGFVG6,9845,PARKER CORP,1.164e-06,1710.79
2026-05-28,IE000EGGFVG6,2780,KOMEHYO HOLDINGS CO LTD,2.4913e-06,3661.49
2026-05-28,IE000EGGFVG6,8439,TOKYO CENTURY CORP,4.96766e-05,73011.46
2026-05-28,IE000EGGFVG6,6677,SK ELECTRONICS LTD,1.3824e-06,2031.72
2026-05-28,IE000EGGFVG6,2782,SERIA CO LTD,1.91523e-05,28148.85
2026-05-28,IE000EGGFVG6,1893,PENTA OCEAN CONSTRUCTION CO,0.0001206028,177254.21
2026-05-28,IE000EGGFVG6,8917,FIRST JUKEN CO LTD,4.53e-07,665.72
2026-05-28,IE000EGGFVG6,8377,HOKUHOKU FINANCIAL GROUP INC,5.44657e-05,80050.24
2026-05-28,IE000EGGFVG6,8957,TOKYU REITINC,3.9441e-06,5796.83
2026-05-28,IE000EGGFVG6,2784,ALFRESA HOLDINGS CORP,4.24774e-05,62430.53
2026-05-28,IE000EGGFVG6,1721,COMSYS HOLDINGS CORP,4.14736e-05,60955.25
2026-05-28,IE000EGGFVG6,3431,MIYAJI ENGINEERING GROUP INC,2.5502e-06,3748.16
2026-05-28,IE000EGGFVG6,1719,HAZAMA ANDO CORP,3.3223e-05,48829.02
2026-05-28,IE000EGGFVG6,7956,PIGEON CORP,2.88823e-05,42449.36
2026-05-28,IE000EGGFVG6,6676,BUFFALO INC /JAPAN,1.9469e-06,2861.36
2026-05-28,IE000EGGFVG6,1720,TOKYU CONSTRUCTION CO LTD,1.85302e-05,27234.42
2026-05-28,IE000EGGFVG6,2371,KAKAKU.COMINC,6.13712e-05,90199.4
2026-05-28,IE000EGGFVG6,8958,GLOBAL ONEREIT,3.3472e-06,4919.45
2026-05-28,IE000EGGFVG6,7246,PRESS KOGYO CO LTD,1.34126e-05,19712.99
2026-05-28,IE000EGGFVG6,2281,PRIMA MEATPACKERS LTD,4.1142e-06,6046.79
2026-05-28,IE000EGGFVG6,1662,JAPAN PETROLEUM EXPLORATION,2.71397e-05,39888.21
2026-05-28,IE000EGGFVG6,2790,NAFCO CO LTD,1.7922e-06,2634.01
2026-05-28,IE000EGGFVG6,2791,DAIKOKUTENBUSSAN CO LTD,1.8097e-06,2659.76
2026-05-28,IE000EGGFVG6,2792,HONEYS HOLDINGS CO LTD,1.8678e-06,2745.17
2026-05-28,IE000EGGFVG6,2384,SBS HOLDINGS INC,2.43058e-05,35723.03
2026-05-28,IE000EGGFVG6,2379,DIP CORP,3.6471e-06,5360.34
2026-05-28,IE000EGGFVG6,2809,KEWPIE CORP,3.28089e-05,48220.44
2026-05-28,IE000EGGFVG6,3433,TOCALO COLTD,2.61838e-05,38483.28
2026-05-28,IE000EGGFVG6,1926,RAITO KOGYO CO LTD,2.75876e-05,40546.4
2026-05-28,IE000EGGFVG6,9948,ARCS CO LTD,2.08317e-05,30617.05
2026-05-28,IE000EGGFVG6,8960,UNITED URBAN INVESTMENT CORP,2.6062e-05,38304.29
2026-05-28,IE000EGGFVG6,4022,RASA INDUSTRIES LTD,3.9762e-06,5843.93
2026-05-28,IE000EGGFVG6,8919,KATITAS COLTD,2.63056e-05,38662.27
2026-05-28,IE000EGGFVG6,8920,TOSHO CO LTD,9.653e-07,1418.75
2026-05-28,IE000EGGFVG6,8844,COSMOS INITIA CO LTD,1.0204e-06,1499.76
2026-05-28,IE000EGGFVG6,6675,SAXA INC,2.5357e-06,3726.8
2026-05-28,IE000EGGFVG6,8566,RICOH LEASING CO LTD,2.3152e-05,34027.32
2026-05-28,IE000EGGFVG6,8961,MORI TRUSTREIT INC,5.2957e-06,7783.33
2026-05-28,IE000EGGFVG6,3941,RENGO CO LTD,5.60015e-05,82307.42
2026-05-28,IE000EGGFVG6,8029,LOOK HOLDINGS INC,1.1174e-06,1642.33
2026-05-28,IE000EGGFVG6,6272,RHEON AUTOMATIC MACHINERY,1.8652e-06,2741.4
2026-05-28,IE000EGGFVG6,7525,RIX CORP,1.4999e-06,2204.43
2026-05-28,IE000EGGFVG6,8923,TOSEI CORP,1.46899e-05,21590.2
2026-05-28,IE000EGGFVG6,7769,RHYTHM COLTD,1.5661e-06,2301.77
2026-05-28,IE000EGGFVG6,7752,RICOH CO LTD,0.000119088,175027.8
2026-05-28,IE000EGGFVG6,4220,RIKEN TECHNOS CORP,4.6513e-06,6836.24
2026-05-28,IE000EGGFVG6,4526,RIKEN VITAMIN CO LTD,3.5548e-06,5224.68
2026-05-28,IE000EGGFVG6,3315,NIPPON COKE + ENGINEERING CO,5.0569e-06,7432.25
2026-05-28,IE000EGGFVG6,5947,RINNAI CORP,3.22077e-05,47336.79
2026-05-28,IE000EGGFVG6,8200,RINGER HUTCO LTD,1.7956e-06,2639.03
2026-05-28,IE000EGGFVG6,8697,JAPAN EXCHANGE GROUP INC,0.0004049892,595226.9
2026-05-28,IE000EGGFVG6,7840,FRANCE BEDHOLDINGS CO LTD,2.0904e-06,3072.38
2026-05-28,IE000EGGFVG6,6674,GS YUASA CORP,6.32744e-05,92996.7
2026-05-28,IE000EGGFVG6,8795,T+D HOLDINGS INC,0.000138239,203174.75
2026-05-28,IE000EGGFVG6,6963,ROHM CO LTD,0.0002039718,299784.58
2026-05-28,IE000EGGFVG6,4527,ROHTO PHARMACEUTICAL CO LTD,4.56242e-05,67055.43
2026-05-28,IE000EGGFVG6,2266,ROKKO BUTTER CO LTD,4.645e-07,682.68
2026-05-28,IE000EGGFVG6,7944,ROLAND CORP,3.9228e-06,5765.43
2026-05-28,IE000EGGFVG6,9882,YELLOW HATLTD,1.66859e-05,24523.79
2026-05-28,IE000EGGFVG6,8179,ROYAL HOLDINGS CO LTD,1.76259e-05,25905.48
2026-05-28,IE000EGGFVG6,7453,RYOHIN KEIKAKU CO LTD,0.0001868851,274671.69
2026-05-28,IE000EGGFVG6,5851,RYOBI LTD,4.6629e-06,6853.2
2026-05-28,IE000EGGFVG6,8084,RYODEN CORP,3.1921e-06,4691.47
2026-05-28,IE000EGGFVG6,5304,SEC CARBONLTD,1.1127e-06,1635.42
2026-05-28,IE000EGGFVG6,4548,SEIKAGAKUCORP,1.6729e-06,2458.78
2026-05-28,IE000EGGFVG6,6273,SMC CORP,8.70187e-05,127894.49
2026-05-28,IE000EGGFVG6,4951,ST CORP,1.2512e-06,1838.91
2026-05-28,IE000EGGFVG6,2805,S + B FOODS INC,4.7603e-06,6996.39
2026-05-28,IE000EGGFVG6,9003,SOTETSU HOLDINGS INC,1.97698e-05,29056.37
2026-05-28,IE000EGGFVG6,9900,SAGAMI HOLDINGS CORP,1.4093e-06,2071.28
2026-05-28,IE000EGGFVG6,9536,SAIBU GASHOLDINGS CO LTD,1.8648e-06,2740.78
2026-05-28,IE000EGGFVG6,9039,SAKAI MOVING SERVICE CO LTD,2.04492e-05,30054.95
2026-05-28,IE000EGGFVG6,7888,SANKO GOSEI LTD,1.7199e-06,2527.87
2026-05-28,IE000EGGFVG6,4078,SAKAI CHEMICAL INDUSTRY CO,3.6236e-06,5325.8
2026-05-28,IE000EGGFVG6,6358,SAKAI HEAVY INDUSTRIES LTD,8.986e-07,1320.77
2026-05-28,IE000EGGFVG6,1377,SAKATA SEED CORP,2.3387e-05,34372.74
2026-05-28,IE000EGGFVG6,4633,SAKATA INXCORP,2.13483e-05,31376.35
2026-05-28,IE000EGGFVG6,9984,SOFTBANK GROUP CORP,0.0026579615,3906500.23
2026-05-28,IE000EGGFVG6,8097,SAN AI OBBLI CO LTD,2.07278e-05,30464.44
2026-05-28,IE000EGGFVG6,8381,SAN IN GODO BANK LTD/THE,3.50912e-05,51574.82
2026-05-28,IE000EGGFVG6,9052,SANYO ELECTRIC RAILWAY CO,1.6323e-06,2399.12
2026-05-28,IE000EGGFVG6,5757,CK SAN ETSU CO LTD,2.0789e-06,3055.42
2026-05-28,IE000EGGFVG6,8130,SANGETSU CORP,2.48527e-05,36526.93
2026-05-28,IE000EGGFVG6,6707,SANKEN ELECTRIC CO LTD,1.17978e-05,17339.61
2026-05-28,IE000EGGFVG6,1961,SANKI ENGINEERING CO LTD,2.60402e-05,38272.26
2026-05-28,IE000EGGFVG6,1972,SANKO METAL INDUSTRIAL CO,1.0452e-06,1536.19
2026-05-28,IE000EGGFVG6,6379,RAIZNEXT CORP,1.35622e-05,19932.8
2026-05-28,IE000EGGFVG6,5985,SUNCALL CORP,2.19218e-05,32219.19
2026-05-28,IE000EGGFVG6,5932,SANKYO TATEYAMA INC,8.153e-07,1198.3
2026-05-28,IE000EGGFVG6,8018,SANKYO SEIKO CO LTD,1.0961e-06,1610.93
2026-05-28,IE000EGGFVG6,9065,SANKYU INC,4.54682e-05,66826.19
2026-05-28,IE000EGGFVG6,6417,SANKYO COLTD,8.46157e-05,124362.7
2026-05-28,IE000EGGFVG6,6584,SANOH INDUSTRIAL CO LTD,1.8652e-06,2741.4
2026-05-28,IE000EGGFVG6,8136,SANRIO COLTD,6.99861e-05,102861.04
2026-05-28,IE000EGGFVG6,8150,SANSHIN ELECTRONICS CO LTD,1.1965e-06,1758.52
2026-05-28,IE000EGGFVG6,6357,SANSEI TECHNOLOGIES INC,2.3596e-06,3468.05
2026-05-28,IE000EGGFVG6,4536,SANTEN PHARMACEUTICAL CO LTD,9.92594e-05,145885.07
2026-05-28,IE000EGGFVG6,5929,SANWA HOLDINGS CORP,6.53367e-05,96027.63
2026-05-28,IE000EGGFVG6,4471,SANYO CHEMICAL INDUSTRIES,4.4441e-06,6531.64
2026-05-28,IE000EGGFVG6,1960,SANYO ENGINEERING + CONSTRUC,6.188e-07,909.4
2026-05-28,IE000EGGFVG6,8011,SANYO SHOKAI LTD,1.5853e-06,2330.04
2026-05-28,IE000EGGFVG6,2501,SAPPORO HOLDINGS LTD,4.44409e-05,65316.37
2026-05-28,IE000EGGFVG6,6516,SANYO DENKI CO LTD,1.15546e-05,16982.26
2026-05-28,IE000EGGFVG6,8542,TOMATO BANK LTD,6.367e-07,935.78
2026-05-28,IE000EGGFVG6,6287,SATO CORP,1.12453e-05,16527.56
2026-05-28,IE000EGGFVG6,8163,SRS HOLDINGS CO LTD,2.4656e-06,3623.8
2026-05-28,IE000EGGFVG6,8065,SATO SHOJICORP,2.7947e-06,4107.4
2026-05-28,IE000EGGFVG6,7459,MEDIPAL HOLDINGS CORP,3.77064e-05,55418.43
2026-05-28,IE000EGGFVG6,9735,SECOM CO LTD,9.11235e-05,133927.46
2026-05-28,IE000EGGFVG6,7743,SEED CO LTD/TOKYO,6.474e-07,951.48
2026-05-28,IE000EGGFVG6,1898,SEIKITOKYUKOGYO CO LTD,2.4442e-06,3592.4
2026-05-28,IE000EGGFVG6,9076,SEINO HOLDINGS CO LTD,3.23171e-05,47497.57
2026-05-28,IE000EGGFVG6,3569,SEIREN COLTD,2.22888e-05,32758.68
2026-05-28,IE000EGGFVG6,4008,SUMITOMO SEIKA CHEMICALS CO,2.8267e-06,4154.5
2026-05-28,IE000EGGFVG6,4204,SEKISUI CHEMICAL CO LTD,0.0001655563,243323.92
2026-05-28,IE000EGGFVG6,4212,SEKISUI JUSHI CORP,2.76e-06,4056.52
2026-05-28,IE000EGGFVG6,4228,SEKISUI KASEI CO LTD,9.862e-07,1449.52
2026-05-28,IE000EGGFVG6,1928,SEKISUI HOUSE LTD,0.0001364806,200590.36
2026-05-28,IE000EGGFVG6,9069,SENKO GROUP HOLDINGS CO LTD,3.28094e-05,48221.07
2026-05-28,IE000EGGFVG6,9824,SENSHU ELECTRIC CO LTD,5.3927e-06,7925.89
2026-05-28,IE000EGGFVG6,6753,SHARP CORP,7.35767e-05,108138.31
2026-05-28,IE000EGGFVG6,1879,SHINNIHONCORP,3.8783e-06,5700.11
2026-05-28,IE000EGGFVG6,8227,SHIMAMURACO LTD,1.25413e-05,18432.41
2026-05-28,IE000EGGFVG6,8387,SHIKOKU BANK LTD/THE,7.0635e-06,10381.54
2026-05-28,IE000EGGFVG6,8341,77 BANK LTD/THE,4.46311e-05,65595.86
2026-05-28,IE000EGGFVG6,6590,SHIBAURA MECHATRONICS CORP,3.76295e-05,55305.39
2026-05-28,IE000EGGFVG6,6340,SHIBUYA CORPORATION,3.3117e-06,4867.33
2026-05-28,IE000EGGFVG6,8366,SHIGA BANKLTD/THE,3.70248e-05,54416.71
2026-05-28,IE000EGGFVG6,9304,SHIBUSAWALOGISTICS CORP,3.0083e-06,4421.42
2026-05-28,IE000EGGFVG6,4099,SHIKOKU KASEI HOLDINGS CORP,7.9224e-06,11643.9
2026-05-28,IE000EGGFVG6,9507,SHIKOKU ELECTRIC POWER CO,9.2877e-06,13650.5
2026-05-28,IE000EGGFVG6,7701,SHIMADZU CORP,4.3335e-05,63691.0
2026-05-28,IE000EGGFVG6,1803,SHIMIZU CORP,3.94467e-05,57976.14
2026-05-28,IE000EGGFVG6,1939,YONDENKO CORP,3.3502e-06,4923.85
2026-05-28,IE000EGGFVG6,5351,SHINAGAWAREFRA CO LTD,3.2784e-06,4818.34
2026-05-28,IE000EGGFVG6,7224,SHINMAYWAINDUSTRIES LTD,2.18136e-05,32060.29
2026-05-28,IE000EGGFVG6,8364,SHIMIZU BANK LTD/THE,1.0747e-06,1579.53
2026-05-28,IE000EGGFVG6,6844,SHINDENGENELECTRIC MFG,1.4657e-06,2154.18
2026-05-28,IE000EGGFVG6,4063,SHIN ETSUCHEMICAL CO LTD,0.000429935,631890.72
2026-05-28,IE000EGGFVG6,6507,SINFONIA TECHNOLOGY CO LTD,3.62535e-05,53283.09
2026-05-28,IE000EGGFVG6,6339,SINTOKOGIOLTD,2.7541e-06,4047.73
2026-05-28,IE000EGGFVG6,4507,SHIONOGI +CO LTD,0.0001613372,237122.94
2026-05-28,IE000EGGFVG6,7309,SHIMANO INC,6.38603e-05,93857.75
2026-05-28,IE000EGGFVG6,8141,SHINKO SHOJI CO LTD,2.0242e-06,2975.04
2026-05-28,IE000EGGFVG6,8075,SHINSHO CORP,2.0768e-06,3052.28
2026-05-28,IE000EGGFVG6,9110,NS UNITEDKAIUN KAISHA LTD,2.36904e-05,34818.65
2026-05-28,IE000EGGFVG6,2903,SHINOBU FOODS PRODUCTS CO,6.499e-07,955.25
2026-05-28,IE000EGGFVG6,6458,SINKO INDUSTRIES LTD,2.6558e-06,3903.28
2026-05-28,IE000EGGFVG6,4911,SHISEIDO CO LTD,0.0001027222,150974.41
2026-05-28,IE000EGGFVG6,3003,HULIC CO LTD,6.06576e-05,89150.58
2026-05-28,IE000EGGFVG6,8079,SHOEI FOODS CORP,1.7029e-06,2502.75
2026-05-28,IE000EGGFVG6,9601,SHOCHIKU CO LTD,8.7087e-06,12799.5
2026-05-28,IE000EGGFVG6,4004,RESONAC HOLDINGS CORP,0.0001660124,243994.35
2026-05-28,IE000EGGFVG6,5805,SWCC CORP,2.42203e-05,35597.43
2026-05-28,IE000EGGFVG6,6798,SMK CORP,1.5084e-06,2216.99
2026-05-28,IE000EGGFVG6,2004,SHOWA SANGYO CO LTD,4.083e-06,6000.94
2026-05-28,IE000EGGFVG6,9768,IDEA CONSULTANTS INC,1.3525e-06,1987.75
2026-05-28,IE000EGGFVG6,7970,SHIN ETSUPOLYMER CO LTD,1.63957e-05,24097.35
2026-05-28,IE000EGGFVG6,1952,SHIN NIPPON AIR TECHNOLOGIES,5.803e-06,8528.81
2026-05-28,IE000EGGFVG6,6222,SHIMA SEIKI MFG LTD,1.5349e-06,2255.93
2026-05-28,IE000EGGFVG6,7466,SPK CORP,1.0606e-06,1558.8
2026-05-28,IE000EGGFVG6,6817,SUMIDA CORP,3.6971e-06,5433.82
2026-05-28,IE000EGGFVG6,9989,SUNDRUG COLTD,3.78021e-05,55559.11
2026-05-28,IE000EGGFVG6,8158,SODA NIKKACO LTD,9.333e-07,1371.64
2026-05-28,IE000EGGFVG6,6143,SODICK COLTD,4.7612e-06,6997.64
2026-05-28,IE000EGGFVG6,6758,SONY GROUPCORP,0.0014009355,2059004.54
2026-05-28,IE000EGGFVG6,7482,SHIMOJIMACO LTD,1.1085e-06,1629.14
2026-05-28,IE000EGGFVG6,9622,SPACE CO LTD,1.2307e-06,1808.76
2026-05-28,IE000EGGFVG6,2292,S FOODS INC,3.492e-06,5132.36
2026-05-28,IE000EGGFVG6,6923,STANLEY ELECTRIC CO LTD,2.57304e-05,37816.93
2026-05-28,IE000EGGFVG6,8850,STARTS CORP INC,1.96352e-05,28858.53
2026-05-28,IE000EGGFVG6,9632,SUBARU ENTERPRISE CO LTD,1.5768e-06,2317.48
2026-05-28,IE000EGGFVG6,9932,SUGIMOTO +CO LTD,1.0051e-06,1477.16
2026-05-28,IE000EGGFVG6,4203,SUMITOMO BAKELITE CO LTD,2.85746e-05,41997.17
2026-05-28,IE000EGGFVG6,5232,SUMITOMO OSAKA CEMENT CO LTD,1.12085e-05,16473.54
2026-05-28,IE000EGGFVG6,4005,SUMITOMO CHEMICAL CO LTD,0.0002195178,322633.06
2026-05-28,IE000EGGFVG6,5802,SUMITOMO ELECTRIC INDUSTRIES,0.0003473826,510560.53
2026-05-28,IE000EGGFVG6,6302,SUMITOMO HEAVY INDUSTRIES,4.52357e-05,66484.53
2026-05-28,IE000EGGFVG6,5713,SUMITOMO METAL MINING CO LTD,8.37626e-05,123108.81
2026-05-28,IE000EGGFVG6,1911,SUMITOMO FORESTRY CO LTD,0.0002472162,363342.43
2026-05-28,IE000EGGFVG6,8830,SUMITOMO REALTY + DEVELOPMEN,8.27097e-05,121561.31
2026-05-28,IE000EGGFVG6,8053,SUMITOMO CORP,0.0001669846,245423.15
2026-05-28,IE000EGGFVG6,5110,SUMITOMO RUBBER INDUSTRIES,0.0001104107,162274.45
2026-05-28,IE000EGGFVG6,9303,SUMITOMO WAREHOUSE CO LTD,2.83674e-05,41692.57
2026-05-28,IE000EGGFVG6,9639,SANKYO FRONTIER CO LTD,9.204e-07,1352.8
2026-05-28,IE000EGGFVG6,8358,SURUGA BANK LTD,1.869e-05,27469.31
2026-05-28,IE000EGGFVG6,7874,LEC INC,1.1614e-06,1707.02
2026-05-28,IE000EGGFVG6,7269,SUZUKI MOTOR CORP,0.0005330131,783388.26
2026-05-28,IE000EGGFVG6,9987,SUZUKEN COLTD,3.1342e-05,46064.38
2026-05-28,IE000EGGFVG6,6481,THK CO LTD,3.8479e-05,56553.93
2026-05-28,IE000EGGFVG6,6762,TDK CORP,0.00034875,512570.26
2026-05-28,IE000EGGFVG6,7239,TACHI S COLTD,4.8116e-06,7071.75
2026-05-28,IE000EGGFVG6,7989,TACHIKAWACORP,2.0862e-06,3066.1
2026-05-28,IE000EGGFVG6,6859,ESPEC CORP,3.2946e-06,4842.2
2026-05-28,IE000EGGFVG6,6395,TADANO LTD,6.6661e-06,9797.46
2026-05-28,IE000EGGFVG6,8159,TACHIBANAELETECH CO LTD,2.7049e-06,3975.51
2026-05-28,IE000EGGFVG6,1968,TAIHEI DENGYO KAISHA LTD,5.7474e-06,8447.17
2026-05-28,IE000EGGFVG6,1979,TAIKISHA LTD,2.10111e-05,30880.83
2026-05-28,IE000EGGFVG6,1801,TAISEI CORP,0.000214171,314774.69
2026-05-28,IE000EGGFVG6,8007,TAKASHIMA+ CO LTD,1.3042e-06,1916.78
2026-05-28,IE000EGGFVG6,4914,TAKASAGO INTERNATIONAL CORP,4.8159e-06,7078.03
2026-05-28,IE000EGGFVG6,2531,TAKARA HOLDINGS INC,2.00785e-05,29510.13
2026-05-28,IE000EGGFVG6,8233,TAKASHIMAYA CO LTD,6.11336e-05,89850.21
2026-05-28,IE000EGGFVG6,7921,TAKARA + CO LTD,1.3119e-06,1928.09
2026-05-28,IE000EGGFVG6,4502,TAKEDA PHARMACEUTICAL CO LTD,0.0002712946,398731.35
2026-05-28,IE000EGGFVG6,6857,ADVANTESTCORP,0.0009567187,1406123.41
2026-05-28,IE000EGGFVG6,1969,TAKASAGO THERMAL ENGINEERING,3.41716e-05,50223.27
2026-05-28,IE000EGGFVG6,6976,TAIYO YUDEN CO LTD,0.0002390536,351345.58
2026-05-28,IE000EGGFVG6,3880,DAIO PAPERCORP,6.4542e-06,9485.95
2026-05-28,IE000EGGFVG6,7981,TAKARA STANDARD CO LTD,7.5891e-06,11154.03
2026-05-28,IE000EGGFVG6,7740,TAMRON COLTD,2.22418e-05,32689.59
2026-05-28,IE000EGGFVG6,6768,TAMURA CORP,4.5424e-06,6676.09
2026-05-28,IE000EGGFVG6,4025,TAKI CHEMICAL CO LTD,2.1964e-06,3228.14
2026-05-28,IE000EGGFVG6,8537,TAIKO BANKLTD/THE,1.2136e-06,1783.64
2026-05-28,IE000EGGFVG6,9743,TANSEISHACO LTD,4.1279e-06,6066.89
2026-05-28,IE000EGGFVG6,1904,TAISEI ONCHO CO LTD,2.2263e-06,3272.1
2026-05-28,IE000EGGFVG6,9305,YAMATANE CORP,1.6802e-06,2469.46
2026-05-28,IE000EGGFVG6,1965,TECHNO RYOWA LTD,2.7391e-06,4025.75
2026-05-28,IE000EGGFVG6,3401,TEIJIN LTD,7.89702e-05,116065.31
2026-05-28,IE000EGGFVG6,4027,TAYCA CORP,1.9947e-06,2931.7
2026-05-28,IE000EGGFVG6,6463,TPR CO LTD,3.5613e-06,5234.1
2026-05-28,IE000EGGFVG6,1815,TEKKEN CORP,2.002e-06,2942.38
2026-05-28,IE000EGGFVG6,6869,SYSMEX CORP,0.0001546685,227321.71
2026-05-28,IE000EGGFVG6,4543,TERUMO CORP,0.000246083,361676.88
2026-05-28,IE000EGGFVG6,3950,PACK CORP/THE,2.8139e-06,4135.66
2026-05-28,IE000EGGFVG6,7510,TAKEBISHICORP,1.0033e-06,1474.64
2026-05-28,IE000EGGFVG6,6309,TOMOE ENGINEERING CO LTD,2.1793e-06,3203.01
2026-05-28,IE000EGGFVG6,4231,TIGERS POLYMER CORP,8.743e-07,1284.97
2026-05-28,IE000EGGFVG6,8383,TOTTORI BANK LTD/THE,6.371e-07,936.41
2026-05-28,IE000EGGFVG6,9746,TKC CORP,1.45074e-05,21322.03
2026-05-28,IE000EGGFVG6,8349,TOHOKU BANK LTD/THE,5.97e-07,877.37
2026-05-28,IE000EGGFVG6,8841,TOC CO LTD,1.7588e-06,2585.02
2026-05-28,IE000EGGFVG6,8550,TOCHIGI BANK LTD/THE,6.8939e-06,10132.2
2026-05-28,IE000EGGFVG6,9990,SAC S BARHOLDINGS INC,9.179e-07,1349.03
2026-05-28,IE000EGGFVG6,8346,TOHO BANKLTD/THE,3.51194e-05,51616.26
2026-05-28,IE000EGGFVG6,9704,AGORA HOSPITALITY GROUP CO L,5.13e-08,75.37
2026-05-28,IE000EGGFVG6,1860,TODA CORP,3.50972e-05,51583.61
2026-05-28,IE000EGGFVG6,5301,TOKAI CARBON CO LTD,8.4589e-05,124323.44
2026-05-28,IE000EGGFVG6,6995,TOKAI RIKACO LTD,9.736e-06,14309.31
2026-05-28,IE000EGGFVG6,9401,TBS HOLDINGS INC,9.8368e-06,14457.53
2026-05-28,IE000EGGFVG6,7235,TOKYO RADIATOR MFG CO LTD,6.491e-07,954.0
2026-05-28,IE000EGGFVG6,7729,TOKYO SEIMITSU CO LTD,5.25556e-05,77242.9
2026-05-28,IE000EGGFVG6,8070,TOKYO SANGYO CO LTD,3.372e-07,495.53
2026-05-28,IE000EGGFVG6,9729,TOKAI CORP/GIFU,3.0139e-06,4429.58
2026-05-28,IE000EGGFVG6,6809,TOA CORP,1.9793e-06,2909.09
2026-05-28,IE000EGGFVG6,4045,TOAGOSEI CO LTD,8.9583e-06,13166.27
2026-05-28,IE000EGGFVG6,1885,TOA CORP,5.938e-06,8727.27
2026-05-28,IE000EGGFVG6,5727,TOHO TITANIUM CO LTD,6.9994e-06,10287.33
2026-05-28,IE000EGGFVG6,1934,YURTEC CORP,5.1556e-06,7577.33
2026-05-28,IE000EGGFVG6,8616,TOKAI TOKYO FINANCIAL HOLDIN,3.57284e-05,52511.23
2026-05-28,IE000EGGFVG6,6588,TOSHIBA TEC CORP,6.8371e-06,10048.67
2026-05-28,IE000EGGFVG6,4186,TOKYO OHKAKOGYO CO LTD,4.19197e-05,61610.93
2026-05-28,IE000EGGFVG6,5975,TOPRE CORP,8.0793e-06,11874.39
2026-05-28,IE000EGGFVG6,5445,TOKYO TEKKO CO LTD,4.815e-06,7076.78
2026-05-28,IE000EGGFVG6,9001,TOBU RAILWAY CO LTD,3.20167e-05,47056.05
2026-05-28,IE000EGGFVG6,9605,TOEI CO LTD,9.7086e-06,14269.12
2026-05-28,IE000EGGFVG6,9602,TOHO CO LTD,3.20225e-05,47064.53
2026-05-28,IE000EGGFVG6,8142,TOHO CO LTD,3.3767e-06,4962.79
2026-05-28,IE000EGGFVG6,9533,TOHO GAS CO LTD,1.27733e-05,18773.43
2026-05-28,IE000EGGFVG6,9506,TOHOKU ELECTRIC POWER CO INC,7.19782e-05,105788.85
2026-05-28,IE000EGGFVG6,4409,TOHO CHEMICAL INDUSTRY CO,6.205e-07,911.92
2026-05-28,IE000EGGFVG6,9501,TOKYO ELECTRIC POWER COMPANY,0.0001393139,204754.62
2026-05-28,IE000EGGFVG6,8804,TOKYO TATEMONO CO LTD,7.7228e-05,113504.79
2026-05-28,IE000EGGFVG6,9531,TOKYO GASCO LTD,0.0001048917,154162.98
2026-05-28,IE000EGGFVG6,9633,TOKYO THEATRES CO INC,6.991e-07,1027.48
2026-05-28,IE000EGGFVG6,8129,TOHO HOLDINGS CO LTD,3.20974e-05,47174.75
2026-05-28,IE000EGGFVG6,5707,TOHO ZINCCO LTD,1.2602e-06,1852.1
2026-05-28,IE000EGGFVG6,1946,TOENEC CORP,6.8529e-06,10071.91
2026-05-28,IE000EGGFVG6,8035,TOKYO ELECTRON LTD,0.0007154302,1051493.17
2026-05-28,IE000EGGFVG6,8291,NISSAN TOKYO SALES HOLDINGS,1.4409e-06,2117.76
2026-05-28,IE000EGGFVG6,4043,TOKUYAMA CORP,3.23598e-05,47560.37
2026-05-28,IE000EGGFVG6,5981,TOKYO ROPEMFG CO LTD,1.5708e-06,2308.68
2026-05-28,IE000EGGFVG6,6440,JUKI CORP,9.709e-07,1426.91
2026-05-28,IE000EGGFVG6,5423,TOKYO STEEL MFG CO LTD,6.5841e-06,9676.87
2026-05-28,IE000EGGFVG6,1945,TOKYO ENERGY + SYSTEMS INC,3.128e-06,4597.27
2026-05-28,IE000EGGFVG6,9672,TOKYOTOKEIBA CO LTD,6.1213e-06,8996.7
2026-05-28,IE000EGGFVG6,3946,TOMOKU COLTD,3.4314e-06,5043.18
2026-05-28,IE000EGGFVG6,1921,TOMOE CORP,1.5845e-06,2328.78
2026-05-28,IE000EGGFVG6,9005,TOKYU CORP,7.44541e-05,109427.86
2026-05-28,IE000EGGFVG6,6363,TORISHIMAPUMP MFG CO LTD,2.3545e-06,3460.51
2026-05-28,IE000EGGFVG6,7911,TOPPAN HOLDINGS INC,4.07673e-05,59917.1
2026-05-28,IE000EGGFVG6,7231,TOPY INDUSTRIES LTD,2.3972e-06,3523.32
2026-05-28,IE000EGGFVG6,3402,TORAY INDUSTRIES INC,8.52103e-05,125236.62
2026-05-28,IE000EGGFVG6,6104,SHIBAURA MACHINE CO LTD,4.9676e-06,7300.99
2026-05-28,IE000EGGFVG6,1835,TOTETSU KOGYO CO LTD,5.5316e-06,8130.0
2026-05-28,IE000EGGFVG6,5332,TOTO LTD,6.93885e-05,101982.73
2026-05-28,IE000EGGFVG6,8008,YONDOSHI HOLDINGS INC,2.346e-06,3447.95
2026-05-28,IE000EGGFVG6,8558,TOWA BANKLTD/THE,2.6729e-06,3928.4
2026-05-28,IE000EGGFVG6,1766,TOKEN CORP,5.5124e-06,8101.74
2026-05-28,IE000EGGFVG6,4958,T HASEGAWACO LTD,6.6768e-06,9813.16
2026-05-28,IE000EGGFVG6,4553,TOWA PHARMACEUTICAL CO LTD,8.2472e-06,12121.21
2026-05-28,IE000EGGFVG6,6369,TOYO KANETSU K K,1.9477e-06,2862.62
2026-05-28,IE000EGGFVG6,7236,T RAD CO LTD,6.3456e-06,9326.42
2026-05-28,IE000EGGFVG6,2875,TOYO SUISAN KAISHA LTD,3.32922e-05,48930.76
2026-05-28,IE000EGGFVG6,6505,TOYO DENKISEIZO  TOYO ELEC,9.32e-07,1369.76
2026-05-28,IE000EGGFVG6,9960,TOTECH CORP,4.7689e-06,7008.95
2026-05-28,IE000EGGFVG6,4634,ARTIENCE CO LTD,8.8348e-06,12984.77
2026-05-28,IE000EGGFVG6,5105,TOYO TIRECORP,4.68552e-05,68864.81
2026-05-28,IE000EGGFVG6,5938,LIXIL CORP,0.0001201986,176660.07
2026-05-28,IE000EGGFVG6,5901,TOYO SEIKAN GROUP HOLDINGS L,3.63253e-05,53388.6
2026-05-28,IE000EGGFVG6,4042,TOSOH CORP,7.0366e-05,103419.38
2026-05-28,IE000EGGFVG6,7261,MAZDA MOTOR CORP,9.16636e-05,134721.31
2026-05-28,IE000EGGFVG6,7971,TOLI CORP,1.5537e-06,2283.56
2026-05-28,IE000EGGFVG6,9306,TOYO LOGISTICS CO LTD,8.687e-07,1276.81
2026-05-28,IE000EGGFVG6,3101,TOYOBO COLTD,9.5104e-06,13977.7
2026-05-28,IE000EGGFVG6,7282,TOYODA GOSEI CO LTD,7.08021e-05,104060.29
2026-05-28,IE000EGGFVG6,8015,TOYOTA TSUSHO CORP,0.0001754001,257791.8
2026-05-28,IE000EGGFVG6,3116,TOYOTA BOSHOKU CORP,2.73218e-05,40155.75
2026-05-28,IE000EGGFVG6,7203,TOYOTA MOTOR CORP,0.0014229509,2091361.28
2026-05-28,IE000EGGFVG6,9715,TRANSCOSMOS INC,4.8586e-06,7140.84
2026-05-28,IE000EGGFVG6,8052,TSUBAKIMOTO KOGYO CO LTD,2.3041e-06,3386.4
2026-05-28,IE000EGGFVG6,6371,TSUBAKIMOTO CHAIN CO,1.33666e-05,19645.31
2026-05-28,IE000EGGFVG6,6101,TSUGAMI CORP,1.82464e-05,26817.4
2026-05-28,IE000EGGFVG6,6332,TSUKISHIMAHOLDINGS CO LTD,4.6236e-06,6795.42
2026-05-28,IE000EGGFVG6,4540,TSUMURA +CO,2.88439e-05,42392.84
2026-05-28,IE000EGGFVG6,6351,TSURUMI MANUFACTURING CO LTD,3.6288e-06,5333.33
2026-05-28,IE000EGGFVG6,8157,TSUZUKI DENKI CO LTD,1.7563e-06,2581.25
2026-05-28,IE000EGGFVG6,4208,UBE CORP,7.26305e-05,106747.68
2026-05-28,IE000EGGFVG6,8057,UCHIDA YOKO CO LTD,8.713e-06,12805.78
2026-05-28,IE000EGGFVG6,1867,UEKI CORP,1.0046e-06,1476.53
2026-05-28,IE000EGGFVG6,8113,UNICHARM CORP,8.23128e-05,120977.98
2026-05-28,IE000EGGFVG6,6925,USHIO INC,1.75798e-05,25837.65
2026-05-28,IE000EGGFVG6,9956,VALOR HOLDINGS CO LTD,1.02e-05,14991.36
2026-05-28,IE000EGGFVG6,7522,WATAMI COLTD,7.948e-07,1168.16
2026-05-28,IE000EGGFVG6,3591,WACOAL HOLDINGS CORP,2.66996e-05,39241.33
2026-05-28,IE000EGGFVG6,1888,WAKACHIKUCONSTRUCTION,1.4742e-06,2166.75
2026-05-28,IE000EGGFVG6,8125,WAKITA + CO LTD,3.6322e-06,5338.36
2026-05-28,IE000EGGFVG6,9021,WEST JAPANRAILWAY CO,3.69458e-05,54300.52
2026-05-28,IE000EGGFVG6,2918,WARABEYA NICHIYO HOLDINGS CO,2.2408e-06,3293.45
2026-05-28,IE000EGGFVG6,5285,YAMAX CORP,5.448e-07,800.75
2026-05-28,IE000EGGFVG6,6482,YUSHIN CO,8.679e-07,1275.55
2026-05-28,IE000EGGFVG6,7460,YAGI + COLTD,1.8823e-06,2766.53
2026-05-28,IE000EGGFVG6,6298,YAC HOLDINGS CO LTD,1.0632e-06,1562.57
2026-05-28,IE000EGGFVG6,8281,XEBIO HOLDINGS CO LTD,1.8016e-06,2647.83
2026-05-28,IE000EGGFVG6,9831,YAMADA HOLDINGS CO LTD,9.71568e-05,142794.8
2026-05-28,IE000EGGFVG6,1870,YAHAGI CONSTRUCTION CO LTD,2.3857e-06,3506.36
2026-05-28,IE000EGGFVG6,2267,YAKULT HONSHA CO LTD,4.76631e-05,70052.13
2026-05-28,IE000EGGFVG6,8137,SUN WA TECHNOS CORP,1.6302e-06,2395.98
2026-05-28,IE000EGGFVG6,8344,YAMAGATA BANK LTD/THE,5.2902e-06,7775.16
2026-05-28,IE000EGGFVG6,7272,YAMAHA MOTOR CO LTD,7.20928e-05,105957.3
2026-05-28,IE000EGGFVG6,5210,NIHON YAMAMURA GLASS CO LTD,1.0824e-06,1590.83
2026-05-28,IE000EGGFVG6,8360,YAMANASHICHUO BANK LTD/THE,9.9479e-06,14620.82
2026-05-28,IE000EGGFVG6,4503,ASTELLAS PHARMA INC,0.0003258356,478892.14
2026-05-28,IE000EGGFVG6,5444,YAMATO KOGYO CO LTD,1.9742e-05,29015.54
2026-05-28,IE000EGGFVG6,8127,YAMATO INTERNATIONAL INC,5.102e-07,749.88
2026-05-28,IE000EGGFVG6,1967,YAMATO CORP,1.8332e-06,2694.3
2026-05-28,IE000EGGFVG6,2212,YAMAZAKI BAKING CO LTD,3.88123e-05,57043.81
2026-05-28,IE000EGGFVG6,6845,AZBIL CORP,6.24662e-05,91808.76
2026-05-28,IE000EGGFVG6,9064,YAMATO HOLDINGS CO LTD,4.2559e-05,62550.48
2026-05-28,IE000EGGFVG6,8051,YAMAZEN CORP,5.1329e-06,7544.04
2026-05-28,IE000EGGFVG6,6941,YAMAICHI ELECTRONICS CO LTD,7.29e-06,10714.4
2026-05-28,IE000EGGFVG6,5949,UNIPRES CORP,3.8587e-06,5671.22
2026-05-28,IE000EGGFVG6,6506,YASKAWA ELECTRIC CORP,0.0001036772,152378.08
2026-05-28,IE000EGGFVG6,5451,YODOKO LTD,7.8519e-06,11540.27
2026-05-28,IE000EGGFVG6,9310,JAPAN TRANSCITY CORP,2.8485e-06,4186.53
2026-05-28,IE000EGGFVG6,5911,YOKOGAWA BRIDGE HOLDINGS COR,6.0593e-06,8905.64
2026-05-28,IE000EGGFVG6,6841,YOKOGAWA ELECTRIC CORP,4.82962e-05,70982.57
2026-05-28,IE000EGGFVG6,5101,YOKOHAMA RUBBER CO LTD,0.0002905427,427020.88
2026-05-28,IE000EGGFVG6,2874,YOKOREI COLTD,7.8519e-06,11540.27
2026-05-28,IE000EGGFVG6,6800,YOKOWO COLTD,6.6277e-06,9740.93
2026-05-28,IE000EGGFVG6,7294,YOROZU CORP,7.307e-07,1073.95
2026-05-28,IE000EGGFVG6,1780,YAMAURA CORP,5.863e-07,861.67
2026-05-28,IE000EGGFVG6,5357,YOTAI REFRACTORIES CO LTD,7.346e-07,1079.6
2026-05-28,IE000EGGFVG6,5280,YOSHICON CO LTD,9.427e-07,1385.46
2026-05-28,IE000EGGFVG6,8074,YUASA CO LTD,4.88e-06,7172.24
2026-05-28,IE000EGGFVG6,5013,YUSHIRO INC,1.4251e-06,2094.52
2026-05-28,IE000EGGFVG6,8043,STARZEN COLTD,2.9946e-06,4401.32
2026-05-28,IE000EGGFVG6,6279,ZUIKO CORP,1.1307e-06,1661.8
2026-05-28,IE000EGGFVG6,9474,ZENRIN COLTD,2.6562e-06,3903.91
2026-05-28,IE000EGGFVG6,5284,YAMAU HOLDINGS CO LTD,9.58e-07,1408.07
2026-05-28,IE000EGGFVG6,7906,YONEX CO LTD,7.2866e-06,10709.37
2026-05-28,IE000EGGFVG6,3167,TOKAI HOLDINGS CORP,1.86485e-05,27408.38
2026-05-28,IE000EGGFVG6,3608,TSI HOLDINGS CO LTD,3.5356e-06,5196.42
2026-05-28,IE000EGGFVG6,6617,TAKAOKA TOKO CO LTD,3.4185e-06,5024.34
2026-05-28,IE000EGGFVG6,3284,HOOSIERS HOLDINGS CO LTD,2.5041e-06,3680.33
2026-05-28,IE000EGGFVG6,2587,SUNTORY BEVERAGE + FOOD LTD,3.64757e-05,53609.67
2026-05-28,IE000EGGFVG6,3289,TOKYU FUDOSAN HOLDINGS CORP,0.0001152216,169345.26
2026-05-28,IE000EGGFVG6,4275,CARLIT COLTD,3.0716e-06,4514.37
2026-05-28,IE000EGGFVG6,3676,DIGITAL HEARTS HOLDINGS CO L,3.158e-07,464.12
2026-05-28,IE000EGGFVG6,3291,IIDA GROUPHOLDINGS CO LTD,2.81097e-05,41313.86
2026-05-28,IE000EGGFVG6,6083,ERI HOLDINGS CO LTD,1.6294e-06,2394.72
2026-05-28,IE000EGGFVG6,1663,K+O ENERGYGROUP INC,1.44604e-05,21252.94
2026-05-28,IE000EGGFVG6,1333,UMIOS CORP,2.42961e-05,35708.9
2026-05-28,IE000EGGFVG6,2060,FEED ONE CO LTD,2.0255e-06,2976.92
2026-05-28,IE000EGGFVG6,7173,TOKYO KIRABOSHI FINANCIAL GR,3.90738e-05,57428.17
2026-05-28,IE000EGGFVG6,3222,UNITED SUPER MARKETS HOLDING,1.7805e-05,26168.63
2026-05-28,IE000EGGFVG6,5021,COSMO ENERGY HOLDINGS CO LTD,5.53375e-05,81331.45
2026-05-28,IE000EGGFVG6,7180,KYUSHU FINANCIAL GROUP INC,4.67548e-05,68717.23
2026-05-28,IE000EGGFVG6,3462,NOMURA REAL ESTATE MASTER FU,2.91708e-05,42873.29
2026-05-28,IE000EGGFVG6,3466,LASALLE LOGIPORT REIT,7.4404e-06,10935.47
2026-05-28,IE000EGGFVG6,7186,YOKOHAMA FINANCIAL GROUP INC,5.94639e-05,87396.14
2026-05-28,IE000EGGFVG6,2296,ITOHAM YONEKYU HOLDINGS INC,2.10026e-05,30868.27
2026-05-28,IE000EGGFVG6,7189,NISHI NIPPON FINANCIAL HOLDI,4.74407e-05,69725.23
2026-05-28,IE000EGGFVG6,9142,KYUSHU RAILWAY COMPANY,4.46888e-05,65680.64
2026-05-28,IE000EGGFVG6,3549,KUSURI NOAOKI HOLDINGS CO L,1.33182e-05,19574.19
2026-05-28,IE000EGGFVG6,3482,LOADSTAR CAPITAL KK,1.2157e-06,1786.78
2026-05-28,IE000EGGFVG6,9267,GENKY DRUGSTORES CO LTD,1.58641e-05,23316.06
2026-05-28,IE000EGGFVG6,7320,SOLVVY INC/OSAKA,7.807e-07,1147.43
2026-05-28,IE000EGGFVG6,7322,SAN JU SANFINANCIAL GROUP I,2.35947e-05,34677.97
2026-05-28,IE000EGGFVG6,9274,KPP GROUPHOLDINGS CO LTD,1.00347e-05,14748.31
2026-05-28,IE000EGGFVG6,4390,IPS INC,1.7734e-06,2606.37
2026-05-28,IE000EGGFVG6,7806,MTG CO LTD,3.1792e-06,4672.63
2026-05-28,IE000EGGFVG6,4396,SYSTEM SUPPORT HOLDINGS INC,8.504e-07,1249.8
2026-05-28,IE000EGGFVG6,7327,DAISHI HOKUETSU FINANCIAL GR,7.9609e-05,117004.24
2026-05-28,IE000EGGFVG6,9278,BOOKOFF GROUP HOLDINGS LTD,2.5575e-06,3758.83
2026-05-28,IE000EGGFVG6,5290,VERTEX CORP/JAPAN,3.1429e-06,4619.25
2026-05-28,IE000EGGFVG6,4432,WINGARC1STINC,1.71474e-05,25202.07
2026-05-28,IE000EGGFVG6,2975,STAR MICAHOLDINGS CO LTD,3.1899e-06,4688.33
2026-05-28,IE000EGGFVG6,7679,YAKUODO HOLDINGS CO LTD,1.4777e-06,2171.77
2026-05-28,IE000EGGFVG6,2980,SRE HOLDINGS CORP,1.0448e-06,1535.56
2026-05-28,IE000EGGFVG6,7085,CURVES HOLDINGS CO LTD,2.1819e-06,3206.78
2026-05-28,IE000EGGFVG6,2982,AD WORKS GROUP CO LTD,5.6564e-06,8313.39
2026-05-28,IE000EGGFVG6,7337,HIROGIN HOLDINGS INC,0.0001088144,159928.4
2026-05-28,IE000EGGFVG6,4886,ASKA PHARMACEUTICAL HOLDINGS,3.7253e-06,5475.27
2026-05-28,IE000EGGFVG6,4887,SAWAI GROUP HOLDINGS CO LTD,2.4459e-05,35948.19
2026-05-28,IE000EGGFVG6,7366,LITALICO INC,2.0652e-06,3035.33
2026-05-28,IE000EGGFVG6,5074,TESS HOLDINGS CO LTD,6.3106e-06,9274.93
2026-05-28,IE000EGGFVG6,7347,MERCURIA HOLDINGS CO LTD,6.196e-07,910.66
2026-05-28,IE000EGGFVG6,4373,SIMPLEX HOLDINGS INC,1.58295e-05,23265.19
2026-05-28,IE000EGGFVG6,7128,UNISOL HOLDINGS CORP,2.6921e-06,3956.67
2026-05-28,IE000EGGFVG6,7350,OKINAWA FINANCIAL GROUP INC,2.6109e-05,38373.37
2026-05-28,IE000EGGFVG6,7380,JUROKU FINANCIAL GROUP INC,4.05737e-05,59632.6
2026-05-28,IE000EGGFVG6,7381,CCI GROUPINC,2.77824e-05,40832.78
2026-05-28,IE000EGGFVG6,9247,TRE HOLDINGS CORP,1.72431e-05,25342.75
2026-05-28,IE000EGGFVG6,5076,INFRONEERHOLDINGS INC,4.1048e-05,60329.72
2026-05-28,IE000EGGFVG6,7130,YAMAE GROUP HOLDINGS CO LTD,1.75106e-05,25735.91
2026-05-28,IE000EGGFVG6,6523,PHC HOLDINGS CORP,3.7262e-06,5476.53
2026-05-28,IE000EGGFVG6,4377,ONE CAREERINC,8.008e-07,1176.95
2026-05-28,IE000EGGFVG6,7383,NET PROTECTIONS HOLDINGS INC,1.2307e-06,1808.76
2026-05-28,IE000EGGFVG6,4413,BAUDROIE INC,9.931e-07,1459.57
2026-05-28,IE000EGGFVG6,4259,EXAWIZARDSINC,4.1672e-06,6124.67
2026-05-28,IE000EGGFVG6,4258,AMIYA CORP,1.4529e-06,2135.34
2026-05-28,IE000EGGFVG6,2585,LIFEDRINKCO INC,4.2484e-06,6243.99
2026-05-28,IE000EGGFVG6,6524,KOHOKU KOGYO CO LTD,2.5682e-06,3774.53
2026-05-28,IE000EGGFVG6,4417,GLOBAL SECURITY EXPERTS INC,1.3888e-06,2041.14
2026-05-28,IE000EGGFVG6,9147,NIPPON EXPRESS HOLDINGS INC,0.0002321396,341183.86
2026-05-28,IE000EGGFVG6,9211,F CODE INC,6.717e-07,987.28
2026-05-28,IE000EGGFVG6,7384,PROCREA HOLDINGS INC,1.5768e-05,23174.75
2026-05-28,IE000EGGFVG6,2935,PICKLES HOLDINGS CO LTD,4.743e-07,697.13
2026-05-28,IE000EGGFVG6,5830,IYOGIN HOLDINGS INC,8.93096e-05,131261.43
2026-05-28,IE000EGGFVG6,7389,AICHI FINANCIAL GROUP INC,2.71132e-05,39849.27
2026-05-28,IE000EGGFVG6,5832,CHUGIN FINANCIAL GROUP INC,4.63655e-05,68145.08
2026-05-28,IE000EGGFVG6,5831,SHIZUOKA FINANCIAL GROUP INC,8.63613e-05,126928.25
2026-05-28,IE000EGGFVG6,5844,KYOTO FINANCIAL GROUP INC,4.53297e-05,66622.7
2026-05-28,IE000EGGFVG6,6209,NPR RIKENCORP,2.1165e-05,31106.92
2026-05-28,IE000EGGFVG6,167A,RYOYO RYOSAN HOLDINGS INC,1.82101e-05,26764.01
2026-05-28,IE000EGGFVG6,208A,KOZO KEIKAKU ENGINEERING HOL,1.2567e-06,1847.07
2026-05-28,IE000EGGFVG6,256A,TOBISHIMAHOLDINGS INC,2.5306e-06,3719.27
2026-05-28,IE000EGGFVG6,417A,BLUE ZONESHOLDINGS CO LTD,3.20667e-05,47129.54
2026-05-28,IE000EGGFVG6,3321,MITACHI COLTD,7.799e-07,1146.18
2026-05-28,IE000EGGFVG6,8963,INVINCIBLEINVESTMENT CORP,4.30799e-05,63316.06
2026-05-28,IE000EGGFVG6,3741,SYSTEMS ENGINEERING CONSULTA,1.6708e-06,2455.64
2026-05-28,IE000EGGFVG6,1716,DAI ICHI CUTTER KOGYO KK,5.961e-07,876.12
2026-05-28,IE000EGGFVG6,8928,ANABUKI KOSAN INC,1.0952e-06,1609.67
2026-05-28,IE000EGGFVG6,7747,ASAHI INTECC CO LTD,9.89883e-05,145486.57
2026-05-28,IE000EGGFVG6,7839,SHOEI CO LTD,1.98792e-05,29217.15
2026-05-28,IE000EGGFVG6,8929,AOYAMA ZAISAN NETWORKS CO LT,1.1503e-06,1690.69
2026-05-28,IE000EGGFVG6,6266,TAZMO CO,3.2134e-06,4722.88
2026-05-28,IE000EGGFVG6,4565,NXERA PHARMA CO LTD,5.5483e-06,8154.5
2026-05-28,IE000EGGFVG6,8198,MAXVALU TOKAI CO LTD,2.8801e-06,4233.0
2026-05-28,IE000EGGFVG6,8698,MONEX GROUP INC,1.4122e-05,20755.54
2026-05-28,IE000EGGFVG6,3333,ASAHI CO LTD,1.6153e-06,2374.0
2026-05-28,IE000EGGFVG6,8964,FRONTIER REAL ESTATE INVEST,5.5585e-06,8169.57
2026-05-28,IE000EGGFVG6,2413,M3 INC,0.0001020124,149931.22
2026-05-28,IE000EGGFVG6,9513,ELECTRIC POWER DEVELOPMENT C,3.73218e-05,54853.2
2026-05-28,IE000EGGFVG6,8425,MIZUHO LEASING CO LTD,2.15816e-05,31719.27
2026-05-28,IE000EGGFVG6,6460,SEGA SAMMYHOLDINGS INC,3.96652e-05,58297.38
2026-05-28,IE000EGGFVG6,8699,HS HOLDINGS CO LTD,2.4079e-06,3539.02
2026-05-28,IE000EGGFVG6,2418,TSUKADA GLOBAL HOLDINGS INC,1.005e-06,1477.15
2026-05-28,IE000EGGFVG6,3349,COSMOS PHARMACEUTICAL CORP,4.80645e-05,70642.17
2026-05-28,IE000EGGFVG6,8934,SUN FRONTIER FUDOUSAN CO LTD,2.0169e-06,2964.36
2026-05-28,IE000EGGFVG6,6157,NS TOOL COLTD,7.512e-07,1104.1
2026-05-28,IE000EGGFVG6,8424,FUYO GENERAL LEASE CO LTD,3.03796e-05,44650.02
2026-05-28,IE000EGGFVG6,3355,KURIYAMA HOLDINGS CORP,1.3512e-06,1985.87
2026-05-28,IE000EGGFVG6,4809,PARACA INC,8.439e-07,1240.38
2026-05-28,IE000EGGFVG6,8935,FJ NEXT HOLDINGS CO LTD,1.5845e-06,2328.78
2026-05-28,IE000EGGFVG6,2428,WELLNET CORP,7.999e-07,1175.69
2026-05-28,IE000EGGFVG6,3774,INTERNET INITIATIVE JAPAN,3.49588e-05,51380.12
2026-05-28,IE000EGGFVG6,2429,WORLD HOLDINGS CO LTD,2.0571e-06,3023.39
2026-05-28,IE000EGGFVG6,8793,NEC CAPITAL SOLUTIONS LTD,3.3843e-06,4974.09
2026-05-28,IE000EGGFVG6,2432,DENA CO LTD,4.78923e-05,70389.07
2026-05-28,IE000EGGFVG6,2433,HAKUHODO DY HOLDINGS INC,4.03455e-05,59297.22
2026-05-28,IE000EGGFVG6,3360,SHIP HEALTHCARE HOLDINGS INC,2.50066e-05,36753.02
2026-05-28,IE000EGGFVG6,3762,TECHMATRIXCORPORATION,1.99129e-05,29266.76
2026-05-28,IE000EGGFVG6,3763,PRO SHIP INC,1.3948e-06,2049.93
2026-05-28,IE000EGGFVG6,2927,AFC HD AMSLIFE SCIENCE CO L,7.187e-07,1056.37
2026-05-28,IE000EGGFVG6,3765,GUNGHO ONLINE ENTERTAINMENT,1.31015e-05,19255.77
2026-05-28,IE000EGGFVG6,8966,HEIWA REALESTATE REIT INC,4.6321e-06,6807.98
2026-05-28,IE000EGGFVG6,9029,HIGASHI HOLDINGS CO LTD,8.307e-07,1220.91
2026-05-28,IE000EGGFVG6,3769,GMO PAYMENT GATEWAY INC,3.25474e-05,47836.08
2026-05-28,IE000EGGFVG6,5288,ASIA PILEHOLDINGS CORP,2.03317e-05,29882.24
2026-05-28,IE000EGGFVG6,8704,TRADERS HOLDINGS CO LTD,1.4717e-06,2162.98
2026-05-28,IE000EGGFVG6,8706,KYOKUTO SECURITIES,2.6357e-06,3873.76
2026-05-28,IE000EGGFVG6,9424,JAPAN COMMUNICATIONS INC,1.1794e-06,1733.4
2026-05-28,IE000EGGFVG6,3371,SOFTCREATEHOLDINGS CORP,7.046e-07,1035.64
2026-05-28,IE000EGGFVG6,8967,JAPAN LOGISTICS FUND INC,2.02676e-05,29788.04
2026-05-28,IE000EGGFVG6,8789,FINTECH GLOBAL INCORPORATED,5.2919e-06,7777.67
2026-05-28,IE000EGGFVG6,2445,TAKAMIYA CO LTD,1.0127e-06,1488.46
2026-05-28,IE000EGGFVG6,3771,SYSTEM RESEARCH CO LTD,1.4879e-06,2186.84
2026-05-28,IE000EGGFVG6,7749,MEDIKIT COLTD,1.2277e-06,1804.36
2026-05-28,IE000EGGFVG6,8968,FUKUOKA REIT CORP,2.9194e-06,4290.78
2026-05-28,IE000EGGFVG6,7760,IMV CORP,1.0615e-06,1560.06
2026-05-28,IE000EGGFVG6,8972,KDX REALTYINVESTMENT CORP,3.09394e-05,45472.76
2026-05-28,IE000EGGFVG6,9028,ZERO CO LTD,1.5939e-06,2342.6
2026-05-28,IE000EGGFVG6,3382,SEVEN + IHOLDINGS CO LTD,0.0002235367,328539.79
2026-05-28,IE000EGGFVG6,3387,CREATE RESTAURANTS HOLDINGS,2.30653e-05,33899.83
2026-05-28,IE000EGGFVG6,4568,DAIICHI SANKYO CO LTD,0.0001501803,220725.38
2026-05-28,IE000EGGFVG6,7832,BANDAI NAMCO HOLDINGS INC,0.0001367353,200964.68
2026-05-28,IE000EGGFVG6,3388,MEIJI ELECTRIC INDUSTRIES CO,9.08e-07,1334.59
2026-05-28,IE000EGGFVG6,4188,MITSUBISHICHEMICAL GROUP CO,9.68511e-05,142345.43
2026-05-28,IE000EGGFVG6,3778,SAKURA INTERNET INC,3.8202e-06,5614.7
2026-05-28,IE000EGGFVG6,5218,OHARA INC,6.709e-07,986.03
2026-05-28,IE000EGGFVG6,8977,HANKYU HANSHIN REIT INC,3.0574e-06,4493.64
2026-05-28,IE000EGGFVG6,8975,ICHIGO OFFICE REIT INVESTMEN,2.5754e-06,3785.21
2026-05-28,IE000EGGFVG6,8976,DAIWA OFFICE INVESTMENT CORP,1.07513e-05,15801.54
2026-05-28,IE000EGGFVG6,3436,SUMCO CORP,0.0002847004,418434.3
2026-05-28,IE000EGGFVG6,5741,UACJ CORP,8.29037e-05,121846.45
2026-05-28,IE000EGGFVG6,4985,EARTH CORP,3.9826e-06,5853.35
2026-05-28,IE000EGGFVG6,8979,STARTS PROCEED INVESTMENT CO,7.991e-07,1174.44
2026-05-28,IE000EGGFVG6,3392,DELICA FOODS HOLDINGS CO LTD,7.222e-07,1061.39
2026-05-28,IE000EGGFVG6,2462,LIKE INC,6.35e-07,933.27
2026-05-28,IE000EGGFVG6,3788,GMO GLOBALSIGN HOLDINGS KK,8.145e-07,1197.05
2026-05-28,IE000EGGFVG6,3393,STARTIA HOLDINGS INC,1.2802e-06,1881.61
2026-05-28,IE000EGGFVG6,4975,JCU CORP,2.51604e-05,36979.12
2026-05-28,IE000EGGFVG6,3395,SAINT MARCHOLDINGS CO LTD,3.2023e-06,4706.55
2026-05-28,IE000EGGFVG6,8707,IWAICOSMOHOLDINGS INC,1.47681e-05,21705.13
2026-05-28,IE000EGGFVG6,3397,TORIDOLL HOLDINGS CORP,2.42865e-05,35694.77
2026-05-28,IE000EGGFVG6,3399,MARUCHIYOYAMAOKAYA CORP,1.3033e-06,1915.53
2026-05-28,IE000EGGFVG6,2471,S POOL INC,7.999e-07,1175.69
2026-05-28,IE000EGGFVG6,3798,ULS GROUPINC,6.282e-07,923.22
2026-05-28,IE000EGGFVG6,6262,PEGASUS COLTD,7.422e-07,1090.91
2026-05-28,IE000EGGFVG6,8708,AIZAWA SECURITIES GROUP CO L,1.8127e-06,2664.15
2026-05-28,IE000EGGFVG6,6658,SHIRAI ELECTRONICS IND CO,6.025e-07,885.54
2026-05-28,IE000EGGFVG6,1407,WEST HOLDINGS CORP,5.0184e-06,7375.73
2026-05-28,IE000EGGFVG6,4569,KYORIN PHARMACEUTICAL CO LTD,3.2587e-06,4789.45
2026-05-28,IE000EGGFVG6,8984,DAIWA HOUSE REIT INVESTMENT,3.69509e-05,54308.05
2026-05-28,IE000EGGFVG6,3028,ALPEN CO LTD,1.7118e-06,2515.94
2026-05-28,IE000EGGFVG6,5310,TOYO TANSOCO LTD,2.52629e-05,37129.85
2026-05-28,IE000EGGFVG6,3031,RACCOON HOLDINGS INC,5.461e-07,802.64
2026-05-28,IE000EGGFVG6,1605,INPEX CORP,0.0002808982,412845.97
2026-05-28,IE000EGGFVG6,3034,QOL HOLDINGS CO LTD,3.128e-06,4597.27
2026-05-28,IE000EGGFVG6,3036,ALCONIX CORP,1.92754e-05,28329.72
2026-05-28,IE000EGGFVG6,3038,KOBE BUSSAN CO LTD,5.11786e-05,75219.03
2026-05-28,IE000EGGFVG6,8985,JAPAN HOTEL REIT INVESTMENT,3.73637e-05,54914.74
2026-05-28,IE000EGGFVG6,8987,JAPAN EXCELLENT INC,4.1698e-06,6128.43
2026-05-28,IE000EGGFVG6,8986,DAIWA SECURITIES LIVING INVE,5.6273e-06,8270.69
2026-05-28,IE000EGGFVG6,1887,JDC CORP,1.3768e-06,2023.55
2026-05-28,IE000EGGFVG6,2491,VALUECOMMERCE CO LTD,6.179e-07,908.15
2026-05-28,IE000EGGFVG6,3226,MITSUI FUDOSAN ACCOMMODATION,2.0915e-05,30739.52
2026-05-28,IE000EGGFVG6,3046,JINS HOLDINGS INC,6.8285e-06,10036.11
2026-05-28,IE000EGGFVG6,2492,INFOMART CORP,5.4291e-06,7979.27
2026-05-28,IE000EGGFVG6,3048,BIC CAMERAINC,2.85302e-05,41931.86
2026-05-28,IE000EGGFVG6,2497,UNITED INC,4.213e-07,619.25
2026-05-28,IE000EGGFVG6,3050,DCM HOLDINGS CO LTD,1.90241e-05,27960.43
2026-05-28,IE000EGGFVG6,2498,ORIENTAL CONSULTANTS HOLDING,1.2841e-06,1887.27
2026-05-28,IE000EGGFVG6,2121,MIXI INC,2.25879e-05,33198.3
2026-05-28,IE000EGGFVG6,2124,JAC RECRUITMENT CO LTD,3.2959e-06,4844.09
2026-05-28,IE000EGGFVG6,7826,FURUYA METAL CO LTD,7.3327e-06,10777.2
2026-05-28,IE000EGGFVG6,3231,NOMURA REAL ESTATE HOLDINGS,6.80758e-05,100053.39
2026-05-28,IE000EGGFVG6,3817,SRA HOLDINGS INC,1.9528e-06,2870.15
2026-05-28,IE000EGGFVG6,8418,YAMAGUCHIFINANCIAL GROUP IN,5.85958e-05,86120.27
2026-05-28,IE000EGGFVG6,2127,NIHON M+ACENTER HOLDINGS IN,2.39899e-05,35258.79
2026-05-28,IE000EGGFVG6,3232,MIE KOTSUGROUP HOLDINGS INC,2.0114e-06,2956.19
2026-05-28,IE000EGGFVG6,7931,MIRAI INDUSTRY CO LTD,1.3439e-06,1975.19
2026-05-28,IE000EGGFVG6,5019,IDEMITSU KOSAN CO LTD,4.15664e-05,61091.54
2026-05-28,IE000EGGFVG6,2120,LIFULL COLTD,7.0926e-06,10424.24
2026-05-28,IE000EGGFVG6,8304,AOZORA BANK LTD,4.83769e-05,71101.27
2026-05-28,IE000EGGFVG6,3234,MORI HILLSREIT INVESTMENT C,4.9688e-06,7302.87
2026-05-28,IE000EGGFVG6,3064,MONOTARO CO LTD,6.1197e-05,89943.47
2026-05-28,IE000EGGFVG6,4665,DUSKIN COLTD,2.40793e-05,35390.17
2026-05-28,IE000EGGFVG6,6258,HIRATA CORP,1.98548e-05,29181.35
2026-05-28,IE000EGGFVG6,5440,KYOEI STEEL LTD,2.3331e-06,3429.11
2026-05-28,IE000EGGFVG6,3835,EBASE CO LTD,3.359e-07,493.64
2026-05-28,IE000EGGFVG6,6264,MARUMAE COLTD,1.9204e-06,2822.42
2026-05-28,IE000EGGFVG6,3836,AVANT GROUP CORP,1.4358e-06,2110.22
2026-05-28,IE000EGGFVG6,6257,FUJISHOJICO LTD,4.269e-07,627.41
2026-05-28,IE000EGGFVG6,7823,ARTNATUREINC,6.965e-07,1023.71
2026-05-28,IE000EGGFVG6,3837,AD SOL NISSIN CORP,5.991e-07,880.52
2026-05-28,IE000EGGFVG6,7313,TS TECH COLTD,2.31776e-05,34065.0
2026-05-28,IE000EGGFVG6,8771,EGUARANTEEINC,2.9468e-06,4330.98
2026-05-28,IE000EGGFVG6,3075,CHOUSHIMARU CO LTD,6.824e-07,1002.98
2026-05-28,IE000EGGFVG6,3040,SOLITON SYSTEMS KK,9.068e-07,1332.71
2026-05-28,IE000EGGFVG6,6638,MIMAKI ENGINEERING CO LTD,3.0733e-06,4516.88
2026-05-28,IE000EGGFVG6,6637,TERASAKI ELECTRIC CO LTD,1.423e-06,2091.38
2026-05-28,IE000EGGFVG6,3844,COMTURE CORP,1.6973e-06,2494.58
2026-05-28,IE000EGGFVG6,3843,FREEBIT COLTD,6.021e-07,884.91
2026-05-28,IE000EGGFVG6,3242,URBANET CORP CO LTD,9.11e-07,1338.99
2026-05-28,IE000EGGFVG6,8354,FUKUOKA FINANCIAL GROUP INC,7.47056e-05,109797.46
2026-05-28,IE000EGGFVG6,3076,AI HOLDINGS CORP,1.56876e-05,23056.68
2026-05-28,IE000EGGFVG6,3708,TOKUSHU TOKAI PAPER CO LTD,3.786e-06,5564.45
2026-05-28,IE000EGGFVG6,9412,SKY PERFECT JSAT CORP,3.10061e-05,45570.73
2026-05-28,IE000EGGFVG6,2146,UT GROUP CO LTD,1.60778e-05,23630.09
2026-05-28,IE000EGGFVG6,2148,ITMEDIA INC,4.965e-07,729.78
2026-05-28,IE000EGGFVG6,2153,EJ HOLDINGS INC,2.0768e-06,3052.28
2026-05-28,IE000EGGFVG6,2154,OPEN UP GROUP INC,2.33469e-05,34313.71
2026-05-28,IE000EGGFVG6,3853,ASTERIA CORP,1.0704e-06,1573.25
2026-05-28,IE000EGGFVG6,2157,KOSHIDAKAHOLDINGS CO LTD,1.69422e-05,24900.61
2026-05-28,IE000EGGFVG6,2158,FRONTEO INC,5.051e-07,742.35
2026-05-28,IE000EGGFVG6,6255,NPC INC,7.008e-07,1029.99
2026-05-28,IE000EGGFVG6,3854,ILL INC,1.0973e-06,1612.81
2026-05-28,IE000EGGFVG6,4369,TRI CHEMICAL LABORATORIES IN,4.7881e-06,7037.21
2026-05-28,IE000EGGFVG6,3245,DEAR LIFECO LTD,1.2704e-06,1867.17
2026-05-28,IE000EGGFVG6,7821,MAEDA KOSEN CO LTD,2.07791e-05,30539.8
2026-05-28,IE000EGGFVG6,3086,J FRONT RETAILING CO LTD,0.0001051737,154577.48
2026-05-28,IE000EGGFVG6,3856,ABALANCE CORP,4.598e-07,675.77
2026-05-28,IE000EGGFVG6,6254,NOMURA MICRO SCIENCE CO LTD,8.0763e-06,11870.0
2026-05-28,IE000EGGFVG6,3088,MATSUKIYOCOCOKARA + CO,0.0001885267,277084.31
2026-05-28,IE000EGGFVG6,3087,DOUTOR NICHIRES HOLDINGS CO,1.47599e-05,21693.2
2026-05-28,IE000EGGFVG6,8729,SONY FINANCIAL GROUP INC,0.0001251532,183942.03
2026-05-28,IE000EGGFVG6,3249,INDUSTRIAL+ INFRASTRUCTURE,1.19649e-05,17585.18
2026-05-28,IE000EGGFVG6,3252,JINUSHI COLTD,1.1026e-05,16205.37
2026-05-28,IE000EGGFVG6,2168,PASONA GROUP INC,2.0832e-06,3061.71
2026-05-28,IE000EGGFVG6,3092,ZOZO INC,5.19818e-05,76399.43
2026-05-28,IE000EGGFVG6,2170,LINK AND MOTIVATION INC,9.606e-07,1411.84
2026-05-28,IE000EGGFVG6,3093,TREASURE FACTORY CO LTD,1.6076e-06,2362.69
2026-05-28,IE000EGGFVG6,1414,SHO BOND HOLDINGS CO LTD,2.23642e-05,32869.52
2026-05-28,IE000EGGFVG6,7820,NIHON FLUSH CO LTD,6.179e-07,908.15
2026-05-28,IE000EGGFVG6,8410,SEVEN BANKLTD,5.45322e-05,80147.86
2026-05-28,IE000EGGFVG6,2175,SMS CO LTD,2.35229e-05,34572.46
2026-05-28,IE000EGGFVG6,3097,MONOGATARICORP,2.47416e-05,36363.64
2026-05-28,IE000EGGFVG6,3099,ISETAN MITSUKOSHI HOLDINGS L,0.0001118885,164446.54
2026-05-28,IE000EGGFVG6,3626,TIS INC,0.0001540326,226387.19
2026-05-28,IE000EGGFVG6,8725,MS+AD INSURANCE GROUP HOLDIN,0.0004008848,589194.53
2026-05-28,IE000EGGFVG6,6632,JVCKENWOODCORP,2.65577e-05,39032.81
2026-05-28,IE000EGGFVG6,2181,PERSOL HOLDINGS CO LTD,0.0001066602,156762.28
2026-05-28,IE000EGGFVG6,6250,YAMABIKO CORP,2.68782e-05,39503.85
2026-05-28,IE000EGGFVG6,6465,HOSHIZAKICORP,3.80508e-05,55924.63
2026-05-28,IE000EGGFVG6,3632,GREE HOLDINGS INC,2.1485e-06,3157.8
2026-05-28,IE000EGGFVG6,6249,GAMECARD HOLDINGS INC,9.683e-07,1423.14
2026-05-28,IE000EGGFVG6,8715,ANICOM HOLDINGS INC,3.7659e-06,5534.94
2026-05-28,IE000EGGFVG6,2229,CALBEE INC,3.34762e-05,49201.13
2026-05-28,IE000EGGFVG6,3649,FINDEX INC,6.538e-07,960.9
2026-05-28,IE000EGGFVG6,3443,KAWADA TECHNOLOGIES INC,3.0998e-06,4555.82
2026-05-28,IE000EGGFVG6,3148,CREATE SDHOLDINGS CO,2.22546e-05,32708.43
2026-05-28,IE000EGGFVG6,3636,MITSUBISHIRESEARCH INSTITUT,1.9464e-06,2860.73
2026-05-28,IE000EGGFVG6,8713,FIDEA HOLDINGS CO LTD,2.5113e-06,3691.0
2026-05-28,IE000EGGFVG6,3648,AGS CORP,4.487e-07,659.44
2026-05-28,IE000EGGFVG6,4977,NITTA GELATIN INC,1.0538e-06,1548.75
2026-05-28,IE000EGGFVG6,2270,MEGMILK SNOW BRAND CO LTD,2.49531e-05,36674.52
2026-05-28,IE000EGGFVG6,3156,RESTAR CORP,4.9419e-06,7263.31
2026-05-28,IE000EGGFVG6,8714,SENSHU IKEDA HOLDINGS INC,4.97866e-05,73173.18
2026-05-28,IE000EGGFVG6,2117,WELLNEO SUGAR CO LTD,2.2186e-06,3260.79
2026-05-28,IE000EGGFVG6,4928,NOEVIR HOLDING CO,3.7134e-06,5457.69
2026-05-28,IE000EGGFVG6,6055,JAPAN MATERIAL CO LTD,2.28093e-05,33523.63
2026-05-28,IE000EGGFVG6,3276,JAPAN PROPERTY MANAGEMENT CE,1.1435e-06,1680.64
2026-05-28,IE000EGGFVG6,3150,GREMS INC,1.011e-06,1485.95
2026-05-28,IE000EGGFVG6,3153,YASHIMA DENKI CO LTD,1.77165e-05,26038.62
2026-05-28,IE000EGGFVG6,5703,NIPPON LIGHT METAL HOLDINGS,2.99891e-05,44075.99
2026-05-28,IE000EGGFVG6,7148,FINANCIALPARTNERS GROUP,1.61526e-05,23739.99
2026-05-28,IE000EGGFVG6,3154,MEDIUS HOLDINGS CO LTD,7.136e-07,1048.83
2026-05-28,IE000EGGFVG6,4578,OTSUKA HOLDINGS CO LTD,0.0003094198,454765.27
2026-05-28,IE000EGGFVG6,6619,W SCOPE CORP,4.1296e-06,6069.4
2026-05-28,IE000EGGFVG6,3271,GLOBAL LTD/THE,5.423e-07,796.99
2026-05-28,IE000EGGFVG6,8750,DAIICHI LIFE GROUP INC,0.000416579,612260.96
2026-05-28,IE000EGGFVG6,2269,MEIJI HOLDINGS CO LTD,0.0001535711,225708.9
2026-05-28,IE000EGGFVG6,3151,VITAL KSKHOLDINGS INC,3.4036e-06,5002.36
2026-05-28,IE000EGGFVG6,5857,ARE HOLDINGS INC,1.25567e-05,18455.02
2026-05-28,IE000EGGFVG6,8283,PALTAC CORPORATION,2.26683e-05,33316.38
2026-05-28,IE000EGGFVG6,5020,ENEOS HOLDINGS INC,0.0002726283,400691.45
2026-05-28,IE000EGGFVG6,4577,DAITO PHARMACEUTICAL CO LTD,2.046e-06,3007.07
2026-05-28,IE000EGGFVG6,8630,SOMPO HOLDINGS INC,0.0001689754,248349.19
2026-05-28,IE000EGGFVG6,3269,ADVANCE RESIDENCE INVESTMENT,2.63056e-05,38662.27
2026-05-28,IE000EGGFVG6,8600,TOMONY HOLDINGS INC,2.40391e-05,35331.14
2026-05-28,IE000EGGFVG6,9413,TV TOKYO HOLDINGS CORP,1.6024e-06,2355.16
2026-05-28,IE000EGGFVG6,3659,NEXON CO LTD,6.78557e-05,99729.95
2026-05-28,IE000EGGFVG6,1417,MIRAIT ONECORP,3.82811e-05,56263.15
2026-05-28,IE000EGGFVG6,7818,TRANSACTION CO LTD,2.1879e-06,3215.58
2026-05-28,IE000EGGFVG6,3663,CELSYS INC,2.0319e-06,2986.34
2026-05-28,IE000EGGFVG6,3657,POLE TO WIN HOLDINGS INC,5.042e-07,741.09
2026-05-28,IE000EGGFVG6,3661,M UP HOLDINGS INC,2.0511e-06,3014.6
2026-05-28,IE000EGGFVG6,3660,ISTYLE INC,1.39194e-05,20457.84
2026-05-28,IE000EGGFVG6,3182,OISIX RA DAICHI INC,3.0809e-06,4528.18
2026-05-28,IE000EGGFVG6,6058,VECTOR INC,2.3639e-06,3474.33
2026-05-28,IE000EGGFVG6,6062,CHARM CARECORP,2.3314e-06,3426.6
2026-05-28,IE000EGGFVG6,6464,TSUBAKI NAKASHIMA CO LTD,1.0358e-06,1522.37
2026-05-28,IE000EGGFVG6,3176,SANYO TRADING CO LTD,2.7263e-06,4006.91
2026-05-28,IE000EGGFVG6,1419,TAMA HOMECO LTD,1.4166e-06,2081.96
2026-05-28,IE000EGGFVG6,3673,BROADLEAFCO LTD,2.7609e-06,4057.78
2026-05-28,IE000EGGFVG6,8524,NORTH PACIFIC BANK LTD,4.15428e-05,61056.99
2026-05-28,IE000EGGFVG6,3668,COLOPL INC,2.0306e-06,2984.46
2026-05-28,IE000EGGFVG6,3863,NIPPON PAPER INDUSTRIES CO L,2.0445e-05,30048.67
2026-05-28,IE000EGGFVG6,9201,JAPAN AIRLINES CO LTD,4.77129e-05,70125.3
2026-05-28,IE000EGGFVG6,3279,ACTIVIA PROPERTIES INC,7.7233e-06,11351.23
2026-05-28,IE000EGGFVG6,6071,IBJ INC,6.965e-07,1023.71
2026-05-28,IE000EGGFVG6,3180,BEAUTY GARAGE INC,5.871e-07,862.93
2026-05-28,IE000EGGFVG6,2588,PREMIUM WATER HOLDINGS INC,1.4935e-06,2195.01
2026-05-28,IE000EGGFVG6,3282,COMFORIA RESIDENTIAL REIT IN,1.70986e-05,25130.48
2026-05-28,IE000EGGFVG6,3281,GLP J REIT,3.14697e-05,46252.16
2026-05-28,IE000EGGFVG6,7164,ZENKOKU HOSHO CO LTD,5.3474e-05,78592.56
2026-05-28,IE000EGGFVG6,3179,SYUPPIN COLTD,1.3601e-06,1999.06
2026-05-28,IE000EGGFVG6,2931,EUGLENA COLTD,1.4037e-06,2063.12
2026-05-28,IE000EGGFVG6,9025,KONOIKE TRANSPORT CO LTD,1.85831e-05,27312.29
2026-05-28,IE000EGGFVG6,3287,HOSHINO RESORTS REIT INC,4.1415e-06,6086.98
2026-05-28,IE000EGGFVG6,3186,NEXTAGE COLTD,2.60065e-05,38222.64
2026-05-28,IE000EGGFVG6,6184,KAMAKURA SHINSHO LTD,5.82e-07,855.39
2026-05-28,IE000EGGFVG6,3488,CENTRAL REIT INVESTMENT CORP,9.102e-07,1337.73
2026-05-28,IE000EGGFVG6,6200,INSOURCE CO LTD,1.8755e-06,2756.48
2026-05-28,IE000EGGFVG6,7033,MANAGEMENTSOLUTIONS CO LTD,5.816e-07,854.77
2026-05-28,IE000EGGFVG6,3288,OPEN HOUSEGROUP CO LTD,4.09694e-05,60214.16
2026-05-28,IE000EGGFVG6,3962,CHANGE HOLDINGS INC,3.3262e-06,4888.68
2026-05-28,IE000EGGFVG6,6547,GREENS COLTD,8.358e-07,1228.45
2026-05-28,IE000EGGFVG6,6196,STRIKE GROUP CO LTD,1.5768e-06,2317.48
2026-05-28,IE000EGGFVG6,6571,QB NET HOLDINGS CO LTD,1.6768e-06,2464.44
2026-05-28,IE000EGGFVG6,3984,USER LOCALINC,7.136e-07,1048.83
2026-05-28,IE000EGGFVG6,9519,RENOVA INC,8.8843e-06,13057.62
2026-05-28,IE000EGGFVG6,3558,JADE GROUPINC,7.205e-07,1058.88
2026-05-28,IE000EGGFVG6,3923,RAKUS CO LTD,2.92776e-05,43030.3
2026-05-28,IE000EGGFVG6,3543,KOMEDA HOLDINGS CO LTD,1.32695e-05,19502.59
2026-05-28,IE000EGGFVG6,6199,SERAKU COLTD,5.059e-07,743.6
2026-05-28,IE000EGGFVG6,6535,I MOBILE CO LTD,1.0127e-06,1488.46
2026-05-28,IE000EGGFVG6,7187,J LEASE COLTD,1.1597e-06,1704.51
2026-05-28,IE000EGGFVG6,6078,VALUE HR CO LTD,5.812e-07,854.14
2026-05-28,IE000EGGFVG6,3968,SEGUE GROUP CO LTD,4.794e-07,704.66
2026-05-28,IE000EGGFVG6,9273,KOA SHOJIHOLDINGS CO LTD,1.0256e-06,1507.3
2026-05-28,IE000EGGFVG6,3612,WORLD CO LTD,1.53731e-05,22594.44
2026-05-28,IE000EGGFVG6,3290,ONE REIT INC,1.6131e-06,2370.86
2026-05-28,IE000EGGFVG6,3489,FAITHNETWORK CO LTD,6.188e-07,909.41
2026-05-28,IE000EGGFVG6,3496,AZOOM CO LTD,1.7456e-06,2565.55
2026-05-28,IE000EGGFVG6,3479,TKP CORP,2.087e-06,3067.36
2026-05-28,IE000EGGFVG6,3989,SHARINGTECHNOLOGY INC,1.2653e-06,1859.63
2026-05-28,IE000EGGFVG6,6544,JAPAN ELEVATOR SERVICE HOLDI,2.9781e-05,43770.14
2026-05-28,IE000EGGFVG6,3983,ORO CO LTD,8.692e-07,1277.44
2026-05-28,IE000EGGFVG6,3480,JSB CO LTD,2.8887e-06,4245.56
2026-05-28,IE000EGGFVG6,3993,PKSHA TECHNOLOGY INC,2.5383e-06,3730.57
2026-05-28,IE000EGGFVG6,3563,FOOD + LIFE COMPANIES LTD,0.0001642733,241438.22
2026-05-28,IE000EGGFVG6,7198,SBI ARUHICORP,6.957e-07,1022.45
2026-05-28,IE000EGGFVG6,6562,GENIEE INC,3.991e-07,586.59
2026-05-28,IE000EGGFVG6,6564,MIDAC HOLDINGS CO LTD,9.183e-07,1349.66
2026-05-28,IE000EGGFVG6,3481,MITSUBISHIESTATE LOGISTICS,4.6919e-06,6895.9
2026-05-28,IE000EGGFVG6,9434,SOFTBANK CORP,0.0003263526,479652.02
2026-05-28,IE000EGGFVG6,9268,OPTIMUS GROUP CO LTD,1.6452e-06,2417.96
2026-05-28,IE000EGGFVG6,3992,NEEDS WELLINC,3.598e-07,528.81
2026-05-28,IE000EGGFVG6,3486,GLOBAL LINK MANAGEMENT INC,7.705e-07,1132.36
2026-05-28,IE000EGGFVG6,9143,SG HOLDINGS CO LTD,6.19335e-05,91025.91
2026-05-28,IE000EGGFVG6,3611,MATSUOKA CORP,1.017e-06,1494.74
2026-05-28,IE000EGGFVG6,4249,MORIROKU CO LTD,2.0494e-06,3012.09
2026-05-28,IE000EGGFVG6,7199,PREMIUM GROUP CO LTD,1.14435e-05,16818.97
2026-05-28,IE000EGGFVG6,3292,AEON REITINVESTMENT CORP,1.94472e-05,28582.2
2026-05-28,IE000EGGFVG6,6080,M+A CAPITAL PARTNERS CO LTD,2.9228e-06,4295.81
2026-05-28,IE000EGGFVG6,3679,ZIGEXN COLTD,1.1516e-06,1692.57
2026-05-28,IE000EGGFVG6,3491,GATECHNOLOGIES CO LTD,1.9627e-06,2884.6
2026-05-28,IE000EGGFVG6,3487,CRE LOGISTICS REIT INC,2.5195e-06,3702.94
2026-05-28,IE000EGGFVG6,7326,SBI INSURANCE GROUP CO LTD,9.815e-07,1442.61
2026-05-28,IE000EGGFVG6,4431,SMAREGI INC,9.508e-07,1397.39
2026-05-28,IE000EGGFVG6,4385,MERCARI INC,5.7407e-05,84373.06
2026-05-28,IE000EGGFVG6,2979,SOSILA LOGISTICS REIT INC,2.4592e-06,3614.38
2026-05-28,IE000EGGFVG6,9279,GIFT HOLDINGS INC,1.752e-06,2574.97
2026-05-28,IE000EGGFVG6,1429,NIPPON AQUA CO LTD,6.076e-07,893.08
2026-05-28,IE000EGGFVG6,6088,SIGMAXYZ HOLDINGS INC,2.1268e-06,3125.77
2026-05-28,IE000EGGFVG6,6086,SHIN MAINTHOLDINGS CO LTD,4.547e-07,668.24
2026-05-28,IE000EGGFVG6,7167,MEBUKI FINANCIAL GROUP INC,5.02998e-05,73927.46
2026-05-28,IE000EGGFVG6,7047,PORT INC,9.384e-07,1379.18
2026-05-28,IE000EGGFVG6,2971,ESCON JAPAN REIT INVESTMENT,1.0025e-06,1473.39
2026-05-28,IE000EGGFVG6,2972,SANKEI REAL ESTATE INC,1.5383e-06,2260.95
2026-05-28,IE000EGGFVG6,3295,HULIC REITINC,5.9841e-06,8795.1
2026-05-28,IE000EGGFVG6,7683,WA INC,6.021e-07,884.91
2026-05-28,IE000EGGFVG6,4448,KUBELL COLTD,3.538e-07,520.02
2026-05-28,IE000EGGFVG6,3683,CYBERLINKSCO LTD,4.666e-07,685.82
2026-05-28,IE000EGGFVG6,7059,COPRO HOLDINGS CO LTD,6.435e-07,945.83
2026-05-28,IE000EGGFVG6,4246,DAIKYONISHIKAWA CORP,3.2036e-06,4708.43
2026-05-28,IE000EGGFVG6,4443,SANSAN INC,5.9764e-06,8783.8
2026-05-28,IE000EGGFVG6,4480,MEDLEY INC,1.8674e-06,2744.54
2026-05-28,IE000EGGFVG6,4931,SHINNIHONSEIYAKU CO LTD,1.6289e-06,2394.1
2026-05-28,IE000EGGFVG6,7803,BUSHIROADINC,1.1563e-06,1699.48
2026-05-28,IE000EGGFVG6,6616,TOREX SEMICONDUCTOR LTD,1.2371e-06,1818.18
2026-05-28,IE000EGGFVG6,7071,AMVIS HOLDINGS INC,1.2512e-06,1838.91
2026-05-28,IE000EGGFVG6,3449,TECHNOFLEXCORP,2.7776e-06,4082.27
2026-05-28,IE000EGGFVG6,2986,LA HOLDINGS CO LTD/JAPAN,1.9272e-05,28324.7
2026-05-28,IE000EGGFVG6,9090,AZ COM MARUWA HOLDINGS INC,1.55483e-05,22851.94
2026-05-28,IE000EGGFVG6,4251,KEIWA INC,1.0982e-06,1614.07
2026-05-28,IE000EGGFVG6,3191,JOYFUL HONDA CO LTD,2.17598e-05,31981.16
2026-05-28,IE000EGGFVG6,4475,HENNGE KK,9.29e-07,1365.36
2026-05-28,IE000EGGFVG6,3687,FIXSTARS CORP,3.7894e-06,5569.48
2026-05-28,IE000EGGFVG6,9024,SEIBU HOLDINGS INC,5.20185e-05,76453.45
2026-05-28,IE000EGGFVG6,4481,BASE CO LTD,1.3097e-06,1924.95
2026-05-28,IE000EGGFVG6,7685,BUYSELL TECHNOLOGIES CO LTD,2.57351e-05,37823.83
2026-05-28,IE000EGGFVG6,3296,NIPPON REIT INVESTMENT CORP,4.3638e-06,6413.57
2026-05-28,IE000EGGFVG6,9336,DAIEI KANKYO CO LTD,1.84729e-05,27150.26
2026-05-28,IE000EGGFVG6,7095,MACBEE PLANET INC,4.991e-07,733.55
2026-05-28,IE000EGGFVG6,7094,NEXTONE INC,5.782e-07,849.74
2026-05-28,IE000EGGFVG6,6521,OXIDE CORP,2.4998e-06,3674.05
2026-05-28,IE000EGGFVG6,4165,PLAID INC,4.794e-07,704.66
2026-05-28,IE000EGGFVG6,4933,I NE CO LTD,5.329e-07,783.17
2026-05-28,IE000EGGFVG6,2932,STI FOODSHOLDINGS INC,4.47e-07,656.93
2026-05-28,IE000EGGFVG6,4371,CORE CONCEPT TECHNOLOGIES IN,5.961e-07,876.12
2026-05-28,IE000EGGFVG6,4180,APPIER GROUP INC,1.14008e-05,16756.16
2026-05-28,IE000EGGFVG6,6226,MORIYA TRANSPORTATION ENGINE,1.8161e-06,2669.18
2026-05-28,IE000EGGFVG6,6526,SOCIONEXTINC,5.46623e-05,80339.14
2026-05-28,IE000EGGFVG6,5535,MIGALO HOLDINGS INC,3.448e-07,506.83
2026-05-28,IE000EGGFVG6,3299,MUGEN ESTATE CO LTD,1.4879e-06,2186.84
2026-05-28,IE000EGGFVG6,5621,HUMAN TECHNOLOGIES INC/TOKYO,5.683e-07,835.3
2026-05-28,IE000EGGFVG6,2998,CREAL INC,1.919e-07,281.99
2026-05-28,IE000EGGFVG6,4071,PLUS ALPHACONSULTING CO LTD,3.3177e-06,4876.12
2026-05-28,IE000EGGFVG6,7373,AIDMA HOLDINGS INC,5.115e-07,751.77
2026-05-28,IE000EGGFVG6,3193,ETERNAL HOSPITALITY GROUP CO,1.1781e-06,1731.51
2026-05-28,IE000EGGFVG6,4194,VISIONAL INC,2.26106e-05,33231.59
2026-05-28,IE000EGGFVG6,9163,NARERU GROUP INC,9.294e-07,1365.99
2026-05-28,IE000EGGFVG6,5253,COVER CORP,4.0689e-06,5980.22
2026-05-28,IE000EGGFVG6,6525,KOKUSAI ELECTRIC CORP,0.0001076171,158168.63
2026-05-28,IE000EGGFVG6,2933,KIBUN FOODS INC,8.922e-07,1311.35
2026-05-28,IE000EGGFVG6,5032,ANYCOLOR INC,2.42972e-05,35710.47
2026-05-28,IE000EGGFVG6,9158,CUC INC,6.658e-07,978.49
2026-05-28,IE000EGGFVG6,5036,JAPAN BUSINESS SYSTEMS INC,1.4597e-06,2145.39
2026-05-28,IE000EGGFVG6,5027,ANYMIND GROUP INC,4.094e-07,601.66
2026-05-28,IE000EGGFVG6,7172,JAPAN INVESTMENT ADVISER CO,1.14935e-05,16892.45
2026-05-28,IE000EGGFVG6,3692,FFRI SECURITY INC,2.534e-06,3724.29
2026-05-28,IE000EGGFVG6,3196,HOTLAND HOLDINGS CO LTD,1.3631e-06,2003.45
2026-05-28,IE000EGGFVG6,3197,SKYLARK HOLDINGS CO LTD,0.000134597,197821.95
2026-05-28,IE000EGGFVG6,6098,RECRUIT HOLDINGS CO LTD,0.0006702415,985077.72
2026-05-28,IE000EGGFVG6,7388,FP PARTNERINC,9.179e-07,1349.03
2026-05-28,IE000EGGFVG6,9168,RISE CONSULTING GROUP INC,3.265e-07,479.82
2026-05-28,IE000EGGFVG6,197A,TAUNS LABORATORIES INC,8.478e-07,1246.04
2026-05-28,IE000EGGFVG6,3696,CERES INC/JAPAN,7.418e-07,1090.28
2026-05-28,IE000EGGFVG6,9467,ALPHAPOLISCO LTD,4.611e-07,677.66
2026-05-28,IE000EGGFVG6,6099,ELAN CORP,5.948e-07,874.23
2026-05-28,IE000EGGFVG6,6223,SEIBU GIKEN CO LTD,9.777e-07,1436.96
2026-05-28,IE000EGGFVG6,3697,SHIFT INC,1.24243e-05,18260.45
2026-05-28,IE000EGGFVG6,5838,RAKUTEN BANK LTD,6.3492e-05,93316.38
2026-05-28,IE000EGGFVG6,212A,FIT EASY INC,9.585e-07,1408.7
2026-05-28,IE000EGGFVG6,250A,SHIMADAYACORPORATION,6.965e-07,1023.71
2026-05-28,IE000EGGFVG6,3451,TOSEI REITINVESTMENT CORP,1.1255e-06,1654.26
2026-05-28,IE000EGGFVG6,3309,SEKISUI HOUSE REIT INC,2.65005e-05,38948.66
2026-05-28,IE000EGGFVG6,575A,MAEZAWA HOLDINGS CO LTD,7.243e-07,1064.53
2026-05-28,IE000EGGFVG6,6027,BENGO4.COMINC,1.0409e-06,1529.91
2026-05-28,IE000EGGFVG6,3452,B LOT CO LTD,1.1879e-06,1745.96
2026-05-28,IE000EGGFVG6,3900,CROWDWORKSINC,2.658e-07,390.64
2026-05-28,IE000EGGFVG6,9418,U NEXT HOLDINGS CO LTD,1.84601e-05,27131.42
2026-05-28,IE000EGGFVG6,3901,MARKLINESCO LTD,1.1162e-06,1640.45
2026-05-28,IE000EGGFVG6,9551,METAWATERCO LTD,1.94429e-05,28575.92
2026-05-28,IE000EGGFVG6,3903,GUMI INC,1.261e-07,185.27
2026-05-28,IE000EGGFVG6,9517,EREX CO LTD,1.0512e-06,1544.98
2026-05-28,IE000EGGFVG6,3199,WATAHAN +CO LTD,1.1409e-06,1676.87
2026-05-28,IE000EGGFVG6,7814,JAPAN CREATIVE PLATFORM GROU,6.858e-07,1008.01
2026-05-28,IE000EGGFVG6,3457,+DO HOLDINGS CO LTD,4.389e-07,645.0
2026-05-28,IE000EGGFVG6,6036,KEEPER TECHNICAL LABORATORY,2.3468e-06,3449.21
2026-05-28,IE000EGGFVG6,1384,HOKURYO COLTD,8.867e-07,1303.19
2026-05-28,IE000EGGFVG6,3455,HEALTHCARE+ MEDICAL INVESTM,9.307e-07,1367.88
2026-05-28,IE000EGGFVG6,7177,GMO FINANCIAL HOLDINGS INC,2.9305e-06,4307.11
2026-05-28,IE000EGGFVG6,546A,MIRAINI HOLDINGS CO LTD,3.3647e-06,4945.18
2026-05-28,IE000EGGFVG6,547A,MUNINOVA HOLDINGS INC,2.36648e-05,34780.97
2026-05-28,IE000EGGFVG6,543A,ARCHION CORP,2.94784e-05,43325.49
2026-05-28,IE000EGGFVG6,544A,GMS GROUPCO LTD,1.0889e-06,1600.41
2026-05-28,IE000EGGFVG6,3916,DIGITAL INFORMATION TECHNOLO,7.358e-07,1081.49
2026-05-28,IE000EGGFVG6,6167,FUJI DIE CO LTD,8.692e-07,1277.44
2026-05-28,IE000EGGFVG6,7780,MENICON COLTD,2.37836e-05,34955.57
2026-05-28,IE000EGGFVG6,3539,JM HOLDINGS CO LTD,2.6985e-06,3966.09
2026-05-28,IE000EGGFVG6,6532,BAYCURRENTINC,8.8416e-05,129948.19
2026-05-28,IE000EGGFVG6,4980,DEXERIALSCORP,0.0001032995,151822.89
2026-05-28,IE000EGGFVG6,3922,PR TIMES CORP,9.572e-07,1406.81
2026-05-28,IE000EGGFVG6,6191,AIRTRIP CORP,7.299e-07,1072.7
2026-05-28,IE000EGGFVG6,3921,NEOJAPAN INC,6.666e-07,979.75
2026-05-28,IE000EGGFVG6,3463,ICHIGO HOTEL REIT INVESTMENT,9.598e-07,1410.58
2026-05-28,IE000EGGFVG6,3459,SAMTY RESIDENTIAL INVESTMENT,8.435e-07,1239.76
2026-05-28,IE000EGGFVG6,6178,JAPAN POSTHOLDINGS CO LTD,0.0001084048,159326.43
2026-05-28,IE000EGGFVG6,7181,JAPAN POSTINSURANCE CO LTD,3.26166e-05,47937.83
2026-05-28,IE000EGGFVG6,7182,JAPAN POSTBANK CO LTD,0.0001834352,269601.2
2026-05-28,IE000EGGFVG6,3415,TOKYO BASECO LTD,4.641e-07,682.05
2026-05-28,IE000EGGFVG6,2884,YOSHIMURAFOOD HOLDINGS KK,8.294e-07,1219.03
2026-05-28,IE000EGGFVG6,7184,FIRST BANKOF TOYAMA LTD/THE,1.61013e-05,23664.63
2026-05-28,IE000EGGFVG6,3932,AKATSUKI INC,1.3439e-06,1975.19
2026-05-28,IE000EGGFVG6,7185,HIROSE TUSYO INC,1.6088e-06,2364.58
2026-05-28,IE000EGGFVG6,3472,NIPPON HOTEL + RESIDENTIAL I,5.666e-07,832.78
2026-05-28,IE000EGGFVG6,4595,MIZUHO MEDY CO LTD,2.2267e-06,3272.73
2026-05-28,IE000EGGFVG6,6238,FURYU CORP,1.6627e-06,2443.71
2026-05-28,IE000EGGFVG6,3468,STAR ASIAINVESTMENT CORPORA,3.9664e-06,5829.49
2026-05-28,IE000EGGFVG6,3561,CHIKARANOMOTO HOLDINGS CO LT,1.2435e-06,1827.6
2026-05-28,IE000EGGFVG6,2820,YAMAMI CO,1.9806e-06,2910.98
2026-05-28,IE000EGGFVG6,6183,BELLSYSTEM24 HOLDINGS INC,1.82806e-05,26867.64
2026-05-28,IE000EGGFVG6,3465,KI STAR REAL ESTATE CO LTD,5.8542e-06,8604.18
2026-05-28,IE000EGGFVG6,9416,VISION INC/TOKYO JAPAN,2.71e-06,3983.04
2026-05-28,IE000EGGFVG6,3964,AUCNET INC,2.4767e-06,3640.13
2026-05-28,IE000EGGFVG6,7811,NAKAMOTO PACKS CO LTD,8.269e-07,1215.26
2026-05-28,IE000EGGFVG6,3939,KANAMIC NETWORK CO LTD,6.461e-07,949.6
2026-05-28,IE000EGGFVG6,3547,UNISIA HOLDINGS CO,7.252e-07,1065.79
2026-05-28,IE000EGGFVG6,3470,MARIMO REGIONAL REVITALIZATI,9.444e-07,1387.97
2026-05-28,IE000EGGFVG6,3471,MITSUI FUDOSAN LOGISTICS PAR,2.61351e-05,38411.68
2026-05-28,IE000EGGFVG6,3139,LACTO JAPAN CO LTD,1.3567e-06,1994.03
2026-05-28,IE000EGGFVG6,3492,MIRARTH REAL ESTATE INVESTME,2.105e-06,3093.74
2026-05-28,IE000EGGFVG6,6539,MATCHING SERVICE JAPAN CO LT,3.965e-07,582.82
2026-05-28,IE000EGGFVG6,3476,MIRAI CORP,2.2614e-06,3323.6
2026-05-28,IE000EGGFVG6,3963,SYNCHRO FOOD CO LTD,2.931e-07,430.84
2026-05-28,IE000EGGFVG6,7191,ENTRUST INC,4.718e-07,693.36
2026-05-28,IE000EGGFVG6,3475,GOOD COM ASSET CO LTD,1.17e-06,1719.58
2026-05-28,IE000EGGFVG6,4189,KH NEOCHEMCO LTD,1.65414e-05,24311.51
2026-05-28,IE000EGGFVG6,ALHE,ALONY HETZPROPERTIES + INV,2.36349e-05,34737.03
2026-05-28,IE000EGGFVG6,ALBA,ALBAAD MASSUOT YITZHAK LTD,9.263e-07,1361.35
2026-05-28,IE000EGGFVG6,ANLT,ANALYST I.M.S.,2.0936e-06,3077.03
2026-05-28,IE000EGGFVG6,AYAL,AYALON INSURANCE COMPANY LTD,1.32102e-05,19415.49
2026-05-28,IE000EGGFVG6,AURA,AURA INVESTMENTS LTD,9.9208e-06,14580.89
2026-05-28,IE000EGGFVG6,AZRM,AZORIM INVESTMENT DEVELOPMEN,2.761e-06,4057.93
2026-05-28,IE000EGGFVG6,POLI,BANK HAPOALIM BM,0.0004186702,615334.48
2026-05-28,IE000EGGFVG6,LUMI,BANK LEUMILE ISRAEL,0.0004476923,657989.19
2026-05-28,IE000EGGFVG6,BRAN,BARAN GROUP LTD,7.478e-07,1099.05
2026-05-28,IE000EGGFVG6,PLSN,PLASSON INDUSTRIES LTD,1.8311e-06,2691.23
2026-05-28,IE000EGGFVG6,BEZQ,BEZEQ THEISRAELI TELECOM CO,7.15766e-05,105198.68
2026-05-28,IE000EGGFVG6,BSEN,BET SHEMESH ENGINES HOLDINGS,1.36392e-05,20046.06
2026-05-28,IE000EGGFVG6,FIBI,FIRST INTLBANK ISRAEL,4.62195e-05,67930.41
2026-05-28,IE000EGGFVG6,MTAV,MEITAV INVESTMENTS HOUSE LTD,3.56305e-05,52367.48
2026-05-28,IE000EGGFVG6,SKBN,SHIKUN + BINUI LTD,2.77088e-05,40724.64
2026-05-28,IE000EGGFVG6,CAST,CASTRO MODEL LTD,1.9522e-06,2869.25
2026-05-28,IE000EGGFVG6,CLIS,CLAL INSURANCE ENTERPR HLDGS,0.0001275879,187520.52
2026-05-28,IE000EGGFVG6,CDEV,COHEN DEVELOPMENT GAS + OIL,1.773e-06,2605.84
2026-05-28,IE000EGGFVG6,DLEKG,DELEK GROUP LTD,4.14034e-05,60851.99
2026-05-28,IE000EGGFVG6,QLTU,QUALITAU LTD,7.9964e-06,11752.53
2026-05-28,IE000EGGFVG6,DANE,DANEL (ADIR YEOSHUA) LTD,5.2964e-06,7784.31
2026-05-28,IE000EGGFVG6,DELG,DELTA GALIL LTD,7.0729e-06,10395.29
2026-05-28,IE000EGGFVG6,DLEA,DELEK AUTOMOTIVE SYSTEMS LTD,4.2152e-06,6195.28
2026-05-28,IE000EGGFVG6,HLAN,HILAN LTD,6.9067e-06,10151.02
2026-05-28,IE000EGGFVG6,DUNI,DUNIEC BROTHERS LTD,2.0558e-06,3021.47
2026-05-28,IE000EGGFVG6,ELTR,ELECTRA LTD,5.5744e-06,8192.9
2026-05-28,IE000EGGFVG6,STRS,STRAUSS GROUP LTD,2.58053e-05,37927.01
2026-05-28,IE000EGGFVG6,SMT,SUMMIT REAL ESTATE HOLDING,5.8648e-06,8619.66
2026-05-28,IE000EGGFVG6,ALRPR,ALROV PROPERTIES AND LODGING,1.6838e-06,2474.67
2026-05-28,IE000EGGFVG6,AFHL,AFCON HOLDINGS LTD,1.4912e-06,2191.62
2026-05-28,IE000EGGFVG6,FBRT,FMS ENTERPRISES MIGUN LTD,1.8998e-06,2792.22
2026-05-28,IE000EGGFVG6,FORTY,FORMULA SYSTEMS (1985) LTD,1.27078e-05,18677.06
2026-05-28,IE000EGGFVG6,PTNR,PARTNER COMMUNICATIONS CO,5.337e-05,78439.8
2026-05-28,IE000EGGFVG6,HARL,HAREL INSURANCE INVESTMENTS,0.0001054268,154949.47
2026-05-28,IE000EGGFVG6,MVNE,MIVNE REALESTATE KD LTD,3.28541e-05,48286.79
2026-05-28,IE000EGGFVG6,IES,IES HOLDINGS LTD,1.65385e-05,24307.28
2026-05-28,IE000EGGFVG6,DSCT,ISRAEL DISCOUNT BANK A,6.21839e-05,91393.87
2026-05-28,IE000EGGFVG6,ICL,ICL GROUPLTD,2.17352e-05,31944.93
2026-05-28,IE000EGGFVG6,ISTA,ISSTA LTD,4.3126e-06,6338.32
2026-05-28,IE000EGGFVG6,NAWI,NAWI GROUPLTD,1.4822e-06,2178.44
2026-05-28,IE000EGGFVG6,PHOE,PHOENIX FINANCIAL LTD,0.0001059919,155780.07
2026-05-28,IE000EGGFVG6,ISRS,ISRAS INVESTMENT COMPANY LTD,3.2402e-06,4762.24
2026-05-28,IE000EGGFVG6,ISRO,ISROTEL LTD,3.3956e-06,4990.57
2026-05-28,IE000EGGFVG6,KAFR,KAFRIT INDUSTRIES (1993) LTD,8.389e-07,1233.01
2026-05-28,IE000EGGFVG6,LAPD,LAPIDOTH CAPITAL LTD,3.6718e-06,5396.64
2026-05-28,IE000EGGFVG6,MGDL,MIGDAL INSURANCE + FINANCIAL,6.95476e-05,102216.51
2026-05-28,IE000EGGFVG6,ARIN,ARI REAL ESTATE ARENA INVEST,1.196e-06,1757.77
2026-05-28,IE000EGGFVG6,NVMI,NOVA LTD,1.36455e-05,20055.28
2026-05-28,IE000EGGFVG6,FOX,FOX WIZELLTD,2.3536e-05,34591.7
2026-05-28,IE000EGGFVG6,LAHAV,LAHAV L.R.REAL ESTATE LTD,2.8989e-06,4260.62
2026-05-28,IE000EGGFVG6,MLSR,MELISRON,2.90438e-05,42686.7
2026-05-28,IE000EGGFVG6,LEVI,MESHULAM LEVINSTEIN CON + EN,4.2397e-06,6231.2
2026-05-28,IE000EGGFVG6,NTO,NETO ME HOLDINGS LTD,2.0381e-06,2995.54
2026-05-28,IE000EGGFVG6,MMHD,MENORA MIVTACHIM HOLDINGS LT,5.18176e-05,76158.14
2026-05-28,IE000EGGFVG6,HAMAT,HAMAT GROUP LTD,7.678e-07,1128.47
2026-05-28,IE000EGGFVG6,MISH,MIVTACH SHAMIR HOLDINGS LTD,5.6275e-06,8270.99
2026-05-28,IE000EGGFVG6,ELAL,EL AL ISRAEL AIRLINES,2.6263e-05,38599.62
2026-05-28,IE000EGGFVG6,EQTL,EQUITAL LTD,1.3575e-05,19951.63
2026-05-28,IE000EGGFVG6,PLRM,PALRAM INDUSTRIES (1990) LTD,4.45e-08,65.34
2026-05-28,IE000EGGFVG6,ISCN,ISRAEL CANADA T.R LTD,2.68436e-05,39453.04
2026-05-28,IE000EGGFVG6,MTRX,MATRIX ITLTD,1.5544e-05,22845.51
2026-05-28,IE000EGGFVG6,ENLT,ENLIGHT RENEWABLE ENERGY LTD,1.19239e-05,17525.05
2026-05-28,IE000EGGFVG6,SCOP,SCOPE METALS GROUP LTD,2.26721e-05,33321.95
2026-05-28,IE000EGGFVG6,SAE,SHUFERSALLTD,5.13426e-05,75460.0
2026-05-28,IE000EGGFVG6,MLTM,MALAM   TEAM LTD,1.2254e-06,1800.96
2026-05-28,IE000EGGFVG6,TLSY,TELSYS LTD,3.9658e-06,5828.64
2026-05-28,IE000EGGFVG6,TEVA,TEVA PHARMACEUTICAL IND LTD,7.8652e-06,11559.78
2026-05-28,IE000EGGFVG6,ILDC,LAND DEVELOPMENT NIMRODI GRO,2.61e-06,3835.99
2026-05-28,IE000EGGFVG6,TDRN,TADIRAN GROUP LTD,1.3038e-06,1916.24
2026-05-28,IE000EGGFVG6,LUZN,LUZON GROUP,2.1032e-06,3091.12
2026-05-28,IE000EGGFVG6,MZTF,MIZRAHI TEFAHOT BANK LTD,0.0001181466,173644.25
2026-05-28,IE000EGGFVG6,VILR,VILLAR INTERNATIONAL LTD,2.5725e-06,3780.88
2026-05-28,IE000EGGFVG6,ONE,ONE SOFTWARE TECHNOLOGIES LT,8.1583e-06,11990.58
2026-05-28,IE000EGGFVG6,KEN,KENON HOLDINGS LTD,2.64841e-05,38924.63
2026-05-28,IE000EGGFVG6,TASE,TEL AVIV STOCK EXCHANGE LTD,8.83641e-05,129871.84
2026-05-28,IE000EGGFVG6,MAXO,MAX STOCKLTD,3.22416e-05,47386.68
2026-05-28,IE000EGGFVG6,DNYA,DANYA CEBUS LTD,1.55212e-05,22811.99
2026-05-28,IE000EGGFVG6,NYAX,NAYAX LTD,2.9202e-06,4291.86
2026-05-28,IE000EGGFVG6,GILT,GILAT SATELLITE NETWORKS LTD,2.34886e-05,34521.96
2026-05-28,IE000EGGFVG6,DIMRI,YH DIMRI CONSTRUCT + DEVELOP,2.00767e-05,29507.48
2026-05-28,IE000EGGFVG6,MTRN,MAYTRONICSLTD,4.189e-07,615.74
2026-05-28,IE000EGGFVG6,ARD,ARAD LTD,2.6533e-06,3899.72
2026-05-28,IE000EGGFVG6,TTAM,TIV TAAM HOLDINGS 1 LTD,3.6063e-06,5300.38
2026-05-28,IE000EGGFVG6,CAMT,CAMTEK LTD,2.54569e-05,37414.85
2026-05-28,IE000EGGFVG6,ARPT,AIRPORT CITY LTD,1.9325e-05,28402.69
2026-05-28,IE000EGGFVG6,AMOT,AMOT INVESTMENTS LTD,1.83257e-05,26933.88
2026-05-28,IE000EGGFVG6,AFRE,AFRICA ISRAEL RESIDENCES LTD,1.86495e-05,27409.82
2026-05-28,IE000EGGFVG6,BIG,BIG SHOPPING CENTERS 2004 LT,2.92824e-05,43037.38
2026-05-28,IE000EGGFVG6,PAZ,PAZ RETAILAND ENERGY LTD,5.36403e-05,78837.08
2026-05-28,IE000EGGFVG6,BLSR,BLUE SQUARE REAL ESTATE LTD,2.03275e-05,29875.98
2026-05-28,IE000EGGFVG6,ORL,OIL REFINERIES LTD,3.94261e-05,57945.9
2026-05-28,IE000EGGFVG6,CILO,CIELO BLUGROUP LTD,1.213e-06,1782.84
2026-05-28,IE000EGGFVG6,CEL,CELLCOM ISRAEL LTD,4.89628e-05,71962.39
2026-05-28,IE000EGGFVG6,PERI,PERION NETWORK LTD,3.2287e-06,4745.29
2026-05-28,IE000EGGFVG6,MGOR,MEGA OR HOLDINGS LTD,4.59152e-05,67483.17
2026-05-28,IE000EGGFVG6,ABRA,ABRA INFORMATION TECHNOLOGIE,6.411e-07,942.26
2026-05-28,IE000EGGFVG6,NTML,NETO MALINDA TRADING LTD,2.64696e-05,38903.27
2026-05-28,IE000EGGFVG6,PRSK,PRASHKOVSKY INVESTMENTS + CO,1.46865e-05,21585.22
2026-05-28,IE000EGGFVG6,RMLI,RAMI LEVYCHAIN STORES HASHI,2.77246e-05,40747.79
2026-05-28,IE000EGGFVG6,ENRG,ENERGIX RENEWABLE ENERGIES,2.48917e-05,36584.22
2026-05-28,IE000EGGFVG6,ECP,ELECTRA CONSUMER PRODUCTS 19,3.329e-06,4892.69
2026-05-28,IE000EGGFVG6,VCTR,VICTORY SUPERMARKET CHAIN LT,1.2071e-06,1774.12
2026-05-28,IE000EGGFVG6,AZRG,AZRIELI GROUP LTD,3.09947e-05,45554.0
2026-05-28,IE000EGGFVG6,CRSM,CARASSO MOTORS LTD,2.70257e-05,39720.63
2026-05-28,IE000EGGFVG6,IDIN,IDI INSURANCE CO LTD,2.16554e-05,31827.65
2026-05-28,IE000EGGFVG6,RANI,RANI ZIM SHOPPING CENTERS LT,1.3128e-06,1929.41
2026-05-28,IE000EGGFVG6,TMRP,TAMAR PETROLEUM LTD,2.4754e-06,3638.18
2026-05-28,IE000EGGFVG6,MRIN,YD MORE INVESTMENTS LTD,2.35515e-05,34614.53
2026-05-28,IE000EGGFVG6,NVLG,NOVOLOG LTD,1.0847e-06,1594.18
2026-05-28,IE000EGGFVG6,OPCE,OPC ENERGYLTD,3.40156e-05,49993.91
2026-05-28,IE000EGGFVG6,GLRS,GLOBRANDSLTD,3.54e-07,520.34
2026-05-28,IE000EGGFVG6,FTAL,FATTAL HOLDINGS 1998 LTD,4.95356e-05,72804.2
2026-05-28,IE000EGGFVG6,ISCD,ISRACARD LTD,2.33707e-05,34348.8
2026-05-28,IE000EGGFVG6,YHNF,M YOCHANANOF + SONS LTD,1.65541e-05,24330.2
2026-05-28,IE000EGGFVG6,SHVA,AUTOMATICBANK SERVICES LTD,9.192e-07,1350.99
2026-05-28,IE000EGGFVG6,CRSR,CARASSO REAL ESTATE LTD,2.1119e-06,3103.96
2026-05-28,IE000EGGFVG6,TRPZ,TURPAZ INDUSTRIES LTD,6.0824e-06,8939.55
2026-05-28,IE000EGGFVG6,MDTR,MEDITERRANEAN TOWERS LTD,1.53412e-05,22547.54
2026-05-28,IE000EGGFVG6,AZRT,REIT AZORIM HF LIVING LTD,1.3e-09,1.9
2026-05-28,IE000EGGFVG6,DIFI,DIRECT FINANCE OF DIRECT GRO,5.6438e-06,8294.91
2026-05-28,IE000EGGFVG6,ACKR,ACKERSTEINGROUP LTD,2.1297e-06,3130.08
2026-05-28,IE000EGGFVG6,ACRO,KVUTZAT ACRO LTD,1.2387e-06,1820.5
2026-05-28,IE000EGGFVG6,RTLS,RETAILORSLTD,1.4951e-06,2197.33
2026-05-28,IE000EGGFVG6,LBRA,LIBRA INSURANCE CO LTD,1.3716e-06,2015.82
2026-05-28,IE000EGGFVG6,VRDS,VERIDIS ENVIRONMENT LTD,2.32755e-05,34208.89
2026-05-28,IE000EGGFVG6,SBEN,SHIKUN + BINUI SOLTEC RENEWA,3.3345e-06,4900.82
2026-05-28,IE000EGGFVG6,MSKE,MESHEK ENERGY RENEWABLE ENER,1.55051e-05,22788.36
2026-05-28,IE000EGGFVG6,DIPL,DIPLOMAT HOLDINGS LTD,2.7147e-06,3989.84
2026-05-28,IE000EGGFVG6,DORL,DORAL GROUP RENEWABLE ENERGY,4.0452e-05,59453.8
2026-05-28,IE000EGGFVG6,NOFR,OY NOFAR ENERGY LTD,1.81008e-05,26603.32
2026-05-28,IE000EGGFVG6,ALTF,ALTSHULERSHAHAM PENN LTD,1.176e-06,1728.36
2026-05-28,IE000EGGFVG6,MNIF,MENIF FINANCIAL SERVICES LTD,3.3283e-06,4891.72
2026-05-28,IE000EGGFVG6,ASHG,ASHTROM GROUP LTD,2.51231e-05,36924.3
2026-05-28,IE000EGGFVG6,DLTI,DELTA ISRAEL BRANDS LTD,1.6626e-06,2443.55
2026-05-28,IE000EGGFVG6,NXSN,NEXT VISION STABILIZED SYSTE,4.02364e-05,59136.84
2026-05-28,IE000EGGFVG6,INRM,INROM CONSTRUCTION INDUSTRIE,3.46602e-05,50941.28
2026-05-28,IE000EGGFVG6,ARGO,ARGO PROPERTIES NV,1.48847e-05,21876.55
2026-05-28,IE000EGGFVG6,ARF,ASHDOD REFINERY LTD,3.3097e-06,4864.42
2026-05-28,IE000EGGFVG6,SPEN,SHAPIR ENGINEERING AND INDUS,2.10648e-05,30959.73
2026-05-28,IE000EGGFVG6,CAA,CAPRAL LTD,1.4773e-06,2171.21
2026-05-28,IE000EGGFVG6,ALK,ALKANE RESOURCES LTD,1.20497e-05,17709.93
2026-05-28,IE000EGGFVG6,WEB,WEB TRAVELGROUP LTD,1.32757e-05,19511.72
2026-05-28,IE000EGGFVG6,RHC,RAMSAY HEALTH CARE LTD,8.84214e-05,129956.01
2026-05-28,IE000EGGFVG6,ANZ,ANZ GROUPHOLDINGS LTD,0.0004546292,668184.61
2026-05-28,IE000EGGFVG6,WBC,WESTPAC BANKING CORP,0.0005646035,829817.7
2026-05-28,IE000EGGFVG6,BOQ,BANK OF QUEENSLAND LTD,4.85697e-05,71384.66
2026-05-28,IE000EGGFVG6,FMG,FORTESCUELTD,0.0002794779,410758.58
2026-05-28,IE000EGGFVG6,TLS,TELSTRA GROUP LTD,0.0001047129,153900.29
2026-05-28,IE000EGGFVG6,BPT,BEACH ENERGY LTD,3.16546e-05,46523.89
2026-05-28,IE000EGGFVG6,AUC,AUSGOLD LTD,2.85e-08,41.96
2026-05-28,IE000EGGFVG6,BEN,BENDIGO AND ADELAIDE BANK,8.04569e-05,118250.29
2026-05-28,IE000EGGFVG6,DTL,DATA 3 LTD,1.05943e-05,15570.86
2026-05-28,IE000EGGFVG6,GNC,GRAINCORPLTD A,3.65536e-05,53724.07
2026-05-28,IE000EGGFVG6,LAU,LINDSAY AUSTRALIA LTD,2.88e-08,42.35
2026-05-28,IE000EGGFVG6,HZN,HORIZON OIL LTD,8.489e-07,1247.63
2026-05-28,IE000EGGFVG6,EMR,EMERALD RESOURCES NL,3.2762e-05,48151.45
2026-05-28,IE000EGGFVG6,CVN,CARNARVONENERGY LTD,2.83e-08,41.64
2026-05-28,IE000EGGFVG6,LYC,LYNAS RAREEARTHS LTD,5.17213e-05,76016.59
2026-05-28,IE000EGGFVG6,MTO,MOTORCYCLEHOLDINGS LTD,4.908e-07,721.29
2026-05-28,IE000EGGFVG6,BWP,BWP PROPERTY GROUP LTD,6.7039e-06,9852.92
2026-05-28,IE000EGGFVG6,ASX,ASX LTD,3.31322e-05,48695.56
2026-05-28,IE000EGGFVG6,GRR,GRANGE RESOURCES LTD,1.28e-08,18.76
2026-05-28,IE000EGGFVG6,ASB,AUSTAL LTD,2.73694e-05,40225.78
2026-05-28,IE000EGGFVG6,LIC,LIFESTYLECOMMUNITIES LTD,3.5559e-06,5226.28
2026-05-28,IE000EGGFVG6,BHP,BHP GROUPLTD,0.0020557055,3021343.26
2026-05-28,IE000EGGFVG6,BRG,BREVILLE GROUP LTD,3.13416e-05,46063.82
2026-05-28,IE000EGGFVG6,MGR,MIRVAC GROUP,3.16362e-05,46496.9
2026-05-28,IE000EGGFVG6,HVN,HARVEY NORMAN HOLDINGS LTD,2.68972e-05,39531.8
2026-05-28,IE000EGGFVG6,MAQ,MACQUARIETECHNOLOGY GROUP L,5.4087e-06,7949.39
2026-05-28,IE000EGGFVG6,CCV,CASH CONVERTERS INTL LTD,7.05e-08,103.68
2026-05-28,IE000EGGFVG6,CPU,COMPUTERSHARE LTD,0.0001285185,188888.13
2026-05-28,IE000EGGFVG6,SIG,SIGMA HEALTHCARE LTD,2.5761e-05,37861.91
2026-05-28,IE000EGGFVG6,CWP,CEDAR WOODS PROPERTIES LTD,3.0749e-06,4519.23
2026-05-28,IE000EGGFVG6,CSL,CSL LTD,7.31653e-05,107533.62
2026-05-28,IE000EGGFVG6,CLV,CLOVER CORP LTD,7.148e-07,1050.57
2026-05-28,IE000EGGFVG6,CIA,CHAMPION IRON LTD,3.23018e-05,47475.16
2026-05-28,IE000EGGFVG6,SRV,SERVCORP LTD,1.8701e-06,2748.59
2026-05-28,IE000EGGFVG6,REA,REA GROUPLTD,6.41278e-05,94250.87
2026-05-28,IE000EGGFVG6,CAT,CATAPULT SPORTS LTD,2.9229e-06,4295.88
2026-05-28,IE000EGGFVG6,TCL,TRANSURBANGROUP,0.0001070358,157314.34
2026-05-28,IE000EGGFVG6,PNR,PANTORO GOLD LTD,2.91236e-05,42804.03
2026-05-28,IE000EGGFVG6,COH,COCHLEAR LTD,2.81951e-05,41439.28
2026-05-28,IE000EGGFVG6,ORG,ORIGIN ENERGY LTD,8.60315e-05,126443.55
2026-05-28,IE000EGGFVG6,CBA,COMMONWEALTH BANK OF AUSTRAL,0.0007254467,1066214.74
2026-05-28,IE000EGGFVG6,RIO,RIO TINTOLTD,0.0006009622,883255.38
2026-05-28,IE000EGGFVG6,CMW,CROMWELL PROPERTY GROUP,2.2197e-06,3262.32
2026-05-28,IE000EGGFVG6,CQR,CHARTER HALL RETAIL REIT,5.9867e-06,8798.88
2026-05-28,IE000EGGFVG6,HSN,HANSEN TECHNOLOGIES LTD,1.37919e-05,20270.46
2026-05-28,IE000EGGFVG6,APA,APA GROUP,7.9132e-05,116303.14
2026-05-28,IE000EGGFVG6,ALL,ARISTOCRATLEISURE LTD,0.0001593101,234143.73
2026-05-28,IE000EGGFVG6,PGC,PARAGON CARE LTD,8.162e-07,1199.67
2026-05-28,IE000EGGFVG6,SHV,SELECT HARVESTS LTD,1.063e-07,156.17
2026-05-28,IE000EGGFVG6,IAG,INSURANCEAUSTRALIA GROUP,0.0001526904,224414.54
2026-05-28,IE000EGGFVG6,OCL,OBJECTIVECORPORATION LTD,2.1997e-06,3232.97
2026-05-28,IE000EGGFVG6,ANN,ANSELL LTD,4.2144e-05,61940.47
2026-05-28,IE000EGGFVG6,CCP,CREDIT CORP GROUP LTD,3.5684e-06,5244.63
2026-05-28,IE000EGGFVG6,FML,FOCUS MINERALS LTD,1.6733e-06,2459.36
2026-05-28,IE000EGGFVG6,PME,PRO MEDICUS LTD,7.20115e-05,105837.85
2026-05-28,IE000EGGFVG6,REG,REGIS HEALTHCARE LTD,1.71767e-05,25245.26
2026-05-28,IE000EGGFVG6,APE,EAGERS AUTOMOTIVE LTD,1.30973e-05,19249.5
2026-05-28,IE000EGGFVG6,IRE,IRESS LTD,2.01135e-05,29561.52
2026-05-28,IE000EGGFVG6,TNE,TECHNOLOGYONE LTD,9.66684e-05,142077.0
2026-05-28,IE000EGGFVG6,SBM,ST BARBARALTD,5.3527e-06,7867.09
2026-05-28,IE000EGGFVG6,EQT,EQT HOLDINGS LTD,2.9065e-06,4271.79
2026-05-28,IE000EGGFVG6,CUV,CLINUVEL PHARMACEUTICALS LTD,1.9311e-06,2838.23
2026-05-28,IE000EGGFVG6,NUF,NUFARM LTD,7.0601e-06,10376.51
2026-05-28,IE000EGGFVG6,FRI,FINBAR GROUP LTD,4.269e-07,627.45
2026-05-28,IE000EGGFVG6,FWD,FLEETWOODLTD,2.31e-08,33.94
2026-05-28,IE000EGGFVG6,FLT,FLIGHT CENTRE TRAVEL GROUP L,3.20626e-05,47123.57
2026-05-28,IE000EGGFVG6,ELD,ELDERS LTD,5.4686e-06,8037.44
2026-05-28,IE000EGGFVG6,APZ,ASPEN GROUP,3.1853e-06,4681.57
2026-05-28,IE000EGGFVG6,GPT,GPT GROUP,5.43573e-05,79890.78
2026-05-28,IE000EGGFVG6,AAC,AUSTRALIANAGRICULTURAL CO,1.3807e-06,2029.24
2026-05-28,IE000EGGFVG6,GWA,GWA GROUPLTD,3.9596e-06,5819.56
2026-05-28,IE000EGGFVG6,RSG,RESOLUTE MINING LTD,5.04199e-05,74103.96
2026-05-28,IE000EGGFVG6,IGO,IGO LTD,5.21897e-05,76705.0
2026-05-28,IE000EGGFVG6,ORI,ORICA LTD,9.54593e-05,140299.86
2026-05-28,IE000EGGFVG6,IMD,IMDEX LTD,2.55162e-05,37502.07
2026-05-28,IE000EGGFVG6,DOW,DOWNER EDILTD,8.84136e-05,129944.56
2026-05-28,IE000EGGFVG6,RRL,REGIS RESOURCES LTD,0.0001275965,187533.04
2026-05-28,IE000EGGFVG6,DYL,DEEP YELLOW LTD,3.84479e-05,56508.24
2026-05-28,IE000EGGFVG6,PEN,PENINSULAENERGY LTD,3.821e-07,561.64
2026-05-28,IE000EGGFVG6,KCN,KINGSGATECONSOLIDATED LTD,5.5309e-06,8128.97
2026-05-28,IE000EGGFVG6,LLC,LENDLEASEGROUP,1.20851e-05,17761.83
2026-05-28,IE000EGGFVG6,HAV,HAVILAH RESOURCES LTD,6.809e-07,1000.68
2026-05-28,IE000EGGFVG6,CNI,CENTURIA CAPITAL GROUP,4.4987e-06,6611.87
2026-05-28,IE000EGGFVG6,JIN,JUMBO INTERACTIVE LTD,2.6192e-06,3849.6
2026-05-28,IE000EGGFVG6,BSL,BLUESCOPESTEEL LTD,8.02938e-05,118010.68
2026-05-28,IE000EGGFVG6,MAH,MACMAHON HOLDINGS LTD,2.42094e-05,35581.4
2026-05-28,IE000EGGFVG6,WOR,WORLEY LTD,0.00023832,350267.31
2026-05-28,IE000EGGFVG6,AEF,AUSTRALIANETHICAL INVT LTD,1.5297e-06,2248.26
2026-05-28,IE000EGGFVG6,SNL,SUPPLY NETWORK LTD,3.8336e-06,5634.32
2026-05-28,IE000EGGFVG6,SUN,SUNCORP GROUP LTD,0.0001902763,279655.83
2026-05-28,IE000EGGFVG6,RMS,RAMELIUS RESOURCES LTD,0.0001215369,178627.14
2026-05-28,IE000EGGFVG6,MND,MONADELPHOUS GROUP LTD,2.99227e-05,43978.41
2026-05-28,IE000EGGFVG6,BIS,BISALLOY STEEL GROUP LTD,5.1e-07,749.6
2026-05-28,IE000EGGFVG6,NAB,NATIONAL AUSTRALIA BANK LTD,0.000518894,762636.92
2026-05-28,IE000EGGFVG6,PDN,PALADIN ENERGY LTD,5.58166e-05,82035.57
2026-05-28,IE000EGGFVG6,CIP,CENTURIA INDUSTRIAL REIT,7.6339e-06,11219.82
2026-05-28,IE000EGGFVG6,NHC,NEW HOPE CORP LTD,9.46653e-05,139132.91
2026-05-28,IE000EGGFVG6,PPT,PERPETUALLTD,1.70455e-05,25052.32
2026-05-28,IE000EGGFVG6,PMV,PREMIER INVESTMENTS LTD,1.03994e-05,15284.33
2026-05-28,IE000EGGFVG6,JBH,JB HI FI LTD,0.0001083979,159316.23
2026-05-28,IE000EGGFVG6,AMP,AMP LTD,4.95634e-05,72845.09
2026-05-28,IE000EGGFVG6,QAN,QANTAS AIRWAYS LTD,3.08319e-05,45314.78
2026-05-28,IE000EGGFVG6,ANG,AUSTIN ENGINEERING LTD,1.75e-08,25.77
2026-05-28,IE000EGGFVG6,CDA,CODAN LTD,4.78483e-05,70324.37
2026-05-28,IE000EGGFVG6,PLS,PLS GROUPLTD,5.36323e-05,78825.24
2026-05-28,IE000EGGFVG6,QBE,QBE INSURANCE GROUP LTD,0.0003778018,555268.7
2026-05-28,IE000EGGFVG6,NST,NORTHERN STAR RESOURCES LTD,0.0002883586,423810.86
2026-05-28,IE000EGGFVG6,CGF,CHALLENGERLTD,7.92517e-05,116478.96
2026-05-28,IE000EGGFVG6,REH,REECE LTD,1.89831e-05,27900.1
2026-05-28,IE000EGGFVG6,RIC,RIDLEY CORP LTD,2.8341e-06,4165.34
2026-05-28,IE000EGGFVG6,SFR,SANDFIRE RESOURCES LTD,0.0002002409,294301.12
2026-05-28,IE000EGGFVG6,CGS,COGSTATE LTD,2.02e-08,29.75
2026-05-28,IE000EGGFVG6,STO,SANTOS LTD,0.0003338396,490655.88
2026-05-28,IE000EGGFVG6,SHL,SONIC HEALTHCARE LTD,0.0001203037,176814.64
2026-05-28,IE000EGGFVG6,SGP,STOCKLAND,7.27366e-05,106903.49
2026-05-28,IE000EGGFVG6,TAH,TABCORP HOLDINGS LTD,2.31388e-05,34007.91
2026-05-28,IE000EGGFVG6,TBR,TRIBUNE RESOURCES LTD,7.998e-07,1175.46
2026-05-28,IE000EGGFVG6,IMU,IMUGENE LTD,1.516e-07,222.85
2026-05-28,IE000EGGFVG6,WES,WESFARMERSLTD,0.0004482922,658870.97
2026-05-28,IE000EGGFVG6,ILU,ILUKA RESOURCES LTD,7.45978e-05,109638.99
2026-05-28,IE000EGGFVG6,MGX,MGX RESOURCES LTD,2.0441e-06,3004.22
2026-05-28,IE000EGGFVG6,WOW,WOOLWORTHSGROUP LTD,0.0001980878,291136.69
2026-05-28,IE000EGGFVG6,EVN,EVOLUTIONMINING LTD,0.0001371975,201643.97
2026-05-28,IE000EGGFVG6,YAL,YANCOAL AUSTRALIA LTD,5.56414e-05,81778.18
2026-05-28,IE000EGGFVG6,AMI,AURELIA METALS LTD,3.3981e-06,4994.26
2026-05-28,IE000EGGFVG6,FID,FIDUCIAN GROUP LTD,1.67e-08,24.6
2026-05-28,IE000EGGFVG6,ARB,ARB CORP LTD,3.1647e-05,46512.66
2026-05-28,IE000EGGFVG6,IGL,IVE GROUPLTD,1.14969e-05,16897.45
2026-05-28,IE000EGGFVG6,CWY,CLEANAWAYWASTE MANAGEMENT L,0.0001011443,148655.29
2026-05-28,IE000EGGFVG6,RWC,RELIANCE WORLDWIDE CORP LTD,3.14888e-05,46280.21
2026-05-28,IE000EGGFVG6,ASG,AUTOSPORTSGROUP LTD,1.4895e-06,2189.15
2026-05-28,IE000EGGFVG6,BVS,BRAVURA SOLUTIONS LTD,4.8195e-06,7083.36
2026-05-28,IE000EGGFVG6,NGI,NAVIGATORGLOBAL INVESTMENTS,2.47448e-05,36368.25
2026-05-28,IE000EGGFVG6,PFP,PROPEL FUNERAL PARTNERS LTD,2.4639e-06,3621.28
2026-05-28,IE000EGGFVG6,ALX,ATLAS ARTERIA,3.36892e-05,49514.14
2026-05-28,IE000EGGFVG6,BGL,BELLEVUE GOLD LTD,2.39889e-05,35257.32
2026-05-28,IE000EGGFVG6,CRN,CORONADO GLOBAL RESOURCE CDI,1.0132e-06,1489.16
2026-05-28,IE000EGGFVG6,INR,IONEER LTD,9.909e-07,1456.38
2026-05-28,IE000EGGFVG6,PRN,PERENTI LTD,4.51241e-05,66320.49
2026-05-28,IE000EGGFVG6,WPR,WAYPOINT REIT,5.3299e-06,7833.47
2026-05-28,IE000EGGFVG6,MAF,MA FINANCIAL GROUP LTD,1.4072e-06,2068.14
2026-05-28,IE000EGGFVG6,ARX,AROA BIOSURGERY LTD,5.882e-07,864.52
2026-05-28,IE000EGGFVG6,KLS,KELSIAN GROUP LTD,7.6399e-06,11228.66
2026-05-28,IE000EGGFVG6,ZIP,ZIP CO LTD,4.15033e-05,60998.91
2026-05-28,IE000EGGFVG6,WDS,WOODSIDE ENERGY GROUP LTD,0.0006004799,882546.52
2026-05-28,IE000EGGFVG6,L1G,L1 GROUP LTD,8.7672e-06,12885.43
2026-05-28,IE000EGGFVG6,MMS,MCMILLAN SHAKESPEARE LTD,2.84264e-05,41779.22
2026-05-28,IE000EGGFVG6,KAR,KAROON ENERGY LTD,6.89374e-05,101319.72
2026-05-28,IE000EGGFVG6,NCK,NICK SCALILTD,2.59924e-05,38201.92
2026-05-28,IE000EGGFVG6,MFG,MAGELLAN FINANCIAL GROUP LTD,5.13398e-05,75455.86
2026-05-28,IE000EGGFVG6,SUL,SUPER RETAIL GROUP LTD,3.74885e-05,55098.15
2026-05-28,IE000EGGFVG6,EGH,EUREKA GROUP HOLDINGS LTD,7.371e-07,1083.41
2026-05-28,IE000EGGFVG6,STX,STRIKE ENERGY LTD,2.5857e-06,3800.26
2026-05-28,IE000EGGFVG6,PPC,PEET LTD,3.7101e-06,5452.85
2026-05-28,IE000EGGFVG6,PRU,PERSEUS MINING LTD,8.17231e-05,120111.33
2026-05-28,IE000EGGFVG6,MLX,METALS X LTD,6.72581e-05,98851.56
2026-05-28,IE000EGGFVG6,DXS,DEXUS/AU,3.7067e-05,54478.67
2026-05-28,IE000EGGFVG6,GMG,GOODMAN GROUP,0.0004001208,588071.65
2026-05-28,IE000EGGFVG6,LYL,LYCOPODIUMLTD,2.3903e-06,3513.18
2026-05-28,IE000EGGFVG6,SSM,SERVICE STREAM LTD,2.32592e-05,34184.84
2026-05-28,IE000EGGFVG6,NEU,NEUREN PHARMACEUTICALS LTD,1.45759e-05,21422.75
2026-05-28,IE000EGGFVG6,MSB,MESOBLASTLTD,1.71176e-05,25158.28
2026-05-28,IE000EGGFVG6,MTS,METCASH LTD,5.19789e-05,76395.26
2026-05-28,IE000EGGFVG6,SEK,SEEK LTD,5.96052e-05,87603.83
2026-05-28,IE000EGGFVG6,BMN,BANNERMANENERGY LTD,1.6183e-06,2378.54
2026-05-28,IE000EGGFVG6,DMP,DOMINO S PIZZA ENTERPRISES L,5.86706e-05,86230.2
2026-05-28,IE000EGGFVG6,SGM,SIMS LTD,9.00229e-05,132309.83
2026-05-28,IE000EGGFVG6,PPS,PRAEMIUM LTD,9.263e-07,1361.46
2026-05-28,IE000EGGFVG6,AEE,AURA ENERGY LTD,4.26e-07,626.13
2026-05-28,IE000EGGFVG6,CHC,CHARTER HALL GROUP,4.42951e-05,65102.03
2026-05-28,IE000EGGFVG6,CYL,CATALYST METALS LTD,4.14839e-05,60970.41
2026-05-28,IE000EGGFVG6,MIN,MINERAL RESOURCES LTD,0.0003927667,577263.14
2026-05-28,IE000EGGFVG6,EHL,EMECO HOLDINGS LTD,9.4395e-06,13873.57
2026-05-28,IE000EGGFVG6,AMA,AMA GROUPLTD,2.2906e-06,3366.54
2026-05-28,IE000EGGFVG6,BXB,BRAMBLES LTD,0.0002369093,348193.96
2026-05-28,IE000EGGFVG6,SVL,SILVER MINES LTD,1.4283e-06,2099.25
2026-05-28,IE000EGGFVG6,BCI,BCI MINERALS LTD,3.4686e-06,5097.89
2026-05-28,IE000EGGFVG6,QUB,QUBE HOLDINGS LTD,2.96466e-05,43572.72
2026-05-28,IE000EGGFVG6,EOL,ENERGY ONELTD,6.671e-07,980.49
2026-05-28,IE000EGGFVG6,BOE,BOSS ENERGY LTD,5.0023e-06,7352.08
2026-05-28,IE000EGGFVG6,WHC,WHITEHAVENCOAL LTD,0.0002325652,341809.29
2026-05-28,IE000EGGFVG6,GOZ,GROWTHPOINT PROPERTIES AUSTR,1.7497e-06,2571.61
2026-05-28,IE000EGGFVG6,GMD,GENESIS MINERALS LTD,6.23763e-05,91676.71
2026-05-28,IE000EGGFVG6,SYR,SYRAH RESOURCES LTD,1.5426e-06,2267.28
2026-05-28,IE000EGGFVG6,NWH,NRW HOLDINGS LTD,4.43829e-05,65231.18
2026-05-28,IE000EGGFVG6,CEL,CHALLENGERGOLD LTD,1.9597e-06,2880.22
2026-05-28,IE000EGGFVG6,MQG,MACQUARIEGROUP LTD,0.0001890381,277836.0
2026-05-28,IE000EGGFVG6,NHF,NIB HOLDINGS LTD,5.62477e-05,82669.29
2026-05-28,IE000EGGFVG6,GEM,G8 EDUCATION LTD,9.785e-07,1438.1
2026-05-28,IE000EGGFVG6,SXE,SOUTHERN CROSS ELECTRICAL,9.0976e-06,13371.06
2026-05-28,IE000EGGFVG6,BFG,BELL FINANCIAL GROUP LTD,2.15e-08,31.58
2026-05-28,IE000EGGFVG6,HAS,HASTINGS TECHNOLOGY METALS L,4.878e-07,716.96
2026-05-28,IE000EGGFVG6,RNU,RENASCOR RESOURCES LTD,7.111e-07,1045.12
2026-05-28,IE000EGGFVG6,DDR,DICKER DATA LTD,2.94741e-05,43319.19
2026-05-28,IE000EGGFVG6,MYS,MYSTATE LTD,1.33811e-05,19666.67
2026-05-28,IE000EGGFVG6,WAF,WEST AFRICAN RESOURCES LTD,6.74556e-05,99141.92
2026-05-28,IE000EGGFVG6,SMR,STANMORE RESOURCES LTD,1.49271e-05,21938.86
2026-05-28,IE000EGGFVG6,CXO,CORE LITHIUM LTD,9.37e-08,137.65
2026-05-28,IE000EGGFVG6,MYR,MYER HOLDINGS LTD,3.3304e-06,4894.85
2026-05-28,IE000EGGFVG6,BGA,BEGA CHEESE LTD,3.40508e-05,50045.74
2026-05-28,IE000EGGFVG6,NXT,NEXTDC LTD,0.0003108919,456928.86
2026-05-28,IE000EGGFVG6,SXL,SOUTHERN CROSS MEDIA GROUP L,8.989e-07,1321.18
2026-05-28,IE000EGGFVG6,TWE,TREASURY WINE ESTATES LTD,2.83029e-05,41597.71
2026-05-28,IE000EGGFVG6,GNG,GR ENGINEERING SERVICES LTD,2.5321e-06,3721.5
2026-05-28,IE000EGGFVG6,CVW,CLEARVIEWWEALTH LTD,2.72e-08,39.96
2026-05-28,IE000EGGFVG6,CKF,COLLINS FOODS LTD,2.04377e-05,30038.0
2026-05-28,IE000EGGFVG6,EML,EML PAYMENTS LTD,1.15e-08,16.93
2026-05-28,IE000EGGFVG6,INA,INGENIA COMMUNITIES GROUP,1.32405e-05,19459.96
2026-05-28,IE000EGGFVG6,ALQ,ALS LTD,4.87424e-05,71638.47
2026-05-28,IE000EGGFVG6,AZJ,AURIZON HOLDINGS LTD,0.0001311195,192711.02
2026-05-28,IE000EGGFVG6,XRO,XERO LTD,3.33051e-05,48949.67
2026-05-28,IE000EGGFVG6,ARF,ARENA REIT,4.7744e-06,7017.13
2026-05-28,IE000EGGFVG6,SPZ,SMART PARKING LTD,2.68e-07,393.95
2026-05-28,IE000EGGFVG6,SDF,STEADFASTGROUP LTD,5.31148e-05,78064.63
2026-05-28,IE000EGGFVG6,SSG,SHAVER SHOP GROUP LTD,2.29e-08,33.72
2026-05-28,IE000EGGFVG6,PNI,PINNACLE INVESTMENT MANAGEME,1.47214e-05,21636.55
2026-05-28,IE000EGGFVG6,AX1,ACCENT GROUP LTD,4.99e-08,73.36
2026-05-28,IE000EGGFVG6,COG,COG FINANCIAL SERVICES LTD,1.4545e-06,2137.73
2026-05-28,IE000EGGFVG6,HUB,HUB24 LTD,4.67554e-05,68718.02
2026-05-28,IE000EGGFVG6,CLW,CHARTER HALL LONG WALE REIT,2.07896e-05,30555.28
2026-05-28,IE000EGGFVG6,IEL,IDP EDUCATION LTD,6.1911e-06,9099.32
2026-05-28,IE000EGGFVG6,TTM,TITAN MINERALS LTD,9.948e-07,1462.13
2026-05-28,IE000EGGFVG6,CMM,CAPRICORNMETALS LTD,5.04353e-05,74126.48
2026-05-28,IE000EGGFVG6,EVT,EVT LTD,2.14516e-05,31528.14
2026-05-28,IE000EGGFVG6,FDV,FRONTIER DIGITAL VENTURES LT,1.33e-08,19.56
2026-05-28,IE000EGGFVG6,STM,SUNSTONE METALS LTD,2.966e-07,435.88
2026-05-28,IE000EGGFVG6,IVZ,INVICTUS ENERGY LTD,8.046e-07,1182.52
2026-05-28,IE000EGGFVG6,ACF,ACROW LTD,1.9021e-06,2795.53
2026-05-28,IE000EGGFVG6,GDG,GENERATIONDEVELOPMENT GROUP,4.26181e-05,62637.26
2026-05-28,IE000EGGFVG6,WGN,WAGNERS HOLDING CO LTD,2.738e-06,4024.09
2026-05-28,IE000EGGFVG6,JMS,JUPITER MINES LTD,2.429e-06,3569.93
2026-05-28,IE000EGGFVG6,NWL,NETWEALTHGROUP LTD,3.14319e-05,46196.57
2026-05-28,IE000EGGFVG6,PPE,PEOPLEIN LTD,1.51e-08,22.12
2026-05-28,IE000EGGFVG6,TLX,TELIX PHARMACEUTICALS LTD,7.3282e-06,10770.57
2026-05-28,IE000EGGFVG6,IMM,IMMUTEP LTD,3.94e-07,579.12
2026-05-28,IE000EGGFVG6,OFX,OFX GROUPLTD,6.32e-08,92.9
2026-05-28,IE000EGGFVG6,SRG,SRG GLOBALLTD,2.10987e-05,31009.44
2026-05-28,IE000EGGFVG6,BC8,BLACK CATSYNDICATE LTD,9.4388e-06,13872.47
2026-05-28,IE000EGGFVG6,CVL,CIVMEC LTD,3.3357e-06,4902.62
2026-05-28,IE000EGGFVG6,HLS,HEALIUS LTD,2.1484e-06,3157.62
2026-05-28,IE000EGGFVG6,STN,SATURN METALS LTD,5.485e-07,806.21
2026-05-28,IE000EGGFVG6,GLN,GALAN LITHIUM LTD,2.7047e-06,3975.17
2026-05-28,IE000EGGFVG6,NEC,NINE ENTERTAINMENT CO HOLDIN,1.656e-07,243.36
2026-05-28,IE000EGGFVG6,FEX,FENIX RESOURCES LTD,9.572e-07,1406.79
2026-05-28,IE000EGGFVG6,RMC,RESIMAC GROUP LTD,1.32e-08,19.33
2026-05-28,IE000EGGFVG6,HLO,HELLOWORLDTRAVEL LTD,7.137e-07,1048.88
2026-05-28,IE000EGGFVG6,ORA,ORORA LTD,4.22667e-05,62120.87
2026-05-28,IE000EGGFVG6,GDI,GDI PROPERTY GROUP,1.9e-08,27.92
2026-05-28,IE000EGGFVG6,CQE,CHARTER HALL SOCIAL INFRASTR,2.5308e-06,3719.56
2026-05-28,IE000EGGFVG6,MAD,MADER GROUP LTD,2.6925e-06,3957.31
2026-05-28,IE000EGGFVG6,CYM,CYPRIUM METALS LTD,7.686e-07,1129.71
2026-05-28,IE000EGGFVG6,BET,BETMAKERSTECHNOLOGY GROUP L,1.65e-08,24.31
2026-05-28,IE000EGGFVG6,SGLLV,RICEGROWERS LIMITED,4.9434e-06,7265.42
2026-05-28,IE000EGGFVG6,DRR,DETERRA ROYALTIES LTD,1.81075e-05,26613.24
2026-05-28,IE000EGGFVG6,RDY,READYTECHHOLDINGS LTD,3.36e-07,493.88
2026-05-28,IE000EGGFVG6,LOT,LOTUS RESOURCES LTD,1.9847e-06,2916.96
2026-05-28,IE000EGGFVG6,A1M,AIC MINESLTD,1.9765e-06,2904.96
2026-05-28,IE000EGGFVG6,OBM,ORA BANDAMINING LTD,1.73938e-05,25564.29
2026-05-28,IE000EGGFVG6,DUR,DURATEC LTD,3.38e-08,49.65
2026-05-28,IE000EGGFVG6,COF,CENTURIA OFFICE REIT,2.11e-08,31.06
2026-05-28,IE000EGGFVG6,CBO,COBRAM ESTATE OLIVES LTD,6.1423e-06,9027.6
2026-05-28,IE000EGGFVG6,BLX,BEACON LIGHTING GROUP LTD,1.21e-08,17.73
2026-05-28,IE000EGGFVG6,VUL,VULCAN ENERGY RESOURCES LTD,5.9025e-06,8675.07
2026-05-28,IE000EGGFVG6,TYR,TYRO PAYMENTS LTD,3.5429e-06,5207.14
2026-05-28,IE000EGGFVG6,DUG,DUG TECHNOLOGY LTD,1.1011e-06,1618.33
2026-05-28,IE000EGGFVG6,BAP,BAPCOR LTD,1.8471e-06,2714.75
2026-05-28,IE000EGGFVG6,MGH,MAAS GROUPHOLDINGS LTD,2.03737e-05,29944.01
2026-05-28,IE000EGGFVG6,AEL,AMPLITUDEENERGY LTD,1.33545e-05,19627.51
2026-05-28,IE000EGGFVG6,LFG,LIBERTY FINANCIAL GROUP,1.21e-08,17.79
2026-05-28,IE000EGGFVG6,SDR,SITEMINDERLTD,7.4076e-06,10887.18
2026-05-28,IE000EGGFVG6,SCG,SCENTRE GROUP,0.0001026758,150906.27
2026-05-28,IE000EGGFVG6,ABB,AUSSIE BROADBAND LTD,2.34872e-05,34519.95
2026-05-28,IE000EGGFVG6,TOR,TORQUE METALS LTD,6.422e-07,943.86
2026-05-28,IE000EGGFVG6,ALD,AMPOL LTD,9.39913e-05,138142.3
2026-05-28,IE000EGGFVG6,TUA,TUAS LTD,3.7582e-06,5523.5
2026-05-28,IE000EGGFVG6,OBL,OMNI BRIDGEWAY LTD,4.5912e-06,6747.9
2026-05-28,IE000EGGFVG6,CEH,COAST ENTERTAINMENT HOLDINGS,6.593e-07,969.07
2026-05-28,IE000EGGFVG6,TPG,TPG TELECOM LTD,6.8471e-06,10063.36
2026-05-28,IE000EGGFVG6,PPM,PEPPER MONEY LTD/AU,2.2457e-06,3300.52
2026-05-28,IE000EGGFVG6,UNI,UNIVERSALSTORE HOLDINGS LTD,2.5695e-06,3776.46
2026-05-28,IE000EGGFVG6,GNP,GENUSPLUSGROUP LTD,3.4143e-06,5018.19
2026-05-28,IE000EGGFVG6,PXA,PEXA GROUPLTD,1.91972e-05,28214.83
2026-05-28,IE000EGGFVG6,RPL,REGAL PARTNERS LTD,3.046e-06,4476.78
2026-05-28,IE000EGGFVG6,VSL,VULCAN STEEL LTD,2.5295e-06,3717.76
2026-05-28,IE000EGGFVG6,SKS,SKS TECHNOLOGIES GROUP LTD,3.8361e-06,5638.02
2026-05-28,IE000EGGFVG6,MVF,MONASH IVFGROUP LTD,2.3385e-06,3437.03
2026-05-28,IE000EGGFVG6,ASM,AUSTRALIANSTRATEGIC MATERIA,1.4323e-06,2105.14
2026-05-28,IE000EGGFVG6,JDO,JUDO CAPITAL HOLDINGS LTD,5.2579e-05,77277.2
2026-05-28,IE000EGGFVG6,NXL,NUIX LTD,1.4885e-06,2187.76
2026-05-28,IE000EGGFVG6,ACL,AUSTRALIANCLINICAL LABS LTD,2.4675e-06,3626.5
2026-05-28,IE000EGGFVG6,WC8,WILDCAT RESOURCES LTD,7.81e-08,114.77
2026-05-28,IE000EGGFVG6,STK,STRICKLANDMETALS LTD,1.5e-08,22.04
2026-05-28,IE000EGGFVG6,LFS,LATITUDE GROUP HOLDINGS LTD,7.626e-07,1120.81
2026-05-28,IE000EGGFVG6,PWR,PETER WARREN AUTOMOTIVE HOLD,4.435e-07,651.79
2026-05-28,IE000EGGFVG6,QPM,QPM ENERGYLTD,1.88e-08,27.7
2026-05-28,IE000EGGFVG6,FPR,FLEETPARTNERS GROUP LTD,2.40722e-05,35379.8
2026-05-28,IE000EGGFVG6,CTT,CETTIRE LTD,1.695e-07,249.18
2026-05-28,IE000EGGFVG6,SIQ,SMARTGROUPCORP LTD,2.95267e-05,43396.5
2026-05-28,IE000EGGFVG6,HDN,HOMECO DAILY NEEDS REIT,2.12192e-05,31186.56
2026-05-28,IE000EGGFVG6,BTR,BRIGHTSTARRESOURCES LTD,8.402e-07,1234.81
2026-05-28,IE000EGGFVG6,HPG,HIPAGES GROUP HOLDINGS LTD,2.455e-07,360.86
2026-05-28,IE000EGGFVG6,CCR,CREDIT CLEAR LTD,4.713e-07,692.69
2026-05-28,IE000EGGFVG6,FHE,FRONTIER ENERGY LTD,4.132e-07,607.31
2026-05-28,IE000EGGFVG6,HCW,HEALTHCO REIT,1.96e-08,28.83
2026-05-28,IE000EGGFVG6,GL1,GLOBAL LITHIUM RESOURCES LTD,4.65e-07,683.4
2026-05-28,IE000EGGFVG6,DBI,DALRYMPLEBAY INFRASTRUCTURE,3.07021e-05,45123.95
2026-05-28,IE000EGGFVG6,BVR,BELLAVISTARESOURCES LTD,2.86e-08,42.0
2026-05-28,IE000EGGFVG6,29M,29METALS LTD,3.29e-06,4835.41
2026-05-28,IE000EGGFVG6,TLC,LOTTERY CORP LTD/THE,9.69318e-05,142464.07
2026-05-28,IE000EGGFVG6,SVR,SOLVAR LTD,8.06e-08,118.53
2026-05-28,IE000EGGFVG6,VNT,VENTIA SERVICES GROUP PTY LT,7.44237e-05,109383.17
2026-05-28,IE000EGGFVG6,DVP,DEVELOP GLOBAL LTD,2.89782e-05,42590.29
2026-05-28,IE000EGGFVG6,EDV,ENDEAVOURGROUP LTD/AUSTRALI,3.84036e-05,56443.16
2026-05-28,IE000EGGFVG6,HCH,HOT CHILILTD,1.3043e-06,1917.01
2026-05-28,IE000EGGFVG6,DXI,DEXUS INDUSTRIA REIT,1.8538e-06,2724.61
2026-05-28,IE000EGGFVG6,IPG,IPD GROUPLTD,3.1391e-06,4613.62
2026-05-28,IE000EGGFVG6,RGN,REGION GROUP,2.32179e-05,34124.1
2026-05-28,IE000EGGFVG6,FFM,FIREFLY METALS LTD,1.5989e-06,2349.91
2026-05-28,IE000EGGFVG6,DXC,DEXUS CONVENIENCE RETAIL REI,1.54e-08,22.57
2026-05-28,IE000EGGFVG6,C79,CHRYSOS CORP LTD,1.18e-08,17.3
2026-05-28,IE000EGGFVG6,RDX,REDOX LTD/AUSTRALIA,3.2157e-06,4726.22
2026-05-28,IE000EGGFVG6,AOV,AMOTIV LTD,1.14178e-05,16781.15
2026-05-28,IE000EGGFVG6,EVO,EMBARK EARLY EDUCATION LTD,3.999e-07,587.73
2026-05-28,IE000EGGFVG6,ABG,ABACUS GROUP,1.3504e-06,1984.79
2026-05-28,IE000EGGFVG6,ASK,ABACUS STORAGE KING,1.9618e-06,2883.36
2026-05-28,IE000EGGFVG6,SGH,SGH LTD,7.2442e-05,106470.5
2026-05-28,IE000EGGFVG6,TEA,TASMEA LTD,9.578e-06,14077.11
2026-05-28,IE000EGGFVG6,MPL,MEDIBANK PRIVATE LTD,6.70568e-05,98555.72
2026-05-28,IE000EGGFVG6,IPH,IPH LTD,3.17193e-05,46618.91
2026-05-28,IE000EGGFVG6,VAU,VAULT MINERALS LTD,0.000190318,279717.11
2026-05-28,IE000EGGFVG6,AGL,AGL ENERGYLTD,4.40689e-05,64769.56
2026-05-28,IE000EGGFVG6,OML,OOH MEDIALTD,6.8073e-06,10005.0
2026-05-28,IE000EGGFVG6,WJL,WEBJET GROUP LTD,1.37e-08,20.18
2026-05-28,IE000EGGFVG6,LOV,LOVISA HOLDINGS LTD,2.31003e-05,33951.28
2026-05-28,IE000EGGFVG6,MMI,METRO MINING LTD,1.5965e-05,23464.34
2026-05-28,IE000EGGFVG6,APX,APPEN LTD,4.6159e-06,6784.14
2026-05-28,IE000EGGFVG6,GGP,GREATLANDRESOURCES LTD,6.70852e-05,98597.5
2026-05-28,IE000EGGFVG6,BTL,BEETALOO ENERGY AUSTRALIA LT,2.25e-08,33.04
2026-05-28,IE000EGGFVG6,DNL,DYNO NOBELLTD,0.0001047773,153994.93
2026-05-28,IE000EGGFVG6,CAR,CAR GROUPLTD,5.53158e-05,81299.64
2026-05-28,IE000EGGFVG6,S32,SOUTH32 LTD,0.0001467754,215721.02
2026-05-28,IE000EGGFVG6,AFG,AUSTRALIANFINANCE GROUP LTD,2.6375e-06,3876.39
2026-05-28,IE000EGGFVG6,VCX,VICINITY CENTRES,4.80784e-05,70662.49
2026-05-28,IE000EGGFVG6,SLC,SUPERLOOPLTD,3.01532e-05,44317.19
2026-05-28,IE000EGGFVG6,VEA,VIVA ENERGY GROUP LTD,0.0001147114,168595.4
2026-05-28,IE000EGGFVG6,BBN,BABY BUNTING GROUP LTD,1.3452e-06,1977.16
2026-05-28,IE000EGGFVG6,KPG,KELLY PARTNERS GROUP HOLDING,7.4e-09,10.87
2026-05-28,IE000EGGFVG6,IDX,INTEGRAL DIAGNOSTICS LTD,5.0127e-06,7367.3
2026-05-28,IE000EGGFVG6,WGX,WESTGOLD RESOURCES LTD,0.0001059424,155707.25
2026-05-28,IE000EGGFVG6,VYS,VYSARN LTD,8.481e-07,1246.48
2026-05-28,IE000EGGFVG6,COL,COLES GROUP LTD,0.0004750159,698147.75
2026-05-28,IE000EGGFVG6,ADH,ADAIRS LTD,4.84e-08,71.11
2026-05-28,IE000EGGFVG6,KGN,KOGAN.COMLTD,2.2055e-06,3241.56
2026-05-28,IE000EGGFVG6,NVX,NOVONIX LTD,7.493e-07,1101.23
2026-05-28,IE000EGGFVG6,BOT,BOTANIX PHARMACEUTICALS LTD,5.1e-09,7.5
2026-05-28,IE000EGGFVG6,PWH,PWR HOLDINGS LTD,3.9843e-06,5855.81
2026-05-28,IE000EGGFVG6,MP1,MEGAPORT LTD,3.00271e-05,44131.94
2026-05-28,IE000EGGFVG6,NIC,NICKEL INDUSTRIES LTD,4.02221e-05,59115.9
2026-05-28,IE000EGGFVG6,WTC,WISETECH GLOBAL LTD,1.86855e-05,27462.72
2026-05-28,IE000EGGFVG6,AIS,AERIS RESOURCES LTD,2.9608e-06,4351.57
2026-05-28,IE000EGGFVG6,AD8,AUDINATE GROUP LTD,1.106e-06,1625.47
2026-05-28,IE000EGGFVG6,ING,INGHAMS GROUP LTD,8.1098e-06,11919.2
2026-05-28,IE000EGGFVG6,HLG,HALLENSTEIN GLASSON HOLDINGS,2.3996e-06,3526.83
2026-05-28,IE000EGGFVG6,PCT,PRECINCT PROPERTIES GROUP,1.09774e-05,16133.83
2026-05-28,IE000EGGFVG6,CEN,CONTACT ENERGY LTD,6.49958e-05,95526.64
2026-05-28,IE000EGGFVG6,EBO,EBOS GROUPLIMITED,1.67557e-05,24626.5
2026-05-28,IE000EGGFVG6,RYM,RYMAN HEALTHCARE LTD,2.31256e-05,33988.48
2026-05-28,IE000EGGFVG6,VHP,VITAL HEALTHCARE PROPERTY TR,8.749e-06,12858.71
2026-05-28,IE000EGGFVG6,ATM,A2 MILK COLTD,1.75978e-05,25864.11
2026-05-28,IE000EGGFVG6,GNZ,GOODMAN NEW ZEALAND LTD + GO,5.9533e-06,8749.77
2026-05-28,IE000EGGFVG6,FPH,FISHER + PAYKEL HEALTHCARE C,0.0001315167,193294.72
2026-05-28,IE000EGGFVG6,FBU,FLETCHER BUILDING LTD,2.31858e-05,34077.02
2026-05-28,IE000EGGFVG6,AIR,AIR NEW ZEALAND LTD,6.181e-06,9084.43
2026-05-28,IE000EGGFVG6,IFT,INFRATIL LTD,8.36443e-05,122935.05
2026-05-28,IE000EGGFVG6,SKL,SKELLERUPHOLDINGS LTD,6.2075e-06,9123.35
2026-05-28,IE000EGGFVG6,MFT,MAINFREIGHT LTD,3.21012e-05,47180.33
2026-05-28,IE000EGGFVG6,NZX,NZX LTD,2.17e-06,3189.35
2026-05-28,IE000EGGFVG6,CHI,CHANNEL INFRASTRUCTURE NZ LT,1.54746e-05,22743.59
2026-05-28,IE000EGGFVG6,FRW,FREIGHTWAYS GROUP LTD,1.87726e-05,27590.76
2026-05-28,IE000EGGFVG6,PFI,PROPERTY FOR INDUSTRY LTD,3.0117e-06,4426.45
2026-05-28,IE000EGGFVG6,PEB,PACIFIC EDGE LTD,5.789e-07,850.83
2026-05-28,IE000EGGFVG6,SAN,SANFORD LIMITED,2.8098e-06,4129.64
2026-05-28,IE000EGGFVG6,SKC,SKYCITY ENTERTAINMENT GROUP,3.1856e-06,4682.01
2026-05-28,IE000EGGFVG6,SPK,SPARK NEWZEALAND LTD,3.68369e-05,54140.46
2026-05-28,IE000EGGFVG6,TRA,TURNERS AUTOMOTIVE GROUP LTD,2.1504e-06,3160.48
2026-05-28,IE000EGGFVG6,CNU,CHORUS LTD,4.30171e-05,63223.71
2026-05-28,IE000EGGFVG6,SUM,SUMMERSETGROUP HOLDINGS LTD,2.99203e-05,43974.89
2026-05-28,IE000EGGFVG6,ARG,ARGOSY PROPERTY LTD,2.7871e-06,4096.36
2026-05-28,IE000EGGFVG6,MCY,MERCURY NZLTD,2.53464e-05,37252.43
2026-05-28,IE000EGGFVG6,SCL,SCALES CORP LTD,6.3673e-06,9358.28
2026-05-28,IE000EGGFVG6,SKT,SKY NETWORK TELEVISION LTD,1.05459e-05,15499.66
2026-05-28,IE000EGGFVG6,VCT,VECTOR LTD,6.1496e-06,9038.32
2026-05-28,IE000EGGFVG6,KMD,KATHMANDUHOLDINGS LTD,5.291e-07,777.61
2026-05-28,IE000EGGFVG6,TWR,TOWER LTD,3.9948e-06,5871.36
2026-05-28,IE000EGGFVG6,FSF,FONTERRA SHAREHOLDERS FUND,1.0702e-06,1572.96
2026-05-28,IE000EGGFVG6,NZM,NZME LTD,6.206e-07,912.15
2026-05-28,IE000EGGFVG6,OCA,OCEANIA HEALTHCARE LTD,2.7786e-06,4083.81
2026-05-28,IE000EGGFVG6,IPL,INVESTOREPROPERTY LTD,1.0445e-06,1535.13
2026-05-28,IE000EGGFVG6,SPG,STRIDE PROPERTY GROUP,1.6348e-06,2402.74
2026-05-28,IE000EGGFVG6,VGL,VISTA GROUP INTERNATIONAL LT,1.4744e-06,2166.99
2026-05-28,IE000EGGFVG6,HGH,HEARTLANDGROUP HOLDINGS LTD,1.83211e-05,26927.22
2026-05-28,IE000EGGFVG6,NPH,NAPIER PORT HOLDINGS LTD,3.03e-08,44.52
2026-05-28,IE000EGGFVG6,AIA,AUCKLAND INTL AIRPORT LTD,7.90589e-05,116195.73
2026-05-28,IE000EGGFVG6,GNE,GENESIS ENERGY LTD,3.01862e-05,44365.67
2026-05-28,IE000EGGFVG6,SKO,SERKO LTD,6e-10,0.95
2026-05-28,IE000EGGFVG6,GTK,GENTRACK GROUP LTD,2.94e-08,43.22
2026-05-28,IE000EGGFVG6,ERD,EROAD LTD,5.109e-07,750.83
2026-05-28,IE000EGGFVG6,KPG,KIWI PROPERTY GROUP LTD,7.8789e-06,11579.93
2026-05-28,IE000EGGFVG6,MEL,MERIDIAN ENERGY LTD,3.63628e-05,53443.67
2026-05-28,IE000EGGFVG6,POT,PORT OF TAURANGA LTD,9.2029e-06,13525.89
2026-05-28,IE000EGGFVG6,STE,SINGAPORETECH ENGINEERING,0.0002712539,398671.46
2026-05-28,IE000EGGFVG6,SAMU,SAMUDERA SHIPPING LINE LTD,2.1937e-06,3224.19
2026-05-28,IE000EGGFVG6,QAF,QAF LTD,6.332e-07,930.6
2026-05-28,IE000EGGFVG6,INNOT,INNOTEK LTD,3.651e-07,536.58
2026-05-28,IE000EGGFVG6,HLA,HONG LEONGASIA LTD,3.2234e-06,4737.58
2026-05-28,IE000EGGFVG6,TSE,TAI SIN ELECTRIC LTD,6.971e-07,1024.6
2026-05-28,IE000EGGFVG6,CSE,CSE GLOBALLTD,5.6623e-06,8322.11
2026-05-28,IE000EGGFVG6,GGR,GOLDEN AGRI RESOURCES LTD,1.7441e-05,25633.68
2026-05-28,IE000EGGFVG6,DBS,DBS GROUPHOLDINGS LTD,0.0006997501,1028447.45
2026-05-28,IE000EGGFVG6,CIT,CITY DEVELOPMENTS LTD,6.06695e-05,89168.1
2026-05-28,IE000EGGFVG6,HOBEE,HO BEE LAND LTD,1.7908e-06,2631.99
2026-05-28,IE000EGGFVG6,BOCS,BOUSTEAD SINGAPORE LTD,5.2285e-06,7684.47
2026-05-28,IE000EGGFVG6,METRO,METRO HOLDINGS LTD,7.848e-07,1153.45
2026-05-28,IE000EGGFVG6,FEH,FOOD EMPIRE HOLDINGS LTD,3.799e-06,5583.58
2026-05-28,IE000EGGFVG6,JCNC,JARDINE CYCLE + CARRIAGE LTD,1.60265e-05,23554.76
2026-05-28,IE000EGGFVG6,STL,STAMFORD LAND CORP LTD,1.8092e-06,2659.02
2026-05-28,IE000EGGFVG6,SATS,SATS LTD,7.2911e-06,10715.97
2026-05-28,IE000EGGFVG6,SIE,SIA ENGINEERING CO LTD,1.65574e-05,24334.95
2026-05-28,IE000EGGFVG6,HFC,HONG FOK CORP LTD,2.1196e-06,3115.31
2026-05-28,IE000EGGFVG6,UOBK,UOB KAY HIAN HOLDINGS LTD,1.03019e-05,15141.0
2026-05-28,IE000EGGFVG6,SGX,SINGAPOREEXCHANGE LTD,0.0001440469,211710.79
2026-05-28,IE000EGGFVG6,UMSH,UMS INTEGRATION LTD,9.6415e-06,14170.45
2026-05-28,IE000EGGFVG6,GBY,GRAND BANKS YACHTS LTD,5.556e-07,816.62
2026-05-28,IE000EGGFVG6,HPAR,HAW PAR CORP LTD,2.80179e-05,41178.91
2026-05-28,IE000EGGFVG6,CICT,CAPITALANDINTEGRATED COMMER,0.0001357357,199495.53
2026-05-28,IE000EGGFVG6,TSH,TUAN SINGHOLDINGS LTD,8.528e-07,1253.33
2026-05-28,IE000EGGFVG6,TMG,THOMSON MEDICAL GROUP LTD,7.044e-07,1035.26
2026-05-28,IE000EGGFVG6,OKP,OKP HOLDINGS LTD,1.0903e-06,1602.5
2026-05-28,IE000EGGFVG6,CLAR,CAPITALANDASCENDAS REIT,6.4115e-05,94232.15
2026-05-28,IE000EGGFVG6,ASL,ASL MARINEHOLDINGS LTD,7.43e-07,1091.96
2026-05-28,IE000EGGFVG6,CD,COMFORTDELGRO CORP LTD,2.43889e-05,35845.22
2026-05-28,IE000EGGFVG6,SPOST,SINGAPOREPOST LTD,2.3038e-06,3385.94
2026-05-28,IE000EGGFVG6,FEOR,FAR EAST ORCHARD LTD,1.8057e-06,2653.92
2026-05-28,IE000EGGFVG6,PAN,PAN UNITEDCORP LTD,2.4288e-06,3569.64
2026-05-28,IE000EGGFVG6,GUOL,GUOCOLANDLTD,1.68169e-05,24716.44
2026-05-28,IE000EGGFVG6,SIA,SINGAPOREAIRLINES LTD,0.0001902568,279627.13
2026-05-28,IE000EGGFVG6,HLF,HONG LEONGFINANCE LTD,8.0266e-06,11796.96
2026-05-28,IE000EGGFVG6,STRTR,STRAITS TRADING CO LTD,1.7482e-06,2569.32
2026-05-28,IE000EGGFVG6,CENT,CENTURIONCORP LTD,1.4886e-06,2187.84
2026-05-28,IE000EGGFVG6,SPLG,SINGAPORELAND GROUP LTD,4.9609e-06,7291.24
2026-05-28,IE000EGGFVG6,UOB,UNITED OVERSEAS BANK LTD,0.0001948516,286380.23
2026-05-28,IE000EGGFVG6,UOL,UOL GROUPLTD,5.01497e-05,73706.73
2026-05-28,IE000EGGFVG6,UOI,UNITED OVERSEAS INSURANCE,4.37e-07,642.33
2026-05-28,IE000EGGFVG6,VMS,VENTURE CORP LTD,5.70176e-05,83800.72
2026-05-28,IE000EGGFVG6,WINGT,WING TAI HOLDINGS LTD,2.4623e-06,3618.99
2026-05-28,IE000EGGFVG6,GENS,GENTING SINGAPORE LTD,3.25999e-05,47913.23
2026-05-28,IE000EGGFVG6,MINT,MAPLETREEINDUSTRIAL TRUST,2.8124e-05,41334.81
2026-05-28,IE000EGGFVG6,MPACT,MAPLETREEPAN ASIA COM TRUST,2.26077e-05,33227.32
2026-05-28,IE000EGGFVG6,HG,HOUR GLASSLTD/THE,1.56396e-05,22986.05
2026-05-28,IE000EGGFVG6,KDCREIT,KEPPEL DCREIT,3.13671e-05,46101.35
2026-05-28,IE000EGGFVG6,IFAST,IFAST CORPLTD,2.31524e-05,34027.89
2026-05-28,IE000EGGFVG6,FLT,FRASERS LOGISTICS + COMMERCI,2.45354e-05,36060.61
2026-05-28,IE000EGGFVG6,AZTECH,AZTECH GLOBAL LTD,1.4102e-06,2072.69
2026-05-28,IE000EGGFVG6,EREIT,ESR REIT,4.8e-06,7054.68
2026-05-28,IE000EGGFVG6,ST,SINGAPORETELECOMMUNICATIONS,0.000135708,199454.8
2026-05-28,IE000EGGFVG6,DELFI,DELFI LTD,2.7054e-06,3976.19
2026-05-28,IE000EGGFVG6,SUN,SUNTEC REIT,9.4155e-06,13838.32
2026-05-28,IE000EGGFVG6,FRKN,FRENCKEN GROUP LTD,8.7568e-06,12870.12
2026-05-28,IE000EGGFVG6,SCI,SEMBCORP INDUSTRIES LTD,8.27314e-05,121593.3
2026-05-28,IE000EGGFVG6,MLT,MAPLETREELOGISTICS TRUST,2.7106e-05,39838.62
2026-05-28,IE000EGGFVG6,OCBC,OVERSEA CHINESE BANKING CORP,0.0004838722,711164.05
2026-05-28,IE000EGGFVG6,SGREIT,STARHILL GLOBAL REIT,2.7595e-06,4055.69
2026-05-28,IE000EGGFVG6,ISDN,ISDN HOLDINGS LTD,8.994e-07,1321.87
2026-05-28,IE000EGGFVG6,COS,COSCO SHIPPING INTERNATIONAL,1.9768e-06,2905.31
2026-05-28,IE000EGGFVG6,CAO,CHINA AVIATION OIL SINGAPORE,1.72343e-05,25329.79
2026-05-28,IE000EGGFVG6,KREIT,KEPPEL REIT,2.21694e-05,32583.1
2026-05-28,IE000EGGFVG6,SING,SING HOLDINGS LIMITED,6.929e-07,1018.33
2026-05-28,IE000EGGFVG6,BTH,BANYAN TREE HOLDINGS LTD,8.81e-07,1294.85
2026-05-28,IE000EGGFVG6,WIL,WILMAR INTERNATIONAL LTD,4.89638e-05,71963.81
2026-05-28,IE000EGGFVG6,FCT,FRASERS CENTREPOINT TRUST,2.47129e-05,36321.48
2026-05-28,IE000EGGFVG6,CDREIT,CDL HOSPITALITY TRUSTS,2.1617e-06,3177.19
2026-05-28,IE000EGGFVG6,STH,STARHUB LTD,4.186e-06,6152.28
2026-05-28,IE000EGGFVG6,BS,BUKIT SEMBAWANG ESTATES LTD,3.8614e-06,5675.23
2026-05-28,IE000EGGFVG6,RSTON,RIVERSTONEHOLDINGS LTD,3.6975e-06,5434.36
2026-05-28,IE000EGGFVG6,RLS,RAFFLES EDUCATION LTD,4.04e-07,593.84
2026-05-28,IE000EGGFVG6,CLCT,CAPITALANDCHINA TRUST,2.647e-06,3890.41
2026-05-28,IE000EGGFVG6,KIT,KEPPEL INFRASTRUCTURE TRUST,2.58183e-05,37946.08
2026-05-28,IE000EGGFVG6,KSHH,KSH HOLDINGS LTD,3.784e-07,556.16
2026-05-28,IE000EGGFVG6,VALUE,VALUETRONICS HOLDINGS LTD,1.2759e-06,1875.29
2026-05-28,IE000EGGFVG6,KEP,KEPPEL LTD,0.0001045567,153670.68
2026-05-28,IE000EGGFVG6,YZJSGD,YANGZIJIANG SHIPBUILDING,0.000149576,219837.08
2026-05-28,IE000EGGFVG6,CLINT,CAPITALANDINDIA TRUST,1.95404e-05,28719.25
2026-05-28,IE000EGGFVG6,PREIT,PARKWAYLIFE REAL ESTATE,2.12124e-05,31176.56
2026-05-28,IE000EGGFVG6,MMT,MERMAID MARITIME PCL,8.357e-07,1228.26
2026-05-28,IE000EGGFVG6,MPM,MARCO POLOMARINE LTD,3.7122e-06,5455.9
2026-05-28,IE000EGGFVG6,FR,FIRST RESOURCES LTD,2.77493e-05,40784.11
2026-05-28,IE000EGGFVG6,WHUR,WEE HUR HOLDINGS LTD,1.8569e-06,2729.13
2026-05-28,IE000EGGFVG6,AAREIT,AIMS APACREIT,3.0316e-06,4455.59
2026-05-28,IE000EGGFVG6,SSG,SHENG SIONG GROUP LTD,2.7292e-05,40112.01
2026-05-28,IE000EGGFVG6,QNM,Q + M DENTAL GROUP SINGAPORE,1.0873e-06,1597.99
2026-05-28,IE000EGGFVG6,FEHT,FAR EAST HOSPITALITY TRUST,1.992e-06,2927.7
2026-05-28,IE000EGGFVG6,GERL,GEO ENERGYRESOURCES LTD,2.6089e-06,3834.4
2026-05-28,IE000EGGFVG6,OHL,OXLEY HOLDINGS LTD,3.626e-07,532.98
2026-05-28,IE000EGGFVG6,REXI,REX INTERNATIONAL HOLDING,3.529e-07,518.72
2026-05-28,IE000EGGFVG6,RFMD,RAFFLES MEDICAL GROUP LTD,1.81822e-05,26722.95
2026-05-28,IE000EGGFVG6,PROP,PROPNEX LTD,1.8025e-06,2649.23
2026-05-28,IE000EGGFVG6,SASSR,SASSEUR REAL ESTATE INVESTME,3.57e-08,52.48
2026-05-28,IE000EGGFVG6,NETLINK,NETLINK NBN TRUST,3.13413e-05,46063.37
2026-05-28,IE000EGGFVG6,CLAS,CAPITALANDASCOTT TRUST,2.28489e-05,33581.78
2026-05-28,IE000EGGFVG6,OUEREIT,OUE REAL ESTATE INVESTMENT T,2.7235e-06,4002.82
2026-05-28,IE000EGGFVG6,CSSC,CHINA SUNSINE CHEMICAL HLDGS,2.2329e-06,3281.76
2026-05-28,IE000EGGFVG6,LREIT,LENDLEASEGLOBAL COMMERCIAL,1.86059e-05,27345.71
2026-05-28,IE000EGGFVG6,NANO,NANOFILM TECHNOLOGIES INTERN,2.6425e-06,3883.75
2026-05-28,IE000EGGFVG6,CLI,CAPITALANDINVESTMENT LTD/SI,6.95787e-05,102262.25
2026-05-28,IE000EGGFVG6,OLG,OLAM GROUPLTD,2.77797e-05,40828.78
2026-05-28,IE000EGGFVG6,STM,SEATRIUM LTD,6.74271e-05,99099.97
2026-05-28,IE000EGGFVG6,CAREIT,CENTURIONACCOMMODATION REIT,1.084e-07,159.25
2026-05-28,IE000EGGFVG6,LHN,LHN LTD,1.2557e-06,1845.53
2026-05-28,IE000EGGFVG6,AEM,AEM HOLDINGS LTD,1.86115e-05,27353.91
2026-05-28,IE000EGGFVG6,BRC,BRC ASIA LTD,1.4742e-06,2166.69
2026-05-28,IE000EGGFVG6,TWC,TIONG WOONCORP HLDG LTD,9.604e-07,1411.56
